KEY,en,notes,sp,fr,de,it,pt-br,ru,ko,ja,zh
//weapons,,,,,,,,,,,
ITEM_22RIFLE_NAME,.22 Rifle,,Fusil calibre 22,Carabine .22,Kleinkaliber,Fucile .22,Rifle .22,,,.22ライフル,
ITEM_22RIFLE_DESC,Use: Fire a shot anywhere within your line of sight.,,Uso: Dispara un proyectil a cualquier parte del campo visual.,Utilisation&nbsp;: tire sur n'importe quelle cible dans votre ligne de mire.,Benutzen: Schieße auf ein Ziel in deiner Sichtlinie.,Uso: Spari un colpo in qualsiasi punto entro il tuo campo visivo.,Uso: realize um disparo em qualquer lugar dentro do seu campo de visão.,,,使用:視界内の​任意の​場所に​射撃する。[b][/b],
ITEM_ALIENBLASTER_NAME,Alien Blaster,,Desintegrador extraterrestre,Flingue extraterrestre,Alienblaster,Blaster Alieno,Blaster Alienígena,,,エイリアンブラスター,
ITEM_ALIENBLASTER_DESC,Use: A laser attack. Gains +1 damage for the rest of the battle each time it's used.,,Uso: Lanza un ataque láser. Obtiene +1 de daño durante el resto del combate cada vez que se dispara.,Utilisation&nbsp;: une attaque laser. Dégâts +1&nbsp;à chaque utilisation durant ce combat.,"Benutzen: Ein Laserangriff. Erhält für den Rest des Kampfes jedes Mal +1&nbsp;Schaden, wenn er benutzt wird.",Uso: Un attacco laser. Ottieni +1 al Danno per il resto della battaglia ogni volta che viene utilizzato.,Uso: um ataque a laser. Obtém +1 de dano pelo resto da batalha a cada vez que for usada.,,,使用:レーザー攻撃。​使用する​たびに​バトル中+1ダメージを​獲得。[b][/b],
ITEM_ALIENTECH_NAME,Alien Tech,,Tecnología extraterrestre,Technologie extraterrestre,Alientechnologie,Tecnologia Aliena,Tecnologia Alienígena,,,エイリアンテクノロジー,
ITEM_ALIENTECH_DESC,Use: Target an area. Unleash a hyper beam attack in that area at the start of your next turn.[s:.7](Usable once per battle.)[/s],,Uso: Marca como objetivo una zona y lanza un ataque con hiperrayo al inicio del siguiente turno.[s:.7](Disponible una vez por combate).[/s],Utilisation&nbsp;: lance une énorme attaque laser sur la zone sélectionnée au début de votre prochain tour.[s:.7](Utilisable 1&nbsp;fois par combat.)[/s],Benutzen: Wähle einen Zielbereich. Entfessle am Anfang deines nächsten Zuges einen Hyperstrahlangriff in diesem Bereich.[s:.7](Einmal pro Kampf verwendbar.)[/s],Uso: Seleziona un'area bersaglio. Scateni un attacco a iper-raggio in quell'area all'inizio del tuo prossimo turno.[s:.7](Utilizzabile una volta per battaglia.)[/s],Uso: mire em uma área. Libere um ataque de hiper raio nessa área no início do seu próximo turno.[s:.7](Um uso por batalha.)[/s],,,使用:エリアを​対象に​する。​次の​ターン開始時に​その​エリアに​ハイパービーム攻撃を​放つ。[s:.7](バトル中1回のみ​使用可能。)[/s],
ITEM_AMERICANFLAG_NAME,American Flag,,Barras y estrellas,Drapeau états-unien,Amerikaflagge,Bandiera Americana,Bandeira Americana,,,星条旗,
ITEM_AMERICANFLAG_DESC,Use: Force a unit to attack one of its enemies.[s:.7](Usable once per battle.)[/s],,Uso: Obliga a una unidad a atacar a uno de los enemigos.[s:.7](Disponible una vez por combate).[/s],Utilisation&nbsp;: contraint une unité à attaquer un de ses ennemis.[s:.7](Utilisable 1&nbsp;fois par combat.)[/s],"Benutzen: Zwinge eine Einheit, einen ihrer Gegner anzugreifen.[s:.7](Einmal pro Kampf verwendbar.)[/s]",Uso: Costringi un'unità ad attaccare uno dei suoi nemici.[s:.7](Utilizzabile una volta per battaglia.)[/s],Uso: force uma unidade a atacar um de seus inimigos.[s:.7](Um uso por batalha.)[/s],,,使用:ユニットに​敵を​攻撃させる。[s:.7](バトル中1回のみ​使用可能。)[/s],
ITEM_ANARCHISTCOOKBOOK_NAME,Anarchist Cookbook,,Recetario anarquista,B.a.-ba de l'anarchiste,Anarchist Cookbook,Ricettario Anarchico,Manual Anarquista,,,アナーキストの​料理本,
ITEM_ANARCHISTCOOKBOOK_DESC,Use: Summon 3-5 grenades that explode at the end of the round or when destroyed.,,Uso: Invoca 3-5 granadas que estallan al final de la ronda o cuando se destruyen.,Utilisation&nbsp;: fait apparaître 3&nbsp;à 5&nbsp;grenades qui explosent en fin de manche ou en étant détruites.,"Benutzen: Lasse 3&nbsp;– 5 Granaten erscheinen, die am Ende der Runde, oder wenn sie zerstört werden, explodieren.",Uso: Evochi 3-5 granate che esplodono alla fine del round o quando vengono distrutte.,Uso: invoque 3-5 granadas que explodem no final da rodada ou ao serem destruídas.,,,使用:ラウンド終了時または​破壊時に​爆発する​手榴弾を​3~5個召喚する。[b][/b],
ITEM_ANOINTINGOIL_NAME,Anointing Oil,,Óleo de los enfermos,Huile d'onction,Salböl,Olio da Unzione,Óleo de Unção,,,聖別の​オイル,
ITEM_ANOINTINGOIL_DESC,Use: Cleanse debuffs from an adjacent unit or yourself.[s:.7](Usable once per battle.)[/s],,Uso: Elimina las desventajas de esta unidad o de otra adyacente.[s:.7](Disponible una vez por combate).[/s],Utilisation&nbsp;: dissipe les malus d'une unité adjacente ou de vous-même.[s:.7](Utilisable 1&nbsp;fois par combat.)[/s],Benutzen: Reinige deine Schwächungen oder die einer benachbarten Einheit.[s:.7](Einmal pro Kampf verwendbar.)[/s],Uso: Rimuovi i malus da te o da un'unità adiacente.[s:.7](Utilizzabile una volta per battaglia.)[/s],Uso: purifique enfraquecimentos de si ou de uma unidade adjacente.[s:.7](Um uso por batalha.)[/s],,,使用:隣接ユニットまたは​自分の​デバフを​浄化する。[s:.7](バトル中1回のみ​使用可能。)[/s],
ITEM_BAGOFCHUM_NAME,Bag Of Chum,,Bolsa de cebo,Sac d'asticots,Ködertasche,Sacco di Pastura,Bolsa de Iscas,,,撒き餌袋,
ITEM_BAGOFCHUM_DESC,Use: Spawn a Charmed Maggot.,,Uso: Genera un gusano embrujado.,Utilisation&nbsp;: invoque un asticot envoûté.,Benutzen: Rufe eine freundliche Made.,Uso: Generi una Larva Ammaliata.,Uso: gere um verme enfeitiçado.,,,使用:魅了された​ウジを​生成する。[b][/b],
ITEM_BAGOFGLASS_NAME,Bag o' Glass,,Bolsa de cristales,Sac de verre,Scherbentasche,Sacco di Vetro,Saco de Vidro,,,ガラス袋,
ITEM_BAGOFGLASS_DESC,Use: Spawn Glass on an adjacent tile.5% chance to break when used.,,Uso: Genera cristales en una casilla adyacente.5 % de probabilidad de romperse al usarla.,Utilisation&nbsp;: fait apparaître du verre sur une case adjacente.5&nbsp;% de chances de se briser après utilisation.,Benutzen: Lasse auf einem benachbarten Feld Scherben erscheinen.Geht nach Benutzung mit 5%iger Wahrscheinlichkeit kaputt.,Uso: Generi Vetro su una casella adiacente.5% di probabilità di rompersi quando viene utilizzato.,Uso: gere vidro em um espaço adjacente.5% de chance de quebrar após o uso.,,,使用:隣接タイルに​ガラスを​生成する。​使用時に​5%の​確率で​壊れる。[b][/b],
ITEM_BAGOFGLITTER_NAME,Bag o' Glitter,,Bolsa de brillibrilli,Sac de paillettes,Glitzertasche,Sacco di Brillantini,Saco de Purpurina,,,キラキラ袋,
ITEM_BAGOFGLITTER_DESC,Use: Inflict Blind 2 on an adjacent unit.5% chance to break when used.,,Uso: Inflige 2 de ceguera a una unidad adyacente.5 % de probabilidad de romperse al usarla.,Utilisation&nbsp;: inflige Cécité +2&nbsp;à une unité adjacente.5&nbsp;% de chances de se briser après utilisation.,Benutzen: Verursache Blindheit&nbsp;2 bei einer benachbarten Einheit.Geht nach Benutzung mit 5%iger Wahrscheinlichkeit kaputt.,Uso: Infliggi Accecamento 2 a un'unità adiacente.5% di probabilità di rompersi quando viene utilizzato.,Uso: aplique cegueira 2 em uma unidade adjacente.5% de chance de quebrar após o uso.,,,使用:隣接ユニットに​盲目2を​付与する。​使用時に​5%の​確率で​壊れる。[b][/b],
ITEM_BAGOFMEAT_NAME,Bag o' Meat,,Bolsa de carne,Sac de viande,Fleischtasche,Sacco di Carne,Saco de Carne,,,肉袋,
ITEM_BAGOFMEAT_DESC,Use: Spawn Meat on an adjacent tile.5% chance to break when used.,,Uso: Genera carne en una casilla adyacente.5 % de probabilidad de romperse al usarla.,Utilisation&nbsp;: fait apparaître de la viande sur une case adjacente.5&nbsp;% de chances de se briser après utilisation.,Benutzen: Lasse auf einem benachbarten Feld Fleisch erscheinen.Geht nach Benutzung mit 5%iger Wahrscheinlichkeit kaputt.,Uso: Generi Carne su una casella adiacente.5% di probabilità di rompersi quando viene utilizzato.,Uso: gere carne em um espaço adjacente.5% de chance de quebrar após o uso.,,,使用:隣接タイルに​肉を​生成する。​使用時に​5%の​確率で​壊れる。[b][/b],
ITEM_BAGOFROCKS_NAME,Bag of Rocks,,Bolsa de rocas,Sac de pierres,Steintasche,Sacco di Rocce,Saco de Pedras,,,石袋,
ITEM_BAGOFROCKS_DESC,Use: A melee attack that inflicts Bruise.,,Uso: Lanza un ataque cuerpo a cuerpo que inflige moratón.,Utilisation&nbsp;: une attaque au corps-à-corps qui inflige Contusion.,"Benutzen: Ein Nahkampfangriff, der Beulen verursacht.",Uso: Un attacco corpo a corpo che infligge Livido.,Uso: um ataque corpo-a-corpo que aplica contusão.,,,使用:打撲を​付与する​近接攻撃。[b][/b],
ITEM_BAGOFSTUFF_NAME,Bag o' Stuff,,Bolsa de chismes,Sac mystère,Tasche mit Zeug,Sacco di Roba,Saco de Coisas,,,色々袋,
ITEM_BAGOFSTUFF_DESC,Use: Spawn a random pickup on an adjacent tile.5% chance to break when used.,,Uso: Genera un recogible al azar en una casilla adyacente.5 % de probabilidad de romperse al usarla.,Utilisation&nbsp;: fait apparaître une ressource aléatoire sur une case adjacente.5&nbsp;% de chances de se briser après utilisation.,Benutzen: Lasse auf einem benachbarten Feld einen zufälligen Gegenstand erscheinen.Geht nach Benutzung mit 5%iger Wahrscheinlichkeit kaputt.,Uso: Generi un oggetto casuale su una casella adiacente.5% di probabilità di rompersi quando viene utilizzato.,Uso: gere um coletável aleatório em um espaço adjacente.5% de chance de quebrar após o uso.,,,使用:隣接タイルに​ランダムな​ピックアップを​生成する。​使用時に​5%の​確率で​壊れる。[b][/b],
ITEM_BALLPEENHAMMER_NAME,Ball-Peen Hammer,,Martillo de bola,Marteau à panne ronde,Schlosserhammer,Martello a Penna Sferica,Martelo de Bola,,,球面ハンマー,
ITEM_BALLPEENHAMMER_DESC,"Use: A melee attack. If used on an ally, give +1 use to all of their items instead of dealing damage.5% chance to break when used to repair items.",,"Uso: Al lanzar este ataque cuerpo a cuerpo contra un aliado, otorga +1 uso a todos sus objetos en vez de infligir daño.5 % de probabilidad de romperse al usarlo para reparar objetos.","Utilisation&nbsp;: une attaque au corps-à-corps. Utilisé sur un allié, accorde Utilisation +1&nbsp;à tous ses objets au lieu d'infliger des dégâts.5&nbsp;% de chances de se briser après avoir été utilisé pour réparer des objets.","Benutzen. Ein Nahkampfangriff. Ist das Ziel ein Verbündeter, verleihe all seinen Gegenständen +1&nbsp;Anwendung statt Schaden zu verursachen.Geht nach Reparatur mit 5%iger Wahrscheinlichkeit kaputt.","Uso: Un attacco corpo a corpo. Se usato su un alleato, conferisce +1 utilizzo a tutti i suoi oggetti invece di infliggere danno.5% di probabilità di rompersi quando viene utilizzato per riparare oggetti.","Uso: um ataque corpo-a-corpo. Se utilizado em um aliado, concede +1 de todos os seus itens ao invés de causar dano.5% de chance de quebrar após o uso.",,,使用:近接攻撃。​味方に​使用すると​ダメージの​代わりに​全アイテムに​+1使用回数を​付与。​アイテム修理時に​5%の​確率で​壊れる。[b][/b],
ITEM_BARBEDPAW_NAME,Barbed Paw,,Pata de espino,Patoune barbelée,Dornentatze,Zampa Spinata,Pata Farpada,,,棘付き猫パンチ,
ITEM_BARBEDPAW_DESC,Use: A melee attack that inflicts Bleed 1.Passive: +1 Thorns.,,Uso: Lanza un ataque cuerpo a cuerpo que inflige 1 de hemorragia.Pasiva: +1 de espinas.,Utilisation&nbsp;: une attaque au corps-à-corps qui inflige Saignement +1.Passif&nbsp;: Épines +1.,"Benutzen: Ein Nahkampfangriff, der Blutung&nbsp;1 verursacht.Passiveffekt: +1&nbsp;Dornen.",Uso: Un attacco corpo a corpo che infligge Sanguinamento 1.Abilità Passiva: +1 Spine.,Uso: um ataque corpo-a-corpo que aplica sangramento 1.Passivo: +1 de espinhos.,,,使用:出血1を​付与する​近接攻撃。​パッシブ:+1棘。[b][/b],
ITEM_BATTERY_NAME,Battery,,Batería,Batterie,Batterie,Batteria,Pilha,,,バッテリー,
ITEM_BATTERY_DESC,Use: A ranged lightning attack with a 10% chance to Stun.,,Uso: Lanza un ataque relámpago a distancia con un 10 % de probabilidad de aturdir.,Utilisation&nbsp;: un éclair lancé à distance avec 10&nbsp;% de chances d'infliger Étourdissement.,"Benutzen: Ein Fernkampf-Blitzangriff, der mit 10%iger Wahrscheinlichkeit Betäubung verursacht.",Uso: Un attacco elettrico a distanza con un 10% di probabilità di infliggere Stordimento.,Uso: um ataque elétrico à distância com 10% de chance de atordoar.,,,使用:10%の​確率で​スタンさせる​遠距離雷撃。[b][/b],
ITEM_BATTLEAXE_NAME,Battle Axe,,Hacha de guerra,Hache de guerre,Streitaxt,Ascia da Battaglia,Machado de Batalha,,,バトルアックス,
ITEM_BATTLEAXE_DESC,Use: A melee spin attack.This uses up both your movement and attack action.,,Uso: Lanza un ataque giratorio cuerpo a cuerpo.Este objeto gasta la acción de movimiento y la de ataque.,Utilisation&nbsp;: une attaque au corps-à-corps tournoyante.Consomme à la fois votre action de déplacement et votre action d'attaque.,Benutzen: Ein Nahkampf-Wirbelangriff.Verbraucht deine Bewegungsaktion und deinen Angriff.,Uso: Un attacco rotante corpo a corpo.Consuma sia la tua azione di movimento che quella di attacco.,Uso: um ataque corpo-a-corpo giratório.Isto conta como sua ação de movimento e sua ação de ataque.,,,使用:近接回転攻撃。​移動と​攻撃アクションの​両方を​消費する。[b][/b],
ITEM_BEARTRAPS_NAME,Bear Traps,,Cepos para osos,Pièges à ours,Bärenfalle,Trappole per Orsi,Armadilhas de Urso,,,熊の​罠,
ITEM_BEARTRAPS_DESC,Use: Place a Bear Trap.,,Uso: Coloca un cepo para osos.,Utilisation&nbsp;: place un piège à ours.,Benutzen: Lege eine Bärenfalle.,Uso: Piazzi una Trappola per Orsi.,Uso: prepare uma armadilha de urso.,,,使用:熊の​罠を​設置する。,
ITEM_BENTSPOON_NAME,Bent Spoon,,Cuchara doblada,Cuillère tordue,Verbogener Löffel,Cucchiaio Piegato,Colher Dobrada,,,曲がった​スプーン,
ITEM_BENTSPOON_DESC,Use: Pull any unit 1 tile toward you and deal 1 damage to it.,,Uso: Atrae a cualquier unidad 1 casilla y le inflige 1 de daño.,Utilisation&nbsp;: tire n'importe quelle unité d'une case vers vous et lui infligez 1&nbsp;dégât.,Benutzen: Ziehe eine beliebige Einheit 1&nbsp;Feld an dich heran und füge ihr 1&nbsp;Schaden zu.,Uso: Tiri un'unità qualsiasi di 1 casella verso di te e le infliggi 1 danno.,Uso: puxe qualquer unidade 1 espaço na sua direção e cause 1 de dano a ela.,,,使用:任意の​ユニットを​1タイル引き寄せて​1ダメージを​与える。[b][/b],
ITEM_BIBLE_NAME,The Bible,,La Biblia,La Sainte Bible,Die Bibel,La Bibbia,Bíblia,,,聖書,
ITEM_BIBLE_DESC,Use: Cleanse one stack of a random debuff from a unit at melee range. Passive: Your heals heal for 1 extra.,,Uso: Elimina una acumulación de una desventaja al azar de una unidad que esté al alcance del cuerpo a cuerpo. Pasiva: Las acciones curativas devuelven 1 PS extra.,Utilisation&nbsp;: dissipe le cumul d'un malus aléatoire d'une unité au corps-à-corps.Passif&nbsp;: vos soins guérissent 1&nbsp;fois de plus.,Benutzen: Reinige einen Stapel einer zufälligen Schwächung bei einer Einheit in Nahkampfreichweite.Passiveffekt: Deine Heilungen heilen 1&nbsp;LP mehr.,Uso: Rimuovi uno stack di un malus casuale da un'unità a una distanza corpo a corpo.Abilità Passiva: Le tue cure rigenerano 1 PS in più.,Uso: purifique uma acumulação de um enfraquecimento aleatório de uma unidade dentro do alcance corpo-a-corpo.Passivo: suas curas são 1 PV mais efetivas.,,,使用:近接範囲内の​ユニットから​ランダムな​デバフを​1つ浄化する。​パッシブ:回復効果が​1増加。[b][/b],
ITEM_BIGGESTSTICK_NAME,Biggest Stick,,Palo grandísimo,Gigabâton,Der größte Stock,Bastone Enorme,Graveto Enorme,,,最大の​棒,
ITEM_BIGGESTSTICK_DESC,Use: A melee attack with +3 reach.,,Uso: Lanza un ataque cuerpo a cuerpo con +3 de extensión.,Utilisation&nbsp;: une attaque au corps-à-corps avec Allonge +3.,Benutzen: Ein Nahkampfangriff mit +3&nbsp;Reichweite.,Uso: Un attacco corpo a corpo con portata +3.,Uso: um ataque corpo-a-corpo com +3 de envergadura.,,,使用:リーチ+3の​近接攻撃。,
ITEM_BIGSPRING_NAME,Big Spring,,Muelle grande,Gros ressort,Große Feder,Molla Gigante,Mola Grande,,,大バネ,
ITEM_BIGSPRING_DESC,Use: Throw an adjacent unit to a tile.,,Uso: Lanza a una unidad adyacente hacia otra casilla.,Utilisation&nbsp;: propulse une unité adjacente sur une case.,Benutzen: Wirf eine benachbarte Einheit auf ein beliebiges Feld.,Uso: Lanci un'unità adiacente su una casella.,Uso: lance uma unidade adjacente em um espaço.,,,使用:隣接ユニットを​タイルに​投げ飛ばす。[b][/b],
ITEM_BIGSTICK_NAME,Big Stick,,Palo grande,Gros bâton,Großer Stock,Bastone Grande,Graveto Grande,,,大きな​棒,
ITEM_BIGSTICK_DESC,Use: A melee attack with +2 reach.,,Uso: Lanza un ataque cuerpo a cuerpo con +2 de extensión.,Utilisation&nbsp;: une attaque au corps-à-corps avec Allonge +2.,Benutzen: Ein Nahkampfangriff mit +2&nbsp;Reichweite.,Uso: Un attacco corpo a corpo con portata +2.,Uso: um ataque corpo-a-corpo com +2 de envergadura.,,,使用:リーチ+2の​近接攻撃。,
ITEM_BLACKJACK_NAME,Blackjack,,Cachiporra,Matraque,Schlagstock,Manganello,Cassetete,,,ブラックジャック,
ITEM_BLACKJACK_DESC,Use: A melee attack with a 5% chance to Stun.Automatically use this when you stop next to an enemy or an enemy stops next to you.,,Uso: Lanza un ataque cuerpo a cuerpo con un 5 % de probabilidad de aturdir.Se usa automáticamente cuando esta unidad se detiene junto a un enemigo o viceversa.,Utilisation&nbsp;: une attaque au corps-à-corps avec 5&nbsp;% de chances d'infliger Étourdissement.Utilisation automatique quand vous vous arrêtez à côté d'un ennemi ou qu'un ennemi se place à côté de vous.,"Benutzen: Ein Nahkampfangriff, der mit 5%iger Wahrscheinlichkeit Betäubung verursacht.Benutze ihn automatisch, wenn du neben einem Gegner stehenbleibst oder ein Gegner neben dir stehenbleibt.",Uso: Un attacco corpo a corpo con un 5% probabilità di infliggere Stordimento.Lo usi automaticamente quando ti fermi accanto a un nemico o un nemico si ferma accanto a te.,Uso: um ataque corpo-a-corpo com 5% de chance de atordoar.Use isto automaticamente ao parar ao lado de um inimigo ou um inimigo parar ao seu lado.,,,使用:5%の​確率で​スタンさせる​近接攻撃。​敵の​隣で​止まるか、​敵が​あなたの隣で​止まると​自動使用。[b][/b],
ITEM_BLACKMUSHROOM_NAME,Black Mushroom,,Seta negra,Champi noir,Schwarzer Pilz,Fungo Nero,Cogumelo Preto,,,黒キノコ,
ITEM_BLACKMUSHROOM_DESC,Use: A ranged attack that inflicts Weakness 2.[s:.7](Usable once per battle.)[/s],,Uso: Lanza un ataque a distancia que inflige 2 de debilidad.[s:.7](Disponible una vez por combate).[/s],Utilisation&nbsp;: une attaque à distance qui inflige Vulnérabilité 2.[s:.7](Utilisable 1&nbsp;fois par combat.)[/s],"Benutzen: Ein Fernkampfangriff, der Schwäche&nbsp;2 verursacht.[s:.7](Einmal pro Kampf verwendbar.)[/s]",Uso: Un attacco a distanza che infligge Debolezza 2.[s:.7](Utilizzabile una volta per battaglia.)[/s],Uso: um ataque à distância que aplica fraqueza 2.[s:.7](Um uso por batalha.)[/s],,,使用:衰弱2を​付与する​遠距離攻撃。[s:.7](バトル中1回のみ​使用可能。)[/s],
ITEM_BLESSEDANOINTINGOIL_NAME,Blessed Anointing Oil,,Santos óleos,Huile d'onction bénie,Gesegnetes Salböl,Olio da Unzione Benedetto,Óleo de Unção Abençoado,,,祝福の​聖別オイル,
ITEM_BLESSEDANOINTINGOIL_DESC,Use: Cleanse debuffs and heal an adjacent unit or yourself.,,Uso: Elimina las desventajas y cura a esta unidad o a otra adyacente.,Utilisation&nbsp;: dissipe les malus et régénère les PV d'une unité adjacente ou de vous-même.,Benutzen: Reinige Schwächungen und heile dich oder eine benachbarte Einheit.,Uso: Rimuove i malus e cura te o un'unità adiacente.,Uso: purifique enfraquecimentos e cure a si ou uma unidade adjacente.,,,使用:隣接ユニットまたは​自分の​デバフを​浄化し回復する。[b][/b],
ITEM_BLOODBUCKET_NAME,Blood Bucket,,Cubo de sangre,Seau de sang,Bluteimer,Secchio di Sangue,Balde de Sangue,,,血の​バケツ,
ITEM_BLOODBUCKET_DESC,Use: A lobbed attack that creates a creep puddle.,,Uso: Lanza un ataque en arco que crea un charco de líquido tóxico.,Utilisation&nbsp;: une attaque en cloche qui génère une flaque de substance visqueuse.,"Benutzen: Ein Angriff, der Hindernisse ignoriert und eine gruselige Pfütze erschafft.",Uso: Un attacco a parabola che crea una pozza di melma.,Uso: um ataque em arco que cria uma poça de gosma.,,,使用:ヘドロを​生成する​放物攻撃。[b][/b],
ITEM_BLOODYBAGOFGLASS_NAME,Bloody Bag of Glass,,Bolsa sangrienta de cristales,Sac de verre ensanglanté,Blutige Scherbentasche,Sacco di Vetro Insanguinato,Saco de Vidro Ensanguentado,,,血塗れガラス袋,
ITEM_BLOODYBAGOFGLASS_DESC,Use: Throw a projectile that creates glass.,,Uso: Lanza un proyectil que crea cristales.,Utilisation&nbsp;: lance un projectile faisant apparaître du verre.,"Benutzen: Wirf ein Geschoss, das Glas erscheinen lässt.",Uso: Lanci un proiettile che crea vetro.,Uso: lance um projétil que cria vidro.,,,使用:ガラスを​生成する​飛び道具を​投げる。[b][/b],
ITEM_BLOODYBEARTRAPS_NAME,Bloody Bear Traps,,Cepos sangrientos para osos,Pièges à ours ensanglantés,Blutige Bärenfalle,Trappole per Orsi Insanguinate,Armadilhas de Urso Ensanguentadas,,,血塗れ熊の​罠,
ITEM_BLOODYBEARTRAPS_DESC,Use: Place a Bear Trap.,,Uso: Coloca un cepo para osos.,Utilisation&nbsp;: place un piège à ours.,Benutzen: Lege eine Bärenfalle.,Uso: Piazzi una Trappola per Orsi.,Uso: prepare uma armadilha de urso.,,,使用:熊の​罠を​設置する。,
ITEM_BLOODYBUTTERFLYKNIFE_NAME,Bloody Knife,,Cuchillo sangriento,Couteau ensanglanté,Blutiges Messer,Coltello Insanguinato,Faca Ensanguentada,,,血塗れナイフ,
ITEM_BLOODYBUTTERFLYKNIFE_DESC,Use: A multi-hit melee attack with Lifesteal that inflicts Bleed.[s:.7](Usable once per battle.)[/s],,Uso: Lanza un ataque cuerpo a cuerpo que golpea varias veces con robavida y que inflige hemorragia.[s:.7](Disponible una vez por combate).[/s],Utilisation&nbsp;: une attaque multiple au corps-à-corps avec Vol de vie qui inflige Saignement.[s:.7](Utilisable 1&nbsp;fois par combat.)[/s],"Benutzen: Ein mehrfach treffender Nahkampfangriff, der Leben absaugt und Blutung verursacht.[s:.7](Einmal pro Kampf verwendbar.)[/s]",Uso: Un attacco corpo a corpo multi-colpo con Rubavita che infligge Sanguinamento.[s:.7](Utilizzabile una volta per battaglia.)[/s],Uso: um ataque corpo-a-corpo multigolpes com roubo de vida que aplica sangramento.[s:.7](Um uso por batalha.)[/s],,,使用:出血を​付与する​ライフスティール多段近接攻撃。[s:.7](バトル中1回のみ​使用可能。)[/s],
ITEM_BLOODYMEATHOOK_NAME,Bloody Meat Hook,,Gancho sangriento para carne,Crochet de boucher ensanglanté,Blutiger Fleischhaken,Uncino da Carne Insanguinato,Gancho de Carne Ensanguentado,,,血塗れ肉フック,
ITEM_BLOODYMEATHOOK_DESC,"Use: Pull a unit towards you, Cleaving and inflicting Bleed 1.",,"Uso: Atrae a una unidad, le practica una incisión y le inflige 1 de hemorragia.","Utilisation&nbsp;: attire une unité vers vous, effectue une attaque tranchante et inflige Saignement 1.",Benutzen: Zieh eine Einheit an dich heran und verursache Blutung&nbsp;1.,"Uso: Tiri un'unità verso di te, infliggendole Fendente e Sanguinamento 1.","Uso: puxe uma unidade na sua direção, causando cisão e aplicando sangramento 1.",,,使用:ユニットを​引き寄せ、​肉切りと​出血1を​付与する。[b][/b],
ITEM_BLOODYSOULCLAW_NAME,Bloody Soul Claw,,Garra de alma sangrienta,Griffe spirituelle ensanglantée,Blutige Seelenkralle,Artiglio dell'Anima Insanguinato,Garra de Alma Ensanguentada,,,血塗れソウルクロー,
ITEM_BLOODYSOULCLAW_DESC,"Use: A melee attack that deals damage equal to the number of uses this has left.When this weapon kills a unit, it gains +2 uses and you heal 5 HP.",,"Uso: Lanza un ataque cuerpo a cuerpo que inflige el mismo daño que usos queden.Cuando el arma mata a una unidad, obtiene +2 usos y esta unidad recupera 5 PS.","Utilisation&nbsp;: une attaque au corps-à-corps qui inflige des dégâts égaux au nombre d'utilisations restantes.Quand cette arme achève une unité, elle gagne Utilisation +2&nbsp;et vous récupérez 5&nbsp;PV.","Benutzen: Ein Nahkampfangriff, dessen Schaden der Anzahl seiner verbleibenden Anwendungen entspricht.Tötet diese Waffe eine Einheit, erhält sie +2&nbsp;Benutzungen und du heilst dich um 5&nbsp;LP.","Uso: Un attacco corpo a corpo che infligge danno pari al numero di utilizzi rimasti.Quando quest'arma uccide un'unità, ottiene +2 utilizzi e tu recuperi 5 PS.","Uso: um ataque corpo-a-corpo que causa dano equivalente à quantidade de usos restantes que este item possui.Quando esta arma mata uma unidade, ela obtém +2 usos e cura 5 PV.",,,使用:残り​使用回数と​同じ​ダメージを​与える​近接攻撃。​この​武器で​ユニットを​倒すと​+2使用回数を​獲得し、​5HP回復。[b][/b],
ITEM_BLOODYSPIKES_NAME,Bloody Spikes,,Pinchos sangrientos,Pics ensanglantés,Blutige Spitzen,Spine Insanguinate,Espinhos Ensanguentados,,,血塗れスパイク,
ITEM_BLOODYSPIKES_DESC,+1 Thorns.Use: A ranged attack.,,+1 de espinas.Uso: Lanza un ataque a distancia.,Épines +1.Utilisation&nbsp;: une attaque à distance.,+1&nbsp;Dornen.Benutzen: Ein Fernkampfangriff.,+1 Spine.Uso: Un attacco a distanza.,+1 de espinhos.Uso: um ataque à distância.,,,+1棘。​使用:遠距離攻撃。,
ITEM_BLOODYSTICK_NAME,Bloody Stick,,Palo sangriento,Bâton ensanglanté,Blutiger Stock,Bastone Insanguinato,Graveto Ensanguentado,,,血塗れ棒,
ITEM_BLOODYSTICK_DESC,+1 Health Regen.Use: A melee attack with +1 reach.,,+1 de regeneración de salud.Uso: Lanza un ataque cuerpo a cuerpo con +1 de extensión.,Régénération de PV +1.Utilisation&nbsp;: une attaque au corps-à-corps avec Allonge +1.,+1&nbsp;Lebensregeneration.Benutzen: Ein Nahkampfangriff mit +1&nbsp;Reichweite.,+1 Rigenerazione Salute.Uso: Un attacco corpo a corpo con portata +1.,+1 de regeneração de saúde.Uso: um ataque corpo-a-corpo com +1 de envergadura.,,,+1HP再生。​使用:リーチ+1の​近接攻撃。[b][/b],
ITEM_BO_NAME,Bo,,Bo,Bô,Bo,Bo,Bo,,,棒術,
ITEM_BO_DESC,"Use: A melee attack. On hit, jump forward 2 tiles.",,"Uso: Lanza un ataque cuerpo a cuerpo. Al golpear, salta 2 casillas hacia delante.","Utilisation&nbsp;: une attaque au corps-à-corps. Exécutée avec réussite, vous sautez de 2&nbsp;cases vers l'avant.","Benutzen: Ein Nahkampfangriff. Spring 2&nbsp;Felder vorwärts, wenn du triffst.","Uso: Un attacco corpo a corpo. In caso vada a segno, salti in avanti di 2 caselle.","Uso: um ataque corpo-a-corpo. Ao golpear, salte 2 espaços para frente.",,,使用:近接攻撃。​命中時、​前方​2タイルジャンプ。[b][/b],
ITEM_BOMB_NAME,Bomb,,Bomba,Bomb,Bombe,Bomba,Bomba,,,爆弾,
ITEM_BOMB_DESC,Use: Throw a bomb that explodes.,,Uso: Lanza una bomba que hace explosión.,Utilisation&nbsp;: lance une bombe qui explose.,Benutzen: Wirf eine explodierende Bombe.,Uso: Lanci una bomba che esplode.,Uso: lance uma bomba que explode.,,,使用:爆発する​爆弾を​投げる。[b][/b],
ITEM_BONECLUB_NAME,Bone Club,,Garrote de hueso,Batte tibia,Knochenkeule,Mazza d'Osso,Porrete de Osso,,,骨棍棒,
ITEM_BONECLUB_DESC,Use: A melee attack.This weapon has a 15% chance to break each time it's used.,,Uso: Lanza un ataque cuerpo a cuerpo.Esta arma tiene un 15 % de probabilidad de romperse cada vez que se usa.,Utilisation&nbsp;: une attaque au corps-à-corps.Cette arme a 15&nbsp;% de chances de se briser à chaque utilisation.,Benutzen: Ein Nahkampfangriff.Geht nach Benutzung mit 15%iger Wahrscheinlichkeit kaputt.,Uso: Un attacco corpo a corpo.Quest'arma ha un 15% di probabilità di rompersi ogni volta che viene usata.,Uso: um ataque corpo-a-corpo.Esta arma possui uma chance de 15% de quebrar a cada vez que é utilizada.,,,使用:近接攻撃。​この​武器は​使用時に​15%の​確率で​壊れる。[b][/b],
ITEM_BOOKOFBELIAL_NAME,Book Of Belial,,Libro de Belial,Livre de Bélial,Buch des Belial,Libro di Belial,Livro de Belial,,,ベリアルの​書,
ITEM_BOOKOFBELIAL_DESC,Use: Gain +3 Damage.RELOAD: Kill an enemy.,,Uso: Obtiene +3 de daño.RECARGA: Mata a un enemigo.,Utilisation&nbsp;: Dégâts +3.RECHARGE&nbsp;: tuer un ennemi.,Benutzen: Erhalte +3&nbsp;Schaden.NACHLADEN: Töte einen Gegner.,Uso: Ottieni +3 al Danno.RICARICA: Uccidi un nemico.,Uso: obtenha +3 de dano.RECARREGAMENTO: mate um inimigo.,,,使用:+3ダメージ獲得。​リロード:敵を​倒す。[b][/b],
ITEM_BOTTLES_NAME,Bottles,,Botellas,Bouteilles,Flasche,Bottiglie,Garrafas,,,ボトル,
ITEM_BOTTLES_DESC,Use: A lobbed attack that spawns a glass tile.,,Uso: Lanza un ataque en arco que genera una casilla de cristales.,Utilisation&nbsp;: une attaque en cloche qui fait apparaître une case de verre.,"Benutzen: Ein Angriff, der Hindernisse ignoriert und ein Scherbenfeld erschafft.",Uso: Un attacco a parabola che genera una casella di vetro.,Uso: um ataque em arco que gera um espaço de vidro.,,,使用:ガラスタイルを​生成する​放物攻撃。[b][/b],
ITEM_BOTTLESOFBLOOD_NAME,Bottles of Blood,,Botellas de sangre,Bouteilles de sang,Blutflasche,Bottiglie di Sangue,Garrafas de Sangue,,,血の​ボトル,
ITEM_BOTTLESOFBLOOD_DESC,Use: A lobbed attack that creates glass tiles in an area.,,Uso: Lanza un ataque en arco que crea casillas de cristales en un área.,Utilisation&nbsp;: une attaque en cloche qui fait apparaître des cases de verre.,"Benutzen: Ein Angriff, der Hindernisse ignoriert und Scherbenfeld in einem bestimmten Bereich erschafft.",Uso: Un attacco a parabola che genera caselle di vetro in un'area.,Uso: um ataque em arco que cria espaços de vidro em uma área.,,,使用:エリアに​ガラスタイルを​生成する​放物攻撃。[b][/b],
ITEM_BRICKS_NAME,Bricks,,Ladrillos,Briques,Ziegel,Mattoni,Tijolos,,,レンガ,
ITEM_BRICKS_DESC,Use: A lobbed attack that inflicts Stun.[s:.7](Usable once per battle.)[/s],,Uso: Lanza un ataque en arco que aturde.[s:.7](Disponible una vez por combate).[/s],Utilisation&nbsp;: une attaque en cloche qui inflige Étourdissement.[s:.7](Utilisable 1&nbsp;fois par combat.)[/s],"Benutzen: Ein Angriff, der Hindernisse ignoriert und Betäubung verursacht.[s:.7](Einmal pro Kampf verwendbar.)[/s]",Uso: Un attacco a parabola che infligge Stordimento.[s:.7](Utilizzabile una volta per battaglia.)[/s],Uso: um ataque em arco que aplica atordoamento.[s:.7](Um uso por batalha.)[/s],,,使用:スタンを​付与する​放物攻撃。[s:.7](バトル中1回のみ​使用可能。)[/s],
ITEM_BUCKETOFACID_NAME,Vial of Acid,,Vial de ácido,Flacon d'acide,Säureflasche,Fiala di Acido,Frasco de Ácido,,,酸の​小瓶,
ITEM_BUCKETOFACID_DESC,Use: A melee attack that inflicts random status effects.,,Uso: Lanza un ataque cuerpo a cuerpo que inflige efectos de estado al azar.,Utilisation&nbsp;: une attaque au corps-à-corps qui inflige des altérations d'état aléatoires.,"Benutzen: Ein Nahkampfangriff, der zufällige Statuseffekte verursacht.",Uso: Un attacco corpo a corpo che infligge effetti di stato casuali.,Uso: um ataque corpo-a-corpo que aplica efeitos de estado aleatórios.,,,使用:ランダムな​状態異常を​付与する​近接攻撃。[b][/b],
ITEM_BUCKETOFBLOOD_NAME,Bucket of Blood,,Cubo de sangre,Seau de sang,Eimer mit Blut,Secchio di Sangue,Balde de Sangue,,,血の​バケツ,
ITEM_BUCKETOFBLOOD_DESC,"Use: Gain +2 [img:con] and -1 [img:spd], then heal 4 HP.",,"Uso: Obtiene +2 [img:con] y -1 [img:spd], luego recupera 4 PS.","Utilisation&nbsp;: [img:con] +2&nbsp;et [img:spd] -1, puis vous récupérez 4&nbsp;PV.",Benutzen: Erhalte +2&nbsp;[img:con] und -1&nbsp;[img:spd]. Heile dich anschließend um 4&nbsp;LP.,"Uso: Ottieni +2 alla [img:con] e -1 alla [img:spd], poi recuperi 4 PS.","Uso: obtenha +2 de [img:con] e -1 de [img:spd], e então cure 4 PV.",,,使用:+2 [img:con] と​-1 [img:spd]を​獲得し、​4HP回復。,
ITEM_BUCKETOFLARD_NAME,Bucket of Lard,,Cubo de sebo,Seau de saindoux,Eimer mit Fett,Secchio di Lardo,Balde de Banha,,,ラードの​バケツ,
ITEM_BUCKETOFLARD_DESC,"Use: Gain +2 [img:con] and -1 [img:spd], then heal 4 HP.",,"Uso: Obtiene +2 [img:con] y -1 [img:spd], luego recupera 4 PS.","Utilisation&nbsp;: [img:con] +2&nbsp;et [img:spd] -1, puis vous récupérez 4&nbsp;PV.",Benutzen: Erhalte +2&nbsp;[img:con] und -1&nbsp;[img:spd]. Heile dich anschließend um 4&nbsp;LP.,"Uso: Ottieni +2 alla [img:con] e -1 alla [img:spd], poi recuperi 4 PS.","Uso: obtenha +2 de [img:con] e -1 de [img:spd], e então cure 4 PV.",,,使用:+2 [img:con] と​-1 [img:spd]を​獲得し、​4HP回復。,
ITEM_BUG_NAME,Bug,,Bicho,Insecte,Käfer,Insetto,Inseto,,,バグ,
ITEM_BUG_DESC,Your basic attack is Metronome.Use: Cast a random spell.,,El ataque básico es Metrónomo.Uso: Lanza un hechizo al azar.,Votre attaque de base est Métronome.Utilisation&nbsp;: lance un sort aléatoire.,Dein Grundangriff wird zu Metronom.Benutzen: Wirke einen zufälligen Zauber.,Il tuo attacco base è Metronomo.Uso: Lanci un incantesimo casuale.,Seu ataque básico se torna Metrônomo.Uso: lance um encantamento aleatório.,,,通常攻撃が​メトロノームに​なる。​使用:ランダムな​スペルを​詠唱する。[b][/b],
ITEM_BUNGASBONE_NAME,Bunga's Bone,,Hueso de Bunga,Os de Bunga,Bungas Knochen,Osso di Bunga,Osso de Bunga,,,ブンガの​骨,
ITEM_BUNGASBONE_DESC,Use: A melee attack with Knockback 5.,,Uso: Lanza un ataque cuerpo a cuerpo con 5 de retroceso.,Utilisation&nbsp;: une attaque au corps-à-corps avec Recul +5.,Benutzen: Ein Nahkampfangriff mit Rückstoß&nbsp;5.,Uso: Un attacco corpo a corpo con Contraccolpo 5.,Uso: um ataque corpo-a-corpo com empurrão 5.,,,使用:ノックバック5の​近接攻撃。[b][/b],
ITEM_BURNINGCOAL_NAME,Burning Coals,,Ascuas ardientes,Charbons ardents,Glühende Kohlen,Carboni Ardenti,Carvões em Brasa,,,燃える​石炭,
ITEM_BURNINGCOAL_DESC,Use: A lobbed attack that inflicts Burn 2 and +2 [img:spd].Passive: Gain Burn 1 and +2 [img:spd] at the start of each turn.,,Uso: Lanza un ataque en arco que inflige 2 de quemadura y +2 [img:spd].Pasiva: Obtiene 1 de quemadura y +2 [img:spd] al inicio de cada turno.,Utilisation&nbsp;: une attaque en cloche qui inflige Brûlure +2&nbsp;et [img:spd] +2.Passif&nbsp;: vous recevez Brûlure +1&nbsp;et [img:spd] +2&nbsp;au début de chaque tour.,"Benutzen: Ein Angriff, der Hindernisse ignoriert, Verbrennung&nbsp;2 verursacht und +2&nbsp;[img:spd] verleiht.Passiveffekt: Erhalte am Anfang jedes Zuges Verbrennung&nbsp;1 und +2&nbsp;[img:spd].",Uso: Un attacco a parabola che infligge Bruciatura 2 e +2 alla [img:spd].Abilità Passiva: Ottieni Bruciatura 1 e +2 alla [img:spd] all'inizio di ogni turno.,Uso: um ataque em arco que aplica queimadura 2 e +2 de [img:spd].Passivo: obtenha queimadura 1 e +2 de [img:spd] no início de cada turno.,,,使用:燃焼2と​+2 [img:spd]を​付与する​放物攻撃。​パッシブ:各ターン開始時に​燃焼1と​+2 [img:spd]を​獲得。,
ITEM_BUTCHERSCLEAVER_NAME,Butcher's Cleaver,,Macheta de carnicero,Fendoir du barbare,Fleischermesser,Mannaia del Macellaio,Cutelo de Açougueiro,,,肉屋の​包丁,
ITEM_BUTCHERSCLEAVER_DESC,Use: A melee attack with Cleave that can hit diagonally.,,Uso: Lanza un ataque cuerpo a cuerpo con incisión que golpea en diagonal.,Utilisation&nbsp;: une attaque au corps-à-corps infligeant Fendoir pouvant toucher en diagonale.,"Benutzen: Ein Nahkampfangriff, der Schlachten und diagonal treffen kann.",Uso: Un attacco corpo a corpo con Fendente che può colpire in diagonale.,Uso: um ataque corpo-a-corpo com cisão que pode golpear diagonalmente.,,,使用:斜めにも​当たる​肉切り近接攻撃。[b][/b],
ITEM_BUTTERFLYKNIFE_NAME,Butterfly Knife,,Navaja de abanico,Couteau papillon,Butterflymesser,Coltello a Farfalla,Faca Borboleta,,,バタフライナイフ,
ITEM_BUTTERFLYKNIFE_DESC,Use: A multi-hit melee attack that inflicts Bleed.[s:.7](Usable once per battle.)[/s],,Uso: Lanza un ataque cuerpo a cuerpo que golpea varias veces y que inflige hemorragia.[s:.7](Disponible una vez por combate).[/s],Utilisation&nbsp;: une attaque multiple au corps-à-corps qui inflige Saignement.[s:.7](Utilisable 1&nbsp;fois par combat.)[/s],"Benutzen: Ein mehrfach treffender Nahkampfangriff, der Blutung verursacht.[s:.7](Einmal pro Kampf verwendbar.)[/s]",Uso: Un attacco corpo a corpo multi-colpo che infligge Sanguinamento.[s:.7](Utilizzabile una volta per battaglia.)[/s],Uso: um ataque corpo-a-corpo multigolpes que aplica sangramento.[s:.7](Um uso por batalha.)[/s],,,使用:出血を​付与する​多段近接攻撃。[s:.7](バトル中1回のみ​使用可能。)[/s],
ITEM_CARBATTERY_NAME,Car Battery,,Batería de coche,Batterie de voiture,Autobatterie,Batteria per Auto,Bateria de Carro,,,カーバッテリー,
ITEM_CARBATTERY_DESC,Use: An electric melee attack that has a 50% chance to chain to another enemy within 3 tiles. Can only be used while at full mana.,,Uso: Lanza un ataque eléctrico cuerpo a cuerpo con un 50 % de probabilidad de encadenarse con otro enemigo en un radio de 3 casillas. Solo puede usarse con el maná a tope.,Utilisation&nbsp;: une attaque au corps-à-corps électrique ayant 50&nbsp;% de chances de se propager à un autre ennemi dans un rayon de 3&nbsp;cases. Ne peut être utilisée qu'avec une barre de mana pleine.,"Benutzen: Ein elektrischer Nahkampfangriff, der mit 50%iger Wahrscheinlichkeit auf einen weiteren Gegner innerhalb von 3&nbsp;Feldern überspringt. Kann nur mit vollem Mana benutzt werden.",Uso: Un attacco corpo a corpo elettrico che ha un 50% di probabilità di concatenarsi a un altro nemico entro 3 caselle. Può essere usato solo quando si ha il mana al massimo.,Uso: um ataque corpo-a-corpo elétrico com 50% de chance de ser encadeado a outro inimigo dentro de 3 espaços de distância. Só pode ser utilizado com mana completa.,,,使用:3タイル以内の​別の​敵に​50%の​確率で​連鎖する​電撃近接攻撃。​マナ満タン時のみ​使用可能。[b][/b],
ITEM_CATPAW_NAME,Cat Paw,,Pata de gato,Patoune de chat,Katzenpfote,Zampa di Gatto,Pata de Gato,,,猫の​肉球,
ITEM_CATPAW_DESC,Use: A melee attack that has a 25% chance to refresh itself when used.,,Uso: Lanza un ataque cuerpo a cuerpo con un 25 % de probabilidad de restaurarse al usarla.,Utilisation&nbsp;: une attaque au corps-à-corps ayant 25&nbsp;% de chances de se réinitialiser après utilisation.,"Benutzen: Ein Nahkampfangriff, der sich mit 25%iger Wahrscheinlichkeit selbst auffrischt.",Uso: Un attacco corpo a corpo che ha un 25% di probabilità di rigenerarsi quando viene usato.,Uso: um ataque corpo-a-corpo com 25% de chance de se reiniciar ao ser utilizado.,,,使用:使用時に​25%の​確率で​再使用可能に​なる​近接攻撃。[b][/b],
ITEM_CHAINSAW_NAME,Chainsaw,,Motosierra,Tronçonneuse,Kettensäge,Motosega,Serra Elétrica,,,チェーンソー,
ITEM_CHAINSAW_DESC,Use: A multi-hit melee attack with a 25% chance to Cleave.[s:.7](Usable once per battle.)[/s]Passive: +2 Thorns.,,Uso: Lanza un ataque cuerpo a cuerpo que golpea varias veces con un 25 % de probabilidad de infligir incisión.[s:.7](Disponible una vez por combate).[/s]Pasiva: +2 de espinas.,Utilisation&nbsp;: une attaque multiple au corps-à-corps avec 25&nbsp;% de chances d'infliger Fendoir.[s:.7](Utilisable 1&nbsp;fois par combat.)[/s]Passif&nbsp;: Épines +2.,"Benutzen: Ein mehrfach treffender Nahkampfangriff, der mit 25%iger Wahrscheinlichkeit schlachtet.[s:.7](Einmal pro Kampf verwendbar.)[/s]Passiveffekt: +2 Dornen.",Uso: Un attacco corpo a corpo multi-colpo con il 25% di probabilità di essere Fendente.[s:.7](Utilizzabile una volta per battaglia.)[/s]Abilità Passiva: +2 Spine.,Uso: um ataque corpo-a-corpo multigolpes com 25% de chance de causar cisão.[s:.7](Um uso por batalha.)[/s]Passivo: +2 de espinhos.,,,使用:25%の​確率で​肉切りする​多段近接攻撃。[s:.7](バトル中1回のみ​使用可能。)[/s]パッシブ:+2棘。,
ITEM_CHEESE_NAME,Cheese,,Queso,Fromage,Käse,Formaggio,Queijo,,,チーズ,
ITEM_CHEESE_DESC,Use: Gain +1 [img:con] and heal 2 HP.,,Uso: Obtiene +1 [img:con] y recupera 2 PS.,Utilisation&nbsp;: [img:con] +1&nbsp;et vous récupérez 2&nbsp;PV.,Benutzen: Erhalte +1&nbsp;[img:con] und heile 2&nbsp;LP.,Uso: Ottieni +1 alla [img:con] e rigeneri 2 PS.,Uso: obtenha +1 de [img:con] e cure 2 PV.,,,使用:+1 [img:con]を​獲得し2HP回復。,
ITEM_CHUMBUCKET_NAME,Chum Bucket,,Cubo de cebo,Seau d'asticots,Ködereimer,Secchio di Pastura,Balde de Restos,,,撒き餌バケツ,
ITEM_CHUMBUCKET_DESC,Use: A lobbed attack that creates a creep puddle.,,Uso: Lanza un ataque en arco que crea un charco de líquido tóxico.,Utilisation&nbsp;: une attaque en cloche qui génère une flaque de substance visqueuse.,"Benutzen: Ein Angriff, der Hindernisse ignoriert und eine Ekelschleimpfütze erzeugt.",Uso: Un attacco a parabola che crea una pozza di melma.,Uso: um ataque em arco que cria uma poça de gosma.,,,使用:ヘドロを​生成する​放物攻撃。[b][/b],
ITEM_CREEPYPHOTO_NAME,Creepy Photo,,Foto espantosa,Photo flippante,Gruseliges Foto,Foto Inquietante,Foto Assustadora,,,不気味な​写真,
ITEM_CREEPYPHOTO_DESC,Use: A melee attack that inflicts Fear 1.[s:.7](Usable once per battle.)[/s],,Uso: Lanza un ataque cuerpo a cuerpo que inflige 1 de miedo.[s:.7](Disponible una vez por combate).[/s],Utilisation&nbsp;: une attaque au corps-à-corps qui inflige Trouille 1.[s:.7](Utilisable 1&nbsp;fois par combat.)[/s],"Benutzen: Ein Nahkampfangriff, der Angst&nbsp;1 verursacht.[s:.7](Einmal pro Kampf verwendbar.)[/s]",Uso: Un attacco corpo a corpo che infligge Paura 1.[s:.7](Utilizzabile una volta per battaglia.)[/s],Uso: um ataque corpo-a-corpo que aplica medo 1.[s:.7](Um uso por batalha.)[/s],,,使用:恐怖1を​付与する​近接攻撃。[s:.7](バトル中1回のみ​使用可能。)[/s],
ITEM_CRISPPAPER_NAME,Crisp Paper,,Papel crujiente,Papier-rasoir,Scharfes Papier,Carta Tagliente,Papel Ressecado,,,鋭い​紙,
ITEM_CRISPPAPER_DESC,Use: A ranged attack that inflicts Bleed 3.[s:.7](Usable once per battle.)[/s],,Uso: Lanza un ataque a distancia que inflige +3 de hemorragia.[s:.7](Disponible una vez por combate).[/s],Utilisation&nbsp;: une attaque à distance qui inflige Saignement +3.[s:.7](Utilisable 1&nbsp;fois par combat.)[/s],"Benutzen: Ein Fernkampfangriff, der Blutung&nbsp;3 verursacht.[s:.7](Einmal pro Kampf verwendbar.)[/s]",Uso: Un attacco a distanza che infligge Sanguinamento 3.[s:.7](Utilizzabile una volta per battaglia.)[/s],Uso: um ataque à distância que aplica sangramento 3.[s:.7](Um uso por batalha.)[/s],,,使用:出血3を​付与する​遠距離攻撃。[s:.7](バトル中1回のみ​使用可能。)[/s],
ITEM_CROSSBOW_NAME,Crossbow,,Ballesta,Arbalète,Armbrust,Balestra,Besta,,,クロスボウ,
ITEM_CROSSBOW_DESC,Use: A ranged attack that ignores shield and inflicts Bleed 1.,,Uso: Lanza un ataque a distancia que ignora el escudo e inflige 1 de hemorragia.,Utilisation&nbsp;: une attaque à distance qui ignore la défense et inflige Saignement 1.,"Benutzen: Ein Fernkampfangriff, der Schilde ignoriert und Blutung&nbsp;1 verursacht.",Uso: Un attacco a distanza che ignora lo scudo e infligge Sanguinamento 1.,Uso: um ataque à distância que ignora escudos e aplica sangramento 1.,,,使用:シールドを​無視して​出血1を​付与する​遠距離攻撃。[b][/b],
ITEM_CROWBAR_NAME,Crowbar,,Palanqueta,Pied-de-biche,Brechstange,Piede di Porco,Pé de Cabra,,,バール,
ITEM_CROWBAR_DESC,"Use: A melee attack that destroys trash bags and crates, scattering extra pickups.",,Uso: Lanza un ataque cuerpo a cuerpo que destroza los contenedores y las bolsas de basura y genera recogibles extras.,"Utilisation&nbsp;: une attaque au corps-à-corps qui détruit les sacs-poubelle et les caisses, dispersant des ressources.","Benutzen: Ein Nahkampfangriff, der Müllbeutel und Kisten zerstört und zusätzliche Gegenstände erscheinen lässt.","Uso: Un attacco corpo a corpo che distrugge sacchi della spazzatura e casse, spargendo in giro raccoglibili extra.","Uso: um ataque corpo-a-corpo que destrói sacos de lixo e caixas, espalhando coletáveis extras.",,,使用:ゴミ袋と​木箱を​破壊し、​追加ピックアップを​ばら撒く​近接攻撃。[b][/b],
ITEM_DEATHBOT_NAME,Deathbot,,Muertebot,Robot tueur,Todesroboter,Mortebot,Robô da Morte,,,デスボット,
ITEM_DEATHBOT_DESC,Use: Spawn a Deathbot with a flamethrower.,,Uso: Genera un muertebot con lanzallamas.,Utilisation&nbsp;: fait apparaître un robot tueur armé d'un lance-flammes.,Benutzen: Lasse einen Todesroboter mit einem Flammenwerfer erscheinen.,Uso: Generi un Mortebot con un lanciafiamme.,Uso: gere um robô da morte com um lança-chamas.,,,使用:火炎放射器を​持つデスボットを​召喚する。[b][/b],
ITEM_DEATHSSCYTHE_NAME,Death's Scythe,,Guadaña de la parca,Grande faucheuse,Sense des Schnitters,Falce della Morte,Foice da Morte,,,死神の​大鎌,
ITEM_DEATHSSCYTHE_DESC,"Use: A spin attack. After using this, die at the end of your turn.",,"Uso: Lanza un ataque giratorio. Después de usarla, esta unidad muere al final del turno.","Utilisation&nbsp;: attaque tournoyante. Après utilisation, vous mourez à la fin de votre tour.",Benutzen: Ein Wirbelangriff. Nach Benutzung stirbst du am Ende deines Zuges.,"Uso: Un attacco rotante. Dopo averlo usato, muori alla fine del tuo turno.","Uso: um ataque giratório. Após usar isto, morra no final do seu turno.",,,使用:回転攻撃。​使用後、​ターン終了時に​死亡する。[b][/b],
ITEM_DEMONCORE_NAME,Demon Core,,Núcleo demoníaco,Noyau démoniaque,Dämonenkern,Nucleo Demoniaco,Núcleo de Demônio,,,デーモンコア,
ITEM_DEMONCORE_DESC,Start each battle with Poison 5. Inflict All Stats Down 2 on bosses and minibosses at the start of the battle.Use: A melee attack that causes a unit to die at the end of its next turn. Bosses fall asleep at the end of their next turn instead.,,"Empieza cada combate con 5 de veneno. Inflige 2 de reducción total a jefes y minijefes al inicio del combate.Uso: Lanza un ataque cuerpo a cuerpo que provoca la muerte de una unidad al final de su siguiente turno. Por su parte, los jefes se quedan dormidos.",Vous débutez chaque combat avec Poison +5. Inflige Baisse de stats +2&nbsp;aux boss et miniboss au début du combat.Utilisation&nbsp;: une attaque au corps-à-corps tuant une unité à la fin de son prochain tour. Les boss s'endorment à la fin de leur prochain tour.,"Beginne jeden Kampf mit Gift&nbsp;5. Verursache bei Bossen und Minibossen am Anfang des Kampfes einen Malus auf alle Attribute.Benutzen: Ein Nahkampfangriff, der eine Einheit am Ende ihres nächsten Zuges tötet. Bosse schlafen stattdessen ein.","Inizi ogni battaglia con Veleno 5. Infliggi Diminuzione delle Statistiche 2 a boss e miniboss all'inizio della battaglia.Uso: Un attacco corpo a corpo che causa la morte di un'unità alla fine del suo turno successivo. I boss, invece, si addormentano alla fine del loro turno successivo.",Inicie cada batalha com veneno 5. Aplique todos os atributos diminuídos 2 em chefes e minichefes no início da batalha.Uso: um ataque corpo-a-corpo que faz com que uma unidade morra no final de seu próximo turno. Chefes adormecem no final de seu próximo turno.,,,各バトル開始時に​毒5を​得る。​バトル開始時に​ボスと​ミニボスに​全ステータス低下2を​付与する。​使用:次の​ターン終了時に​ユニットを​死亡させる​近接攻撃。​ボスは​代わりに​次の​ターン終了時に​眠る。[b][/b],
ITEM_DRYICE_NAME,Dry Ice,,Hielo seco,Glace carbonique,Trockeneis,Ghiaccio Secco,Gelo Seco,,,ドライアイス,
ITEM_DRYICE_DESC,Use: An Ice Element melee attack that inflicts Slow.,,Uso: Lanza un ataque cuerpo a cuerpo con elemento de hielo que inflige ralentización.,Utilisation&nbsp;: une attaque au corps-à-corps de glace qui inflige Lenteur.,"Benutzen: Ein Eis-Nahkampfangriff, der Verlangsamung verursacht.",Uso: Un attacco corpo a corpo di elemento ghiaccio che infligge Rallentamento.,Uso: um ataque do elemento gelo que aplica lentidão.,,,使用:鈍足を​付与する​氷属性近接攻撃。[b][/b],
ITEM_ENERGYDRINK_NAME,Energy Drink,,Bebida energética,Boisson énergisante,Energydrink,Bevanda Energetica,Bebida Energética,,,エナジードリンク,
ITEM_ENERGYDRINK_DESC,Use: Gain +1 [img:dex] and +1 [img:spd].,,Uso: Obtiene +1 [img:dex] y +1 [img:spd].,Utilisation&nbsp;: [img:dex] +1&nbsp;et [img:spd] +1.,Benutzen: Erhalte +1&nbsp;[img:dex] und +1&nbsp;[img:spd].,Uso: Ottieni +1 alla [img:dex] e +1 alla [img:spd].,Uso: obtenha +1 de [img:dex] e +1 de [img:spd].,,,使用:+1 [img:dex]と​+1 [img:spd]を​獲得。,
ITEM_ETHERSOAKEDRAG_NAME,Ether Soaked Rag,,Trapo empapado de éter,Chiffon imbibé d'éther,Äthertuch,Straccio Imbevuto d'Etere,Trapo Embebido de Éter,,,エーテル染み布,
ITEM_ETHERSOAKEDRAG_DESC,Use: Put an adjacent unit or yourself to sleep. That unit gets +5 Health Regen and +5 Mana Regen until it wakes up.[s:.7](Usable once per battle.)[/s],,Uso: Duerme a esta unidad o a otra adyacente. Esa unidad obtiene +5 de regeneración de salud y +5 de regeneración de maná hasta que despierta.[s:.7](Disponible una vez por combate).[/s],Utilisation&nbsp;: endort une unité adjacente ou vous-même. La cible bénéficie de Régénération de PV +5&nbsp;et Régénération de mana +5&nbsp;jusqu'à son réveil.[s:.7](Utilisable 1&nbsp;fois par combat.)[/s],"Benutzen: Lasse dich oder eine benachbarte Einheit einschlafen. Der Schlafende erhält +5&nbsp;Lebensregeneration und +5&nbsp;Manaregeneration, bis er wieder aufwacht.[s:.7](Einmal pro Kampf verwendbar.)[/s]",Uso: Addormenta te o un'unità adiacente. Quell'unità ottiene +5 a Rigenerazione Salute e +5 a Rigenerazione Mana finché non si sveglia.[s:.7](Utilizzabile una volta per battaglia.)[/s],Uso: faça uma unidade adjacente ou você adormecer. Essa unidade obtém +5 de regeneração de saúde e +5 de regeneração de mana até acordar.[s:.7](Um uso por batalha.)[/s],,,使用:隣接ユニットまたは​自分を​眠らせる。​その​ユニットは​起きるまで​+5HP再生と​+5マナ再生を​得る。[s:.7](バトル中1回のみ​使用可能。)[/s],
ITEM_EXTRALIMB_NAME,Extra Limb,,Extremidad adicional,Membre supplémentaire,Zusätzliches Körperteil,Arto Extra,Membro Extra,,,余分な​四肢,
ITEM_EXTRALIMB_DESC,Use: An attack that copies your basic attack.,,Uso: Lanza un ataque que imita el ataque básico de esta unidad.,Utilisation&nbsp;: une copie de votre attaque de base.,"Benutzen: Ein Angriff, der deinen Grundangriff kopiert.",Uso: Un attacco che copia il tuo attacco base.,Uso: um ataque que copia seu ataque básico.,,,使用:通常攻撃を​コピーする​攻撃。[b][/b],
ITEM_FATE_NAME,Fate,,Destino,Coup du sort,Schicksal,Fato,Destino,,,運命,
ITEM_FATE_DESC,"Use: Summon meteors that hit random tiles everywhere. These meteors have a chance to stun, spawn fires, or leave rocks behind.",,"Uso: Invoca meteoritos que golpean casillas al azar por todas partes. Tienen probabilidad de aturdir, de generar fuegos o de dejar rocas.","Utilisation&nbsp;: fait apparaître des météores qui frappent des cases aléatoires. Ces météores peuvent étourdir, provoquer des incendies ou laisser des pierres derrière eux.","Benutzen: Beschwöre Meteoriten, die auf zufällige Felder aufschlagen. Sie können Betäubung verursachen, Feuer erschaffen oder Steine hinterlassen.","Uso: Evochi meteoriti che colpiscono caselle casuali ovunque. Questi meteoriti hanno la possibilità di infliggere Stordimento, generare incendi o lasciare rocce alle loro spalle.","Uso: invoque meteoros que acertam espaços aleatórios em qualquer lugar. Esses meteoros possuem uma chance de atordoar, gerar fogo ou deixar pedras para trás.",,,使用:全域の​ランダムな​タイルに​流星を​召喚する。​流星は​スタン、​炎生成、​岩を​残す​可能性が​ある。[b][/b],
ITEM_FEATHERDARTS_NAME,Feather Darts,,Dardos emplumados,Fléchettes à plumes,Dartpfeile,Dardi Piumati,Dardos de Pena,,,羽根ダーツ,
ITEM_FEATHERDARTS_DESC,Use: A ranged attack that can hit any unit in your line of sight.Can be used 3 times per turn.,,Uso: Lanza un ataque a distancia que golpea a cualquier unidad del campo visual.Pueden usarse 3 veces por turno.,Utilisation&nbsp;: une attaque à distance pouvant toucher toute unité dans votre ligne de mire.Utilisable 3&nbsp;fois par tour.,"Benutzen: Ein Fernkampfangriff, der eine beliebige Einheit in deiner Sichtlinie treffen kann.Kann pro Zug 3-mal benutzt werden.",Uso: Un attacco a distanza che può colpire qualsiasi unità nel tuo campo visivo.Può essere usato 3 volte per turno.,Uso: um ataque à distância que pode golpear qualquer unidade dentro do seu campo de visão.Podem ser utilizados 3 vezes por turno.,,,使用:視界内の​任意の​ユニットに​当たる​遠距離攻撃。​1ターンに​3回使用可能。[b][/b],
ITEM_FEATHEREDWING_NAME,Feathered Wing,,Ala emplumada,Aile céleste,Federflügel,Ala Piumata,Asa Emplumada,,,羽根の​翼,
ITEM_FEATHEREDWING_DESC,Use: A wide wind attack with Knockback 3.,,Uso: Lanza un ataque ventoso amplio con 3 de retroceso.,Utilisation&nbsp;: une attaque ample de type Vent qui inflige Recul +3.,Benutzen: Ein weitflächiger Windangriff mit Rückstoß&nbsp;3.,Uso: Un ampio attacco di vento con Contraccolpo 3.,Uso: um ataque de vento amplo com empurrão 3.,,,使用:ノックバック3の​広範囲風攻撃。[b][/b],
ITEM_FINGERBONE_NAME,Finger Bone,,Hueso del dedo,Phalange,Fingerknochen,Osso del Dito,Osso de Dedo,,,指骨,
ITEM_FINGERBONE_DESC,Use: A straight ranged attack that inflicts Immobile 3.[s:.7](Usable once per battle.)[/s],,Uso: Lanza un ataque a distancia en línea recta que inflige 3 de inmovilización.[s:.7](Disponible una vez por combate).[/s],Utilisation&nbsp;: une attaque à distance en ligne droite qui inflige Immobilisation +3.[s:.7](Utilisable 1&nbsp;fois par combat.)[/s],"Benutzen: Ein gerader Fernkampfangriff, der Unbeweglich&nbsp;3 verursacht.[s:.7](Einmal pro Kampf verwendbar.)[/s]",Uso: Un attacco a distanza in linea retta che infligge Immobilizzazione 3.[s:.7](Utilizzabile una volta per battaglia.)[/s],Uso: um ataque à distância em linha reta que aplica imobilidade 3.[s:.7](Um uso por batalha.)[/s],,,使用:移動不可3を​付与する​直線遠距離攻撃。[s:.7](バトル中1回のみ​使用可能。)[/s],
ITEM_FIREFLOWER_NAME,Fire Flower,,Flor ígnea,Fleur de feu,Feuerblume,Fiore di Fuoco,Flor de Fogo,,,ファイアフラワー,
ITEM_FIREFLOWER_DESC,Use: Shoot a fireball that inflicts Burn 2 in an area.[s:.7](Usable once per battle.)[/s],,Uso: Dispara una bola de fuego que inflige 2 de quemadura en un área.[s:.7](Disponible una vez por combate).[/s],Utilisation&nbsp;: lance une boule de feu qui inflige Brûlure +2&nbsp;dans une zone donnée.[s:.7](Utilisable 1&nbsp;fois par combat.)[/s],"Benutzen: Schieße einen Feuerball, der in einem bestimmten Bereich Verbrennung&nbsp;2 verursacht.[s:.7](Einmal pro Kampf verwendbar.)[/s]",Uso: Spari una palla di fuoco che infligge Bruciatura 2 in un'area.[s:.7](Utilizzabile una volta per battaglia.)[/s],Uso: dispare uma bola de fogo que aplica queimadura 2 em uma área.[s:.7](Um uso por batalha.)[/s],,,使用:エリアに​燃焼2を​付与する​火球を​撃つ。[s:.7](バトル中1回のみ​使用可能。)[/s],
ITEM_FLOWERMIX_NAME,Flower Mix,,Popurrí floral,Mélange de fleurs,Blumenmix,Mix di Fiori,Mistura de Flores,,,花束,
ITEM_FLOWERMIX_DESC,Use: Plant flowers in a large area. [s:.7](Usable once per battle.)[/s],,Uso: Planta flores en un área amplia. [s:.7](Disponible una vez por combate).[/s],Utilisation&nbsp;: plante des fleurs dans une large zone.[s:.7](Utilisable 1&nbsp;fois par combat.)[/s],Benutzen: Pflanze Blumen in einem großen Bereich.[s:.7](Einmal pro Kampf verwendbar.)[/s],Uso: Pianti fiori in un'area ampia.[s:.7](Utilizzabile una volta per battaglia.)[/s],Uso: plante flores em uma área grande.[s:.7](Um uso por batalha.)[/s],,,使用:​広範囲に​花を​植える。[s:.7](バトル中1回のみ​使用可能。)[/s],
ITEM_FREYEDWIRES_NAME,Frayed Wires,,Cables deshilachados,Fils dénudés,Zerfranste Kabel,Fili Sfilacciati,Fios Desgastados,,,ほつれた​電線,
ITEM_FREYEDWIRES_DESC,Use: An electric melee attack that can chain through adjacent units.[s:.7](Usable once per battle.)[/s],,Uso: Lanza un ataque eléctrico cuerpo a cuerpo que se encadena con unidades adyacentes.[s:.7](Disponible una vez por combate).[/s],Utilisation&nbsp;: une attaque au corps-à-corps électrique pouvant se propager aux unités adjacentes.[s:.7](Utilisable 1&nbsp;fois par combat.)[/s],"Benutzen: Ein elektrischer Nahkampfangriff, der auf benachbarte Einheiten überspringen kann.[s:.7](Einmal pro Kampf verwendbar.)[/s]",Uso: Un attacco elettrico corpo a corpo che può concatenarsi attraverso le unità adiacenti.[s:.7](Utilizzabile una volta per battaglia.)[/s],Uso: um ataque corpo-a-corpo elétrico que pode ser encadeado através de unidades adjacentes.[s:.7](Um uso por batalha.)[/s],,,使用:隣接ユニットに​連鎖する​電撃近接攻撃。[s:.7](バトル中1回のみ​使用可能。)[/s],
ITEM_GAMBITSDICE_NAME,Gambit's Dice,,Dados de gambito,Dés de Chasard,Glückswürfel,Dadi di Azzardolo,Dados da Sorte,,,ギャンビットの​ダイス,
ITEM_GAMBITSDICE_DESC,Use: Throw a projectile that deals 1-6 damage at random.RELOAD: Cast a spell that costs exactly 6 mana.,,Uso: Lanza un proyectil que inflige 1-6 de daño al azar.RECARGA: Lanza un hechizo que cuesta 6 de maná.,Utilisation&nbsp;: lance un projectile qui inflige 1&nbsp;à 6&nbsp;Dégâts.RECHARGE&nbsp;: lancer un sort coûtant exactement 6&nbsp;points de mana.,"Benutzen: Wirf ein Geschoss, das zufällig 1&nbsp;– 6 Schaden verursacht.NACHLADEN: Wirke einen Zauber, der genau 6&nbsp;Mana kostet.",Uso: Lanci un proiettile che infligge 1-6 di danno in modo casuale.RICARICA: Lanci un incantesimo che costa esattamente 6 mana.,Uso: lance um projétil que causa 1-6 de dano aleatoriamente.RECARREGAMENTO: lance um encantamento que custe exatamente 6 de mana.,,,使用:ランダムで​1~6ダメージを​与える​飛び道具を​投げる。​リロード:消費マナが​ちょうど6の​スペルを​詠唱する。[b][/b],
ITEM_GARBAGE_NAME,Garbage,,Basura,Ordures,Müll,Spazzatura,Lixo,,,ゴミ,
ITEM_GARBAGE_DESC,Use: A lobbed attack that inflicts Poison 1.,,Uso: Lanza un ataque en arco que inflige 1 de veneno.,Utilisation&nbsp;: une attaque en cloche qui inflige Poison 1.,"Benutzen: Ein Angriff, der Hindernisse ignoriert und Gift&nbsp;1 verursacht.",Uso: Un attacco a parabola che infligge Veleno 1.,Uso: um ataco em arco que aplica veneno 1.,,,使用:毒1を​付与する​放物攻撃。[b][/b],
ITEM_GEODE_NAME,Geode,,Geoda,Géode,Geode,Geode,Geodo,,,晶洞,
ITEM_GEODE_DESC,"Use: A melee attack with a 5% chance to break when used.When it breaks, gain 15-30 coins.",,"Uso: Lanza un ataque cuerpo a cuerpo con un 5 % de probabilidad de romperse al usarla.Al romperse, obtiene 15-30 monedas.","Utilisation&nbsp;: une attaque au corps-à-corps avec 5&nbsp;% de chances de se briser après utilisation.Lorsqu'elle se brise, vous gagnez 15&nbsp;à 30&nbsp;pièces.","Benutzen: Ein Nahkampfangriff. Geht nach Benutzung mit 5%iger Wahrscheinlichkeit kaputt.Erhalte 15&nbsp;– 30 Münzen, wenn sie kaputtgeht.","Uso: Un attacco corpo a corpo con una probabilità del 5% di rompersi quando viene utilizzato.Quando si rompe, ottieni 15-30 monete.","Uso: um ataque corpo-a-corpo com uma chance de 5% de quebrar ao ser utilizado.Ao quebrar, obtenha 15-30 moedas.",,,使用:使用時に​5%の​確率で​壊れる​近接攻撃。​壊れると​15~30コイン獲得。[b][/b],
ITEM_GIRDER_NAME,Girder,,Viga,Poutre,Träger,Trave,Viga,,,鉄骨,
ITEM_GIRDER_DESC,Use: A melee attack with Knockback 10 and Chain Knockback.[s:.7](Usable once per battle.)[/s]Passive: +1 Brace while this weapon is usable.,,Uso: Lanza un ataque cuerpo a cuerpo con 10 de retroceso y retroceso encadenado.[s:.7](Disponible una vez por combate).[/s]Pasiva: +1 de refuerzo mientras el arma pueda usarse.,Utilisation&nbsp;: une attaque au corps-à-corps avec Recul 10&nbsp;et Recul en chaîne.[s:.7](Utilisable 1&nbsp;fois par combat.)[/s]Passif&nbsp;: Garde +1&nbsp;quand cette arme peut être utilisée.,"Benutzen: Ein Nahkampfangriff mit Rückstoß&nbsp;10 und Kettenrückstoß.[s:.7](Einmal pro Kampf verwendbar.)[/s]Passiveffekt: +1&nbsp;Wappnen, solange diese Waffe benutzbar ist.",Uso: Un attacco corpo a corpo con Contraccolpo 10 e Contraccolpo a Catena.[s:.7](Utilizzabile una volta per battaglia.)[/s]Abilità Passiva: +1 alla Guardia finché quest'arma è utilizzabile.,Uso: um ataque corpo-a-corpo com empurrão 10 e empurrão encadeado.[s:.7](Um uso por batalha.)[/s]Passivo: +1 de preparação enquanto esta arma puder ser usada.,,,使用:ノックバック10と​連鎖ノックバックの​近接攻撃。[s:.7](バトル中1回のみ​使用可能。)[/s]パッシブ:この​武器が​使用可能な​間+1ガード。,
ITEM_GLOWINGBONE_NAME,Glowing Bone,,Hueso resplandeciente,Os scintillant,Glühender Knochen,Osso Luminescente,Osso Brilhante,,,輝く​骨,
ITEM_GLOWINGBONE_DESC,"- {str_aux_active_name} -{str_aux_active_desc}",,- {str_aux_active_name} -{str_aux_active_desc},- {str_aux_active_name} -{str_aux_active_desc},- {str_aux_active_name} -{str_aux_active_desc},- {str_aux_active_name} -{str_aux_active_desc},- {str_aux_active_name} -{str_aux_active_desc},,,- {str_aux_active_name} -{str_aux_active_desc},
ITEM_GNARLEDCLAW_NAME,Gnarled Claw,,Garra retorcida,Griffe tordue,Knorrige Klaue,Artiglio Nodoso,Garra Retorcida,,,節くれ立った​爪,
ITEM_GNARLEDCLAW_DESC,Use: A melee attack.This weapon gains +1 damage and +1 use when it gets a kill.Damage resets at the end of the adventure.,,Uso: Lanza un ataque cuerpo a cuerpo.Esta arma obtiene +1 de daño y +1 uso cuando provoca una muerte.El daño se restaura al final de la aventura.,Utilisation&nbsp;: une attaque au corps-à-corps.Cette arme gagne Dégâts +1&nbsp;et Utilisation +1&nbsp;lorsqu'elle achève une unité.Les dégâts sont réinitialisés à la fin de l'aventure.,"Benutzen: Ein Nahkampfangriff.Diese Waffe erhält +1&nbsp;Schaden und +1&nbsp;Anwendung, wenn sie etwas tötet.Schaden wird am Ende des Abenteuers zurückgesetzt.",Uso: Un attacco corpo a corpo.Quest'arma ottiene +1 di danno e +1 utilizzo quando ottiene un'uccisione.Il danno si resetta alla fine dell'avventura.,Uso: um ataque corpo-a-corpo.Esta arma obtém +1 de dano e +1 uso ao realizar uma baixa.O dano é reiniciado no final da aventura.,,,使用:近接攻撃。​この​武器は​キル時に​+1ダメージと​+1使用回数を​獲得。​ダメージは​冒険終了時に​リセット。[b][/b],
ITEM_GOLDENPICKAXE_NAME,Golden Pickaxe,,Pico dorado,Pioche en or,Goldene Spitzhacke,Piccone d'Oro,Picareta Dourada,,,金の​つる​は​し,
ITEM_GOLDENPICKAXE_DESC,Use: A melee attack that ignores shield.If used on static or inanimate objects it destroys them and spawns a Coin.Spawn a coin on a random tile at the end of each turn.,,"Uso: Lanza un ataque cuerpo a cuerpo que ignora el escudo.Con objetos estáticos o inanimados, los destroza y genera una moneda.Genera una moneda en una casilla al azar al final de cada turno.",Utilisation&nbsp;: une attaque au corps-à-corps qui ignore la défense.Détruit les objets statiques ou inanimés et fait apparaître une pièce.Fait apparaître une pièce sur une case aléatoire à la fin de chaque tour.,"Benutzen: Ein Nahkampfangriff, der Schilde ignoriert.Wird er auf statische oder nicht lebendige Objekte angewendet, zerstört er sie und eine Münze erscheint.Lasse am Ende jedes Zuges eine Münze auf einem zufälligen Feld erscheinen.","Uso: Un attacco corpo a corpo che ignora lo scudo.Se usato su oggetti statici o inanimati, li distrugge e genera una moneta.Generi una moneta su una casella casuale alla fine di ogni turno.","Uso: um ataque corpo-a-corpo que ignora escudos.Ao ser utilizado em objetos estáticos ou inanimados, ela os destrói e gera uma moeda.Gere uma moeda em um espaço aleatório no final de cada turno.",,,使用:シールドを​無視する​近接攻撃。​静的・無生物オブジェクトに​使用すると​破壊して​コインを​生成。​ターン終了時に​ランダムな​タイルに​コインを​生成。[b][/b],
ITEM_GRAPPLINGHOOK_NAME,Grappling Hook,,Gancho doble,Grappin,Enterhaken,Rampino,Gancho de Escalada,,,グラップリングフック,
ITEM_GRAPPLINGHOOK_DESC,Use: Pull yourself toward a unit or object.,,Uso: Esta unidad se acerca a una unidad u objeto.,Utilisation&nbsp;: vous attire vers une unité ou un objet.,Benutzen: Zieh dich selbst an eine Einheit oder ein Objekt heran.,Uso: Ti tiri verso un'unità o un oggetto.,Uso: puxe-se na direção de um objeto ou unidade.,,,使用:ユニットまたは​オブジェクトに​向かって​自分を​引き寄せる。[b][/b],
ITEM_GRENADE_NAME,Grenade,,Granada,Grenade,Granate,Granata,Granada,,,手榴弾,
ITEM_GRENADE_DESC,Use: Throw a grenade that explodes and shreds 5 stacks of random buffs off of whatever it hits.,,Uso: Lanza una granada que estalla y destroza 5 acumulaciones de ventajas al azar de aquello que golpea.,Utilisation&nbsp;: lance une grenade qui explose et retire 5&nbsp;cumuls de bonus aléatoires à la cible touchée.,"Benutzen: Wirf eine Granate, die explodiert und 5&nbsp;zufällige Stärkungen von Einheiten entfernt, die sie trifft.",Uso: Lanci una granata che esplode e distrugge 5 stack di bonus casuali da ciò che colpisce.,Uso: lance uma granada que explode e destrói 5 acumulações de fortalecimentos aleatórios do que quer que atinja.,,,使用:爆発して​命中対象の​ランダムな​バフを​5スタック剥が​す手榴弾を​投げる。[b][/b],
ITEM_GRIPTRAINER_NAME,Grip Trainer,,Fortalecedor de mano,Renforce‑poigne,Fingertrainer,Rinforzante per la Presa,Treinador de Pegada,,,握力トレーナー,
ITEM_GRIPTRAINER_DESC,Use: Gain +1 [img:str].,,Uso: Obtiene +1 [img:str].,Utilisation&nbsp;: [img:str] +1.,Benutzen: Erhalte +1&nbsp;[img:str].,Uso: Ottieni +1 alla [img:str].,Uso: obtenha +1 de [img:str].,,,使用:+1 [img:str]を​獲得。,
ITEM_HARPYSCLAW_NAME,Harpy's Claw,,Garra de arpía,Griffe de harpie,Harpyienklaue,Artiglio dell'Arpia,Garra de Harpia,,,ハーピーの​爪,
ITEM_HARPYSCLAW_DESC,"Use: A melee attack that inflicts Poison 1, Bleed 1, Confusion 1, Weakness 1, and Slow 1.",,"Uso: Lanza un ataque cuerpo a cuerpo que inflige 1 de veneno, 1 de hemorragia, 1 de confusión, 1 de debilidad y 1 de ralentización.","Utilisation&nbsp;: une attaque au corps-à-corps qui inflige Poison +1, Saignement +1, Confusion +1, Vulnérabilité +1&nbsp;et Lenteur +1.","Benutzen: Ein Nahkampfangriff, der Gift&nbsp;1, Blutung&nbsp;1, Verwirrung&nbsp;1, Schwäche&nbsp;1 und Verlangsamung&nbsp;1 verursacht.","Uso: Un attacco corpo a corpo che infligge Veleno 1, Sanguinamento 1, Confusione 1, Debolezza 1 e Rallentamento 1.","Uso: um ataque corpo-a-corpo que aplica veneno 1, sangramento 1, confusão 1, fraqueza 1 e lentidão 1.",,,使用:毒1、​出血1、​混乱1、​衰弱1、​鈍足1を​付与する​近接攻撃。[b][/b],
ITEM_HEAVYMACE_NAME,Heavy Mace,,Maza pesada,Masse lourde,Schwerer Streitkolben,Mazza Pesante,Maça Pesada,,,ヘビーメイス,
ITEM_HEAVYMACE_DESC,Use: A melee attack with Knockback 2 that deals damage equal to your [img:str].Cleaves and deals double damage to units with [img:shield].,,Uso: Lanza un ataque cuerpo a cuerpo con 2 de retroceso que inflige el mismo daño que [img:str].Inflige incisión y el doble de daño a unidades con [img:shield].,Utilisation&nbsp;: une attaque au corps-à-corps avec Recul +2&nbsp;qui inflige des dégâts égaux à votre [img:str].Inflige Fendoir ainsi que le double de dégâts aux unités avec [img:shield].,"Benutzen: Ein Nahkampfangriff mit Rückstoß&nbsp;2, der Schaden in Höhe deiner [img:str] verursacht.Schlachtet und verursacht doppelten Schaden bei Einheiten mit [img:shield].",Uso: Un attacco corpo a corpo con Contraccolpo 2 che infligge un danno pari alla tua [img:str].Infliggi un Fendente e danno doppio alle unità con [img:shield].,Uso: um ataque corpo-a-corpo com empurrão 2 que causa dano equivalente à sua [img:str].Causa cisão e dano em dobro a unidades com [img:shield].,,,使用:[img:str]と​同じ​ダメージを​与える​ノックバック2の​近接攻撃。​肉切りし、[img:shield]を​持つユニットに​2倍ダメージ。,
ITEM_HELLHOOK_NAME,Hell Hook,,Gancho infernal,Crochet infernal,Höllenhaken,Gancio Infernale,Gancho Infernal,,,地獄の​フック,
ITEM_HELLHOOK_DESC,Use: Pull a unit toward you.,,Uso: Atrae a una unidad.,Utilisation&nbsp;: attire une unité vers vous.,Benutzen: Zieh eine Einheit an dich heran.,Uso: Tiri un'unità verso di te.,Uso: puxe uma unidade na sua direção.,,,使用:ユニットを​引き寄せる。,
ITEM_HITLERSPISTOL_NAME,Hitler's Pistol,,Pistola de Hitler,Flingue d'Hitler,Hitlers Pistole,Pistola di Hitler,Pistola de Hitler,,,ヒトラーの​拳銃,
ITEM_HITLERSPISTOL_DESC,Use: Fire a shot in a straight line.,,Uso: Dispara un proyectil en línea recta.,Utilisation&nbsp;: tire en ligne droite.,Benutzen: Schieße in einer geraden Linie.,Uso: Spari un colpo in linea retta.,Uso: realize um disparo em linha reta.,,,使用:直線で​射撃。,
ITEM_HOLYGRAIL_NAME,Holy Grail,,Santo grial,Saint Graal,Der Heilige Gral,Santo Graal,Cálice Sagrado,,,聖杯,
ITEM_HOLYGRAIL_DESC,Use: Heal an adjacent unit or yourself for 5 HP.,,Uso: Devuelve 5 PS a esta unidad o a otra adyacente.,Utilisation&nbsp;: rend 5&nbsp;PV à une unité adjacente ou vous-même.,Benutzen: Heile eine benachbarte Einheit oder dich selbst um 5&nbsp;LP.,Uso: Curi te o un'unità adiacente di 5 PS.,Uso: cure uma unidade adjacente ou a si em 5 PV.,,,使用:隣接ユニットまたは​自分を​5HP回復。[b][/b],
ITEM_ICECUBES_NAME,Ice Cubes,,Cubitos de hielo,Glaçons,Eiswürfel,Cubetti di Ghiaccio,Cubos de Gelo,,,氷,
ITEM_ICECUBES_DESC,Use: A lobbed attack that Freezes units.[s:.7](Usable once per battle.)[/s],,Uso: Lanza una ataque en arco que congela a las unidades.[s:.7](Disponible una vez por combate).[/s],Utilisation&nbsp;: une attaque en cloche qui inflige Gel.[s:.7](Utilisable 1&nbsp;fois par combat.)[/s],"Benutzen: Ein Angriff, der Hindernisse ignoriert und Einheiten einfriert.[s:.7](Einmal pro Kampf verwendbar.)[/s]",Uso: Un attacco a parabola che infligge Congelamento alle unità.[s:.7](Utilizzabile una volta per battaglia.)[/s],Uso: um ataque em arco que congela unidades.[s:.7](Um uso por batalha.)[/s],,,使用:ユニットを​凍結させる​放物攻撃。[s:.7](バトル中1回のみ​使用可能。)[/s],
ITEM_INFINITYARROW_NAME,Arrow of Infinity,,Flecha del infinito,Flèche de l'infini,Pfeil der Unendlichkeit,Freccia dell'Infinito,Flecha da Infinidade,,,無限の​矢,
ITEM_INFINITYARROW_DESC,"Use: Your next basic attack has +5 range, +100% Crit Chance, ignores shield and can't miss.[s:.7](Usable once per battle.)[/s]",,"Uso: El siguiente ataque básico tiene +5 de alcance y un 100 % de probabilidad de crítico, ignora el escudo y no puede fallar.[s:.7](Disponible una vez por combate).[/s]","Utilisation&nbsp;: votre prochaine attaque de base gagne Portée +5, +100&nbsp;% de chances de coup critique, ignore la défense et ne peut pas échouer.[s:.7](Utilisable 1&nbsp;fois par combat.)[/s]","Benutzen: Dein nächster Grundangriff hat +5&nbsp;Reichweite, +100&nbsp;% kritische Trefferwahrscheinlichkeit, ignoriert Schilde und kann nicht verfehlen.[s:.7](Einmal pro Kampf verwendbar.)[/s]","Uso: Il tuo prossimo attacco base ha +5 di raggio d'azione, +100% di probabilità di colpo critico, ignora lo scudo e non può mancare il bersaglio.[s:.7](Utilizzabile una volta per battaglia.)[/s]","Uso: seu próximo ataque possui +5 de alcance, +100% de chance de crítico, ignora escudos e não pode errar.[s:.7](Um uso por batalha.)[/s]",,,使用:次の​通常攻撃は​+5射程、​+100%クリティカル率、​シールド無視、​命中100%。[s:.7](バトル中1回のみ​使用可能。)[/s],
ITEM_IRRADIATEDOBJECT_NAME,Irradiated Object,,Objeto irradiado,Objet irradié,Verstrahlter Gegenstand,Oggetto Irradiato,Objeto Irradiado,,,放射能物体,
ITEM_IRRADIATEDOBJECT_DESC,{str_aux_item_desc},,{str_aux_item_desc},{str_aux_item_desc},{str_aux_item_desc},{str_aux_item_desc},{str_aux_item_desc},,,{str_aux_item_desc},
ITEM_IRRADIATEDOBJECT_BLEED_DESC,Use: A melee attack that inflicts Bleed 1.{str_aux_item_desc}[s:.7](Usable once per battle.)[/s],,Uso: Lanza un ataque cuerpo a cuerpo que inflige 1 de hemorragia.{str_aux_item_desc}[s:.7](Disponible una vez por combate).[/s],Utilisation&nbsp;: une attaque au corps-à-corps qui inflige Saignement +1.{str_aux_item_desc}[s:.7](Utilisable 1&nbsp;fois par combat.)[/s],"Benutzen: Ein Nahkampfangriff, der Blutung&nbsp;1 verursacht.{str_aux_item_desc}[s:.7](Einmal pro Kampf verwendbar.)[/s]",Uso: Un attacco corpo a corpo che infligge Sanguinamento 1.{str_aux_item_desc}[s:.7](Utilizzabile una volta per battaglia.)[/s],Uso: um ataque corpo-a-corpo que aplica sangramento 1.{str_aux_item_desc}[s:.7](Um uso por batalha.)[/s],,,使用:出血1を​付与する​近接攻撃。{str_aux_item_desc}[s:.7](バトル中1回のみ​使用可能。)[/s],
ITEM_IRRADIATEDOBJECT_BRUISE_DESC,Use: A melee attack that inflicts Bruise 1.{str_aux_item_desc}[s:.7](Usable once per battle.)[/s],,Uso: Lanza un ataque cuerpo a cuerpo que inflige 1 de moratón.{str_aux_item_desc}[s:.7](Disponible una vez por combate).[/s],Utilisation&nbsp;: une attaque au corps-à-corps qui inflige Contusion +1.{str_aux_item_desc}[s:.7](Utilisable 1&nbsp;fois par combat.)[/s],"Benutzen: Ein Nahkampfangriff, der Beulen&nbsp;1 verursacht.{str_aux_item_desc}[s:.7](Einmal pro Kampf verwendbar.)[/s]",Uso: Un attacco corpo a corpo che infligge Livido 1.{str_aux_item_desc}[s:.7](Utilizzabile una volta per battaglia.)[/s],Uso: um ataque corpo-a-corpo que aplica contusão 1.{str_aux_item_desc}[s:.7](Um uso por batalha.)[/s],,,使用:打撲1を​付与する​近接攻撃。{str_aux_item_desc}[s:.7](バトル中1回のみ​使用可能。)[/s],
ITEM_IRRADIATEDOBJECT_BURN_DESC,Use: A melee attack that inflicts Burn 1.{str_aux_item_desc}[s:.7](Usable once per battle.)[/s],,Uso: Lanza un ataque cuerpo a cuerpo que inflige 1 de quemadura.{str_aux_item_desc}[s:.7](Disponible una vez por combate).[/s],Utilisation&nbsp;: une attaque au corps-à-corps qui inflige Brûlure +1.{str_aux_item_desc}[s:.7](Utilisable 1&nbsp;fois par combat.)[/s],"Benutzen: Ein Nahkampfangriff, der Verbrennung&nbsp;1 verursacht.{str_aux_item_desc}[s:.7](Einmal pro Kampf verwendbar.)[/s]",Uso: Un attacco corpo a corpo che infligge Bruciatura 1.{str_aux_item_desc}[s:.7](Utilizzabile una volta per battaglia.)[/s],Uso: um ataque corpo-a-corpo que aplica queimadura 1.{str_aux_item_desc}[s:.7](Um uso por batalha.)[/s],,,使用:燃焼1を​付与する​近接攻撃。{str_aux_item_desc}[s:.7](バトル中1回のみ​使用可能。)[/s],
ITEM_IRRADIATEDOBJECT_CHARMED_DESC,Use: A melee attack that inflicts Charmed 1.{str_aux_item_desc}[s:.7](Usable once per battle.)[/s],,Uso: Lanza un ataque cuerpo a cuerpo que inflige 1 de embrujo.{str_aux_item_desc}[s:.7](Disponible una vez por combate).[/s],Utilisation&nbsp;: une attaque au corps-à-corps qui inflige Envoûtement +1.{str_aux_item_desc}[s:.7](Utilisable 1&nbsp;fois par combat.)[/s],"Benutzen: Ein Nahkampfangriff, der Charme&nbsp;1 verursacht.{str_aux_item_desc}[s:.7](Einmal pro Kampf verwendbar.)[/s]",Uso: Un attacco corpo a corpo che infligge Ammaliamento 1.{str_aux_item_desc}[s:.7](Utilizzabile una volta per battaglia.)[/s],Uso: um ataque corpo-a-corpo que aplica feitiço 1.{str_aux_item_desc}[s:.7](Um uso por batalha.)[/s],,,使用:魅了1を​付与する​近接攻撃。{str_aux_item_desc}[s:.7](バトル中1回のみ​使用可能。)[/s],
ITEM_IRRADIATEDOBJECT_CONFUSION_DESC,Use: A melee attack that inflicts Confusion 1.{str_aux_item_desc}[s:.7](Usable once per battle.)[/s],,Uso: Lanza un ataque cuerpo a cuerpo que inflige 1 de confusión.{str_aux_item_desc}[s:.7](Disponible una vez por combate).[/s],Utilisation&nbsp;: une attaque au corps-à-corps qui inflige Confusion +1.{str_aux_item_desc}[s:.7](Utilisable 1&nbsp;fois par combat.)[/s],"Benutzen: Ein Nahkampfangriff, der Verwirrung&nbsp;1 verursacht.{str_aux_item_desc}[s:.7](Einmal pro Kampf verwendbar.)[/s]",Uso: Un attacco corpo a corpo che infligge Confusione 1.{str_aux_item_desc}[s:.7](Utilizzabile una volta per battaglia.)[/s],Uso: um ataque corpo-a-corpo que aplica confusão 1.{str_aux_item_desc}[s:.7](Um uso por batalha.)[/s],,,使用:混乱1を​付与する​近接攻撃。{str_aux_item_desc}[s:.7](バトル中1回のみ​使用可能。)[/s],
ITEM_IRRADIATEDOBJECT_FEAR_DESC,Use: A melee attack that inflicts Fear 1.{str_aux_item_desc}[s:.7](Usable once per battle.)[/s],,Uso: Lanza un ataque cuerpo a cuerpo que inflige 1 de miedo.{str_aux_item_desc}[s:.7](Disponible una vez por combate).[/s],Utilisation&nbsp;: une attaque au corps-à-corps qui inflige Peur +1.{str_aux_item_desc}[s:.7](Utilisable 1&nbsp;fois par combat.)[/s],"Benutzen: Ein Nahkampfangriff, der Angst&nbsp;1 verursacht.{str_aux_item_desc}[s:.7](Einmal pro Kampf verwendbar.)[/s]",Uso: Un attacco corpo a corpo che infligge Paura 1.{str_aux_item_desc}[s:.7](Utilizzabile una volta per battaglia.)[/s],Uso: um ataque corpo-a-corpo que aplica medo 1.{str_aux_item_desc}[s:.7](Um uso por batalha.)[/s],,,使用:恐怖1を​付与する​近接攻撃。{str_aux_item_desc}[s:.7](バトル中1回のみ​使用可能。)[/s],
ITEM_IRRADIATEDOBJECT_POISON_DESC,Use: A melee attack that inflicts Poison 1.{str_aux_item_desc}[s:.7](Usable once per battle.)[/s],,Uso: Lanza un ataque cuerpo a cuerpo que inflige 1 de veneno.{str_aux_item_desc}[s:.7](Disponible una vez por combate).[/s],Utilisation&nbsp;: une attaque au corps-à-corps qui inflige Poison +1.{str_aux_item_desc}[s:.7](Utilisable 1&nbsp;fois par combat.)[/s],"Benutzen: Ein Nahkampfangriff, der Gift&nbsp;1 verursacht.{str_aux_item_desc}[s:.7](Einmal pro Kampf verwendbar.)[/s]",Uso: Un attacco corpo a corpo che infligge Veleno 1.{str_aux_item_desc}[s:.7](Utilizzabile una volta per battaglia.)[/s],Uso: um ataque corpo-a-corpo que aplica veneno 1.{str_aux_item_desc}[s:.7](Um uso por batalha.)[/s],,,使用:毒1を​付与する​近接攻撃。{str_aux_item_desc}[s:.7](バトル中1回のみ​使用可能。)[/s],
ITEM_IRRADIATEDOBJECT_SLEEP_DESC,Use: A melee attack that inflicts Sleep 1.{str_aux_item_desc}[s:.7](Usable once per battle.)[/s],,Uso: Lanza un ataque cuerpo a cuerpo que inflige 1 de sueño.{str_aux_item_desc}[s:.7](Disponible una vez por combate).[/s],Utilisation&nbsp;: une attaque au corps-à-corps qui inflige Sommeil +1.{str_aux_item_desc}[s:.7](Utilisable 1&nbsp;fois par combat.)[/s],"Benutzen: Ein Nahkampfangriff, der Schlaf&nbsp;1 verursacht.{str_aux_item_desc}[s:.7](Einmal pro Kampf verwendbar.)[/s]",Uso: Un attacco corpo a corpo che infligge Sonno 1.{str_aux_item_desc}[s:.7](Utilizzabile una volta per battaglia.)[/s],Uso: um ataque corpo-a-corpo que aplica sono 1.{str_aux_item_desc}[s:.7](Um uso por batalha.)[/s],,,使用:睡眠1を​付与する​近接攻撃。{str_aux_item_desc}[s:.7](バトル中1回のみ​使用可能。)[/s],
ITEM_IRRADIATEDOBJECT_STUN_DESC,Use: A melee attack that inflicts Stun 1.{str_aux_item_desc}[s:.7](Usable once per battle.)[/s],,Uso: Lanza un ataque cuerpo a cuerpo que inflige 1 de aturdimiento.{str_aux_item_desc}[s:.7](Disponible una vez por combate).[/s],Utilisation&nbsp;: une attaque au corps-à-corps qui inflige Étourdissement +1.{str_aux_item_desc}[s:.7](Utilisable 1&nbsp;fois par combat.)[/s],"Benutzen: Ein Nahkampfangriff, der Betäubung&nbsp;1 verursacht.{str_aux_item_desc}[s:.7](Einmal pro Kampf verwendbar.)[/s]",Uso: Un attacco corpo a corpo che infligge Stordimento 1.{str_aux_item_desc}[s:.7](Utilizzabile una volta per battaglia.)[/s],Uso: um ataque corpo-a-corpo que aplica atordoamento 1.{str_aux_item_desc}[s:.7](Um uso por batalha.)[/s],,,使用:スタン1を​付与する​近接攻撃。{str_aux_item_desc}[s:.7](バトル中1回のみ​使用可能。)[/s],
ITEM_IRRADIATEDOBJECT_WEAKNESS_DESC,Use: A melee attack that inflicts Weakness 1.{str_aux_item_desc}[s:.7](Usable once per battle.)[/s],,Uso: Lanza un ataque cuerpo a cuerpo que inflige 1 de debilidad.{str_aux_item_desc}[s:.7](Disponible una vez por combate).[/s],Utilisation&nbsp;: une attaque au corps-à-corps qui inflige Vulnérabilité +1.{str_aux_item_desc}[s:.7](Utilisable 1&nbsp;fois par combat.)[/s],"Benutzen: Ein Nahkampfangriff, der Schwäche&nbsp;1 verursacht.{str_aux_item_desc}[s:.7](Einmal pro Kampf verwendbar.)[/s]",Uso: Un attacco corpo a corpo che infligge Debolezza 1.{str_aux_item_desc}[s:.7](Utilizzabile una volta per battaglia.)[/s],Uso: um ataque corpo-a-corpo que aplica fraqueza 1.{str_aux_item_desc}[s:.7](Um uso por batalha.)[/s],,,使用:衰弱1を​付与する​近接攻撃。{str_aux_item_desc}[s:.7](バトル中1回のみ​使用可能。)[/s],
ITEM_JITTE_NAME,Jitte,,Jitte,Jitte,Jitte,Jitte,Jitte,,,十手,
ITEM_JITTE_DESC,"Use: A melee attack that deals damage equal to half your [img:str] rounded up, inflicts Weakness 1, and gives you +1 [img:str] and +1 HP on hit.",,"Uso: Lanza un ataque cuerpo a cuerpo que causa el mismo daño que la mitad redondeada al alza de [img:str], inflige 1 de debilidad y otorga +1 [img:str] y +1 PS al golpear.","Utilisation&nbsp;: une attaque au corps-à-corps qui inflige des dégâts égaux à la moitié de votre [img:str], arrondie au supérieur, inflige Vulnérabilité +1&nbsp;et vous confère [img:str] +1&nbsp;et PV +1&nbsp;à chaque coup.","Benutzen: Ein Nahkampfangriff, der Schaden in Höhe der Hälfte deiner [img:str] (aufgerundet) und Schwäche&nbsp;1 verursacht und dir +1&nbsp;[img:str] und +1&nbsp;LP verleiht, wenn er trifft.","Uso: Un attacco corpo a corpo che infligge un danno pari alla metà della tua [img:str] arrotondata per eccesso, Debolezza 1 e, se va a segno, ti fornisce +1 alla [img:str] e +1 PS.","Uso: um ataque corpo-a-corpo que causa dano equivalente à metade da sua [img:str] arredondada para cima, aplica fraqueza 1 e concede +1 de [img:str] e +1 PV ao atingir um alvo.",,,使用:[img:str]の​半分​(切り上げ)の​ダメージを​与え、​衰弱1を​付与し、​命中時に​+1 [img:str]と​+1HPを​獲得する​近接攻撃。,
ITEM_JOHNNYSSTOOL_NAME,Johnny's Stool,,Taburete de Johnny,Tabouret de Johnny,Johnnys Hocker,Sgabello di Johnny,Banqueta de Johnny,,,ジョニーの​椅子,
ITEM_JOHNNYSSTOOL_DESC,"Use: A melee attack with Knockback 2.If you end your turn with a unused movement actions, heal 3 HP and gain 3 Charge.",,"Uso: Lanza un ataque cuerpo a cuerpo con +2 de retroceso.Si esta unidad termina el turno con acciones de movimiento sin usar, recupera 3 PS y obtiene 3 de carga.","Utilisation&nbsp;: une attaque au corps-à-corps avec Recul +2.Si vous terminez votre tour avec des actions de déplacement inutilisées, vous confère 3&nbsp;PV et Charge +3.","Benutzen: Ein Nahkampfangriff mit Rückstoß&nbsp;2.Beendest du deinen Zug, ohne deine Bewegungsaktion verwendet zu haben, heilst du dich um 3&nbsp;LP und erhältst 3&nbsp;Ladung.","Uso: Un attacco corpo a corpo con Contraccolpo 2.Se termini il tuo turno con un'azione di movimento non utilizzata, recuperi 3 PS e ottieni 3 Carica.","Uso: um ataque corpo-a-corpo com empurrão 2.Se você finalizar seu turno com ações de movimento não utilizadas, cure 3 PV e obtenha 3 cargas.",,,使用:ノックバック2の​近接攻撃。​未使用の​移動アクションで​ターンを​終えると​3HP回復し3チャージ獲得。[b][/b],
ITEM_KANDARIAN_NAME,The Kandarian,,Daga kandariana,Le Kandarien,Der Kandarianer,Il Kandarian,O Kandariano,,,カンダリアン,
ITEM_KANDARIAN_DESC,Use: A melee attack that always crits and inflicts Bleed 10.,,Uso: Lanza un ataque cuerpo a cuerpo que siempre asesta un golpe crítico e inflige 10 de hemorragia.,Utilisation&nbsp;: une attaque au corps-à-corps toujours critique qui inflige Saignement +10.,"Benutzen: Ein Nahkampfangriff, der immer kritisch trifft und Blutung&nbsp;10 verursacht.",Uso: Un attacco corpo a corpo che è sempre critico e infligge Sanguinamento 10.,Uso: um ataque corpo-a-corpo que é sempre crítico e aplica sangramento 10.,,,使用:常に​クリティカルし出血10を​付与する​近接攻撃。[b][/b],
ITEM_KEBAB_NAME,Kebab,,Pincho moruno,Broche à kebab,Dönerspieß,Kebab,Kebab,,,串,
ITEM_KEBAB_DESC,Use: A melee attack with +1 reach that penetrates through units.,,Uso: Lanza un ataque cuerpo a cuerpo con +1 de extensión que perfora a las unidades.,Utilisation&nbsp;: une attaque au corps-à-corps avec Allonge +1&nbsp;qui traverse les unités.,"Benutzen: Ein Nahkampfangriff mit +1&nbsp;Reichweite, der Einheiten durchbohrt.",Uso: Un attacco corpo a corpo con portata +1 che penetra attraverso le unità.,Uso: um ataque corpo-a-corpo com +1 de envergadura que atravessa unidades.,,,使用:ユニットを​貫通する​リーチ+1の​近接攻撃。[b][/b],
ITEM_LACEDNEEDLE_NAME,Laced Needle,,Aguja emponzoñada,Aiguille empoisonnée,Dreckige Nadel,Ago Avvelenato,Agulha Envenenada,,,毒針,
ITEM_LACEDNEEDLE_DESC,Use: A melee attack that inflicts Poison 1.Can be used 3 times per turn.,,Uso: Lanza un ataque cuerpo a cuerpo que inflige 1 de veneno.Puede usarse 3 veces por turno.,Utilisation&nbsp;: une attaque au corps-à-corps qui inflige Poison +1.Utilisable 3&nbsp;fois par tour.,"Benutzen: Ein Nahkampfangriff, der Gift&nbsp;1 verursacht.Kann pro Zug 3-mal benutzt werden.",Uso: Un attacco corpo a corpo che infligge Veleno 1.Può essere usato 3 volte per turno.,Uso: um ataque corpo-a-corpo que aplica veneno 1.Pode ser utilizado 3 vezes por turno.,,,使用:毒1を​付与する​近接攻撃。​1ターンに​3回使用可能。[b][/b],
ITEM_LIGHTER_NAME,Lighter,,Mechero,Briquet,Feuerzeug,Accendino,Isqueiro,,,ライター,
ITEM_LIGHTER_DESC,Use: Inflict Burn 1 on an adjacent unit.,,Uso: Inflige 1 de quemadura a una unidad adyacente.,Utilisation&nbsp;: inflige Brûlure +1&nbsp;à une unité adjacente.,Benutzen: Verursache Verbrennung&nbsp;1 bei einer benachbarten Einheit.,Uso: Infliggi Bruciatura 1 a un'unità adiacente.,Uso: aplique queimadura 1 em uma unidade adjacente.,,,使用:隣接ユニットに​燃焼1を​付与する。[b][/b],
ITEM_LILKITTY_NAME,Lil' Kitty,,Minina,Petit chaton,Kleines Kätzchen,Micetto,Gatinhozinho,,,リルキティ,
ITEM_LILKITTY_DESC,Use: Spawn a Flea familiar.,,Uso: Genera un familiar pulga.,Utilisation&nbsp;: invoque une puce de compagnie.,Benutzen: Lasse einen Flohbegleiter erscheinen.,Uso: Generi un famiglio Pulce.,Uso: gere um familiar pulga.,,,使用:ノミの​使い魔を​生成する。[b][/b],
ITEM_LILSLUGGER_NAME,Lil' Slugger,,Minibate,Petite batte,Kleiner Baseballschläger,Battitore,Rebatedor,,,リルスラッガー,
ITEM_LILSLUGGER_DESC,Use: Knock back a unit 5 tiles.,,Uso: Hace retroceder 5 casillas a una unidad.,Utilisation&nbsp;: inflige Recul +5&nbsp;à une unité..,Benutzen: Stoße eine Einheit 5&nbsp;Felder zurück.,Uso: Respingi un'unità di 5 caselle.,Uso: empurre uma unidade 5 espaços para trás.,,,使用:ユニットを​5タイルノックバックする。[b][/b],
ITEM_LIPFILLER_NAME,Lip Filler,,Relleno labial,Botox,Lippenfiller,Filler per Labbra,Preenchimento Labial,,,リップフィラー,
ITEM_LIPFILLER_DESC,Use: Gain +1 [img:cha] and 2 mana.,,Uso: Obtiene +1 [img:cha] y 2 de maná.,Utilisation&nbsp;: [img:cha] +1&nbsp;et Mana +2.,Benutzen: Erhalte +1&nbsp;[img:cha] und 2&nbsp;Mana.,Uso: Ottieni +1 al [img:cha] e 2 mana.,Uso: obtenha +1 de [img:cha] e 2 de mana.,,,使用:+1 [img:cha]と​2マナを​獲得。,
ITEM_LOG_NAME,Log,,Tronco,Bûche,Stamm,Tronco,Tronco,,,丸太,
ITEM_LOG_DESC,Use: A wide attack that hits all units in an area.,,Uso: Lanza un ataque amplio que golpea a todas las unidades en un área.,Utilisation&nbsp;: une attaque ample qui touche toutes les unités d'une zone donnée.,"Benutzen: Ein weitflächiger Angriff, der alle Einheiten in einem bestimmten Bereich trifft.",Uso: Un attacco ampio che colpisce tutte le unità in un'area.,Uso: um ataque amplo que atinge todas as unidades em uma área.,,,使用:エリア内の​全ユ​ニットを​攻撃する​広範囲攻撃。[b][/b],
ITEM_MAMMOTHTUSK_NAME,Mammoth Tusk,,Colmillo de mamut,Défense de mammouth,Mammutstoßzahn,Zanna di Mammut,Presa de Mamute,,,マンモスの​牙,
ITEM_MAMMOTHTUSK_DESC,Use: A melee attack that inflicts Bruise 2 and Confusion. Become Drowsy after use.[s:.7](Usable once per battle.)[/s],,Uso: Lanza un ataque cuerpo a cuerpo que inflige confusión y 2 de moratón. Esta unidad sufre somnolencia después de usarlo.[s:.7](Disponible una vez por combate).[/s],Utilisation&nbsp;: une attaque au corps-à-corps qui inflige Contusion +2&nbsp;et Confusion. Subit Somnolence après utilisation.[s:.7](Utilisable 1&nbsp;fois par combat.)[/s],"Benutzen: Ein Nahkampfangriff, der Beulen&nbsp;2 und Verwirrung verursacht. Nach Benutzung wirst du Schläfrig.[s:.7](Einmal pro Kampf verwendbar.)[/s]",Uso: Un attacco corpo a corpo che infligge Livido 2 e Confusione. Subisci Sonnolenza dopo l'uso.[s:.7](Utilizzabile una volta per battaglia.)[/s],Uso: um ataque corpo-a-corpo que aplica contusão 2 e confusão. Sofra sonolência após utilizar.[s:.7](Um uso por batalha.)[/s],,,使用:打撲2と​混乱を​付与する​近接攻撃。​使用後眠気状態に​なる。[s:.7](バトル中1回のみ​使用可能。)[/s],
ITEM_MANHOLECOVER_NAME,Manhole Cover,,Tapa de alcantarilla,Plaque d'égout,Gullideckel,Tombino,Tampa de Bueiro,,,マンホールの​蓋,
ITEM_MANHOLECOVER_DESC,Brace 2.Use: A ranged attack with Knockback 2 that passes through units and returns to you.,,2 de refuerzo.Uso: Lanza un ataque a distancia con 2 de retroceso que atraviesa a las unidades y regresa.,Garde +2.Utilisation&nbsp;: une attaque à distance avec Recul +2&nbsp;qui traverse les ennemis et revient vers vous.,"Wappnen&nbsp;2.Benutzen: Ein Fernkampfangriff mit Rückstoß&nbsp;2, der Einheiten durchbohrt und zu dir zurückkehrt.",Guardia 2.Uso: Un attacco a distanza con Contraccolpo 2 che passa attraverso le unità e torna da te.,Preparação 2.Uso: um ataque à distância com empurrão 2 que atravessa unidades e retorna para você.,,,ガード2。​使用:ユニットを​貫通して​戻ってくる​ノックバック2の​遠距離攻撃。[b][/b],
ITEM_MEATBOMB_NAME,Meat Bomb,,Bomba de carne,Bombe de chair,Fleischbombe,Bomba di Carne,Bomba de Carne,,,肉爆弾,
ITEM_MEATBOMB_DESC,Use: Throw a bomb that explodes.,,Uso: Lanza una bomba que hace explosión.,Utilisation&nbsp;: lance une bombe qui explose.,Benutzen: Wirf eine explodierende Bombe.,Uso: Lanci una bomba che esplode.,Uso: lance uma bomba que explode.,,,使用:爆発する​爆弾を​投げる。[b][/b],
ITEM_MEATCLEAVER_NAME,Meat Cleaver,,Hacha de carnicero,Couteau de boucherie,Fleischerbeil,Mannaia da Carne,Cisão Carnívora,,,肉切り包丁,
ITEM_MEATCLEAVER_DESC,Use: A melee attack with Cleave that deals damage equal to half the target's current HP.Bosses take 1/6th of their current HP in damage instead.[s:.7](Usable once per battle.)[/s],,Uso: Lanza un ataque cuerpo a cuerpo con incisión que inflige un daño igual a la mitad de PS que tenga el objetivo.Los jefes sufren daño equivalente a un sexto de sus PS.[s:.7](Disponible una vez por combate).[/s],Utilisation&nbsp;: une attaque au corps-à-corps qui inflige Fendoir ainsi que des dégâts égaux à la moitié des PV actuels de la cible.Les boss perdent 1/6e de leurs PV actuels.[s:.7](Utilisable 1&nbsp;fois par combat.)[/s],"Benutzen: Ein Nahkampfangriff, der Schlachtet und Schaden in Höhe der Hälfte der aktuellen LP des Ziels verursacht.Bosse erleiden ein Sechstel ihrer aktuellen LP als Schaden.[s:.7](Einmal pro Kampf verwendbar.)[/s]","Uso: Un attacco corpo a corpo con Fendente che infligge un danno pari a metà dei PS attuali del bersaglio.I boss, invece, subiscono come danno 1/6 dei loro PS attuali.[s:.7](Utilizzabile una volta per battaglia.)[/s]",Uso: um ataque corpo-a-corpo com cisão que causa dano equivalente à metade da saúde atual do alvo.Chefes sofrem 1/5 de sua saúde atual.[s:.7](Um uso por batalha.)[/s],,,使用:対象の​現在HP半分の​ダメージを​与える​肉切り近接攻撃。​ボスには​現在HPの​1/6ダメージ。[s:.7](バトル中1回のみ​使用可能。)[/s],
ITEM_MEATSLUGGER_NAME,Meat Slugger,,Bate sangriento,Bourreau de chair,Fleischschläger,Mazza di Carne,Rebatedor de Carne,,,ミートスラッガー,
ITEM_MEATSLUGGER_DESC,Use: A melee attack with Knockback 10 that inflicts Bruise.,,Uso: Lanza un ataque cuerpo a cuerpo con 10 de retroceso que inflige moratón.,Utilisation&nbsp;: une attaque au corps-à-corps avec Recul +10&nbsp;qui inflige Contusion.,"Benutzen: Ein Nahkampfangriff mit Rückstoß&nbsp;10, der Beulen verursacht.",Uso: Un attacco corpo a corpo con Contraccolpo 10 che infligge Livido.,Uso: um ataque corpo-a-corpo com empurrão 10 que aplica contusão.,,,使用:打撲を​付与する​ノックバック​10の​近接攻撃。[b][/b],
ITEM_MEGAALIENBLASTER_NAME,Mega Alien Blaster,,Megadesintegrador extraterrestre,Mégaflingue extraterrestre,Mega-Alienblaster,Mega Blaster Alieno,Mega Blaster Alienígena,,,メガエイリアンブラスター,
ITEM_MEGAALIENBLASTER_DESC,Use: A laser attack. Gains +5 damage for the rest of the battle each time it's used.Take 5 damage when used.,,Uso: Lanza un ataque láser. Obtiene +5 de daño durante el resto del combate cada vez que se usa.Sufre 5 de daño al usarlo.,Utilisation&nbsp;: une attaque laser. Dégâts +5&nbsp;à chaque utilisation durant ce combat.Vous subissez 5&nbsp;dégâts à l'utilisation.,"Benutzen: Ein Laserangriff. Erhält für den Rest des Kampfes jedes Mal +5&nbsp;Schaden, wenn er benutzt wird.Erleide bei Benutzung 5&nbsp;Schaden.",Uso: Un attacco laser. Ottieni +5 al danno per il resto della battaglia ogni volta che viene utilizzato.Subisci 5 di danno quando viene utilizzato.,Uso: um ataque a laser. Obtém +5 de dano pelo resto da batalha a cada vez que é utilizado.Sofra 5 de dano ao utilizá-lo.,,,使用:レーザー攻撃。​使用する​たびに​バトル中+5ダメージ獲得。​使用時に​5ダメージを​受ける。[b][/b],
ITEM_MELONBALLER_NAME,Melon Baller,,Cuchara para bolas,Cuillère parisienne,Eislöffel,Scavapalline,Olho de Melão,,,メロンボーラー,
ITEM_MELONBALLER_DESC,Use: A melee attack that inflicts Blind 3 and gives you a random eye trinket if you don't have a trinket equipped.,,Uso: Lanza un ataque cuerpo a cuerpo que inflige 3 de ceguera y otorga al azar una baratija para el ojo si esta unidad no tiene ninguna equipada.,Utilisation&nbsp;: une attaque au corps-à-corps qui inflige Cécité +3&nbsp;et vous confère une babiole oculaire aléatoire si vous n'en avez pas équipé.,"Benutzen: Ein Nahkampfangriff, der Blindheit&nbsp;3 verursacht und dir ein zufälliges Zubehör für die Augen gibt, wenn kein Zubehör ausgerüstet ist.",Uso: Un attacco corpo a corpo che infligge Accecamento 3 e ti fornisce un ciondolo per occhio casuale se non hai un ciondolo equipaggiato.,"Uso: um ataque corpo-a-corpo que aplica cegueira 3 e concede um acessório de olho aleatório, caso você não possua um acessório equipado.",,,使用:盲目3を​付与し、​装備アクセサリーが​ない​場合ランダムな​目の​アクセサリーを​得る​近接攻撃。[b][/b],
ITEM_MINIJETPACK_NAME,Mini Jetpack,,Minimochila propulsora,Mini jetpack,Mini-Jetpack,Mini Jetpack,Mini Jetpack,,,ミニジェットパック,
ITEM_MINIJETPACK_DESC,"Use: Fly to a random tile within a target area. If you land on a unit, explode dealing 5 damage in an area (including to yourself).",,"Uso: Vuela hasta una casilla al azar en un área objetivo. Si aterriza encima de una unidad, estalla e inflige 5 de daño en un área (esta unidad incluida).","Utilisation&nbsp;: vous volez vers une case aléatoire dans la zone ciblée. Si vous atterrissez sur une unité, vous explosez et infligez 5&nbsp;dégâts de zone (y compris à vous-même).","Benutzen: Fliege zu einem zufälligen Feld in einem Zielbereich. Landest du auf einer Einheit, verursache eine Explosion und verursache in einem bestimmten Bereich 5&nbsp;Schaden (auch bei dir selbst).","Uso: Voli verso una casella casuale all'interno di un'area bersaglio. Se atterri su un'unità, esplodi infliggendo 5 di danno in un'area (anche a te).","Uso: voe até um espaço aleatório em uma área alvo. Se cair em uma unidade, exploda para causar 5 de dano em uma área (incluindo você).",,,使用:対象エリア内の​ランダムな​タイルに​飛ぶ。​ユニットの​上に​着地すると​爆発し範囲5ダメージ(自分​含む)。[b][/b],
ITEM_MININUKE_NAME,Mini Nuke,,Miniarma nuclear,Mini ogive,Mini-Atombombe,Mini Atomica,Mini Bomba Nuclear,,,ミニ核爆弾,
ITEM_MININUKE_DESC,Use: Throw a mini nuke that makes a HUGE explosion that spawns toxic sludge.,,Uso: Lanza un arma nuclear pequeñita que estalla a lo grande y genera residuos tóxicos.,Utilisation&nbsp;: lance une mini ogive qui provoque une ÉNORME explosion et laisse derrière elle de la boue toxique.,"Benutzen: Wirf eine Mini-Atombombe, die eine RIESIGE Explosion auslöst und giftigen Schleim erscheinen lässt.",Uso: Lanci una mini atomica che provoca un'ENORME esplosione che genera fanghiglia tossica.,Uso: lance uma mini bomba nuclear que cria uma explosão ENORME e gera lodo tóxico.,,,使用:毒スラッジを​生成する​巨大爆発の​ミニ核爆弾を​投げる。[b][/b],
ITEM_MJOLNIR_NAME,Mjolnir,,Mjolnir,Mjöllnir,Mjölnir,Mjolnir,Mjolnir,,,ミョルニル,
ITEM_MJOLNIR_DESC,"Use: A ranged attack that passes through units and returns to you after you throw it. At its apex, it deals electric damage.[s:.7](Usable once per battle.)[/s]",,"Uso: Lanza un ataque a distancia que atraviesa a las unidades y después regresa. En el punto álgido, inflige daño eléctrico.[s:.7](Disponible una vez por combate).[/s]","Utilisation&nbsp;: une attaque à distance qui traverse les unités et revient vers vous. Au point culminant de sa trajectoire, elle inflige des dégâts électriques.[s:.7](Utilisable 1&nbsp;fois par combat.)[/s]","Benutzen: Ein Fernkampfangriff, der Einheiten durchbohrt und zu dir zurückkehrt. Verursacht an seinem weitesten Punkt elektrischen Schaden.[s:.7](Einmal pro Kampf verwendbar.)[/s]","Uso: Un attacco a distanza che attraversa le unità e ritorna da te dopo il lancio. Al suo apice, infligge danno elettrico.[s:.7](Utilizzabile una volta per battaglia.)[/s]","Uso: um ataque à distância que atravessa unidades e retorna para você ao lançá-lo. Em seu ápice, este ataque causa dano elétrico.[s:.7](Um uso por batalha.)[/s]",,,使用:ユニットを​貫通し投擲後に​戻ってくる​遠距離攻撃。​最高点で​電撃ダメージ。[s:.7](バトル中1回のみ​使用可能。)[/s],
ITEM_MODDEDHAIRSPRAY_NAME,Modded Hairspray,,Laca loca,Laque trafiquée,Modifiziertes Haarspray,Lacca Truccata,Spray de Cabelo Modificado,,,改造ヘアスプレー,
ITEM_MODDEDHAIRSPRAY_DESC,Use: Deal fire damage in a cone.,,Uso: Inflige daño ígneo en un área cónica.,Utilisation&nbsp;: inflige des dégâts de feu en cône.,Benutzen: Verursache in einem kegelförmigen Bereich Feuerschaden.,Uso: Infliggi danno da fuoco in un cono.,Uso: cause dano de fogo em um cone.,,,使用:円錐範囲に​火ダメージ。,
ITEM_MODELINGCLAY_NAME,Modeling Clay,,Arcilla,Pâte à modeler,Knetmasse,Argilla Modellante,Massa de Modelar,,,粘土,
ITEM_MODELINGCLAY_DEFAULT_DESC,Use: A lobbed attack.,,Uso: Lanza un ataque en arco.,Utilisation&nbsp;: une attaque en cloche.,"Benutzen: Ein Angriff, der Hindernisse ignoriert.",Uso: Un attacco a parabola.,Uso: um ataque em arco.,,,使用:放物攻撃。,
ITEM_MODELINGCLAY_DESC,"{str_aux_item_desc}[s:.7](This changes into a different weapon each time it's used.)[/s]",,{str_aux_item_desc}[s:.7](Se transforma en un arma distinta cada vez que se usa).[/s],{str_aux_item_desc}[s:.7](Se change en une arme différente à chaque utilisation.)[/s],"{str_aux_item_desc}[s:.7](Wird jedes Mal, wenn sie benutzt wird, zu einer anderen Waffe.)[/s]",{str_aux_item_desc}[s:.7](Si trasforma in un'arma diversa ogni volta che viene usata.)[/s],{str_aux_item_desc}[s:.7](Isto se torna uma arma diferente a cada vez que for usada.)[/s],,,{str_aux_item_desc}[s:.7](使用する​たびに​別の​武器に​変化する。)[/s],
ITEM_MOLAR_NAME,Molars,,Molares,Molaires,Backenzähne,Molari,Molares,,,臼歯,
ITEM_MOLAR_DESC,Use: A low-damage lobbed attack.,,Uso: Lanza un ataque en arco que inflige poco daño.,Utilisation&nbsp;: une attaque en cloche infligeant peu de dégâts.,"Benutzen: Ein Angriff, der Hindernisse ignoriert und wenig Schaden verursacht.",Uso: Un attacco a parabola a basso danno.,Uso: um ataque em arco de dano baixo.,,,使用:低ダメージ放物攻撃。,
ITEM_MOMSKNIFE_NAME,Mom's Knife,,Cuchillo de mamá,Couteau de maman,Mamas Messer,Coltello di Mamma,Faca da Mamãe,,,ママの​ナイフ,
ITEM_MOMSKNIFE_DESC,Use: Throw a penetrating projectile that returns to you.,,Uso: Arroja un proyectil perforante que vuelve a la unidad.,Utilisation&nbsp;: lance un projectile perforant qui revient vers vous.,"Benutzen: Wirf ein durchbohrendes Geschoss, das zu dir zurückkehrt.",Uso: Lanci un proiettile penetrante che torna da te.,Uso: lance um projétil penetrante que retorna para você.,,,使用:貫通して​戻ってくる​飛び道具を​投げる。[b][/b],
ITEM_MOMSTOENAIL_NAME,Mom's Toenail,,Uña del pie de mamá,Ongle de pied de maman,Mamas Zehennagel,Unghia del Piede di Mamma,Unha do Pé da Mamãe,,,ママの​足の​爪,
ITEM_MOMSTOENAIL_DESC,Use: A melee attack.,,Uso: Lanza un ataque cuerpo a cuerpo.,Utilisation&nbsp;: une attaque au corps-à-corps.,Benutzen: Ein Nahkampfangriff.,Uso: Un attacco corpo a corpo.,Uso: um ataque corpo-a-corpo.,,,使用:近接攻撃。,
ITEM_MONEYBAG_HUGE_NAME,Money Bag,,Bolsa de dinero,Sac d'argent,Geldbeutel,Sacco con Soldi,Saco de Dinheiro,,,巨大財布,
ITEM_MONEYBAG_HUGE_DESC,Becomes {aux} coins when you return home.Use: A melee attack.,,Se transforma en {aux} monedas al volver a casa.Uso: Lanza un ataque cuerpo a cuerpo.,Se change en {aux} pièces quand vous rentrez chez vous.Utilisation&nbsp;: une attaque au corps-à-corps.,"Wird zu {aux}&nbsp;Münzen, wenn du nach Hause zurückkehrst.Benutzen: Ein Nahkampfangriff.",Diventa {aux} monete quando torni a casa.Uso: Un attacco corpo a corpo.,Torna-se {aux} moedas quando você volta para casa.Uso: um ataque corpo-a-corpo.,,,帰宅時に{aux}コインに​なる。​使用:近接攻撃。[b][/b],
ITEM_MONEYBAG_LARGE_NAME,Money Bag,,Bolsa de dinero,Sac d'argent,Geldbeutel,Sacco con Soldi,Saco de Dinheiro,,,大財布,
ITEM_MONEYBAG_LARGE_DESC,Becomes {aux} coins when you return home.Use: A melee attack.,,Se transforma en {aux} monedas al volver a casa.Uso: Lanza un ataque cuerpo a cuerpo.,Se change en {aux} pièces quand vous rentrez chez vous.Utilisation&nbsp;: une attaque au corps-à-corps.,"Wird zu {aux}&nbsp;Münzen, wenn du nach Hause zurückkehrst.Benutzen: Ein Nahkampfangriff.",Diventa {aux} monete quando torni a casa.Uso: Un attacco corpo a corpo.,Torna-se {aux} moedas quando você volta para casa.Uso: um ataque corpo-a-corpo.,,,帰宅時に{aux}コインに​なる。​使用:近接攻撃。[b][/b],
ITEM_MONEYBAG_MEDIUM_NAME,Money Bag,,Bolsa de dinero,Sac d'argent,Geldbeutel,Sacco con Soldi,Saco de Dinheiro,,,中財布,
ITEM_MONEYBAG_MEDIUM_DESC,Becomes {aux} coins when you return home.Use: A melee attack.,,Se transforma en {aux} monedas al volver a casa.Uso: Lanza un ataque cuerpo a cuerpo.,Se change en {aux} pièces quand vous rentrez chez vous.Utilisation&nbsp;: une attaque au corps-à-corps.,"Wird zu {aux}&nbsp;Münzen, wenn du nach Hause zurückkehrst.Benutzen: Ein Nahkampfangriff.",Diventa {aux} monete quando torni a casa.Uso: Un attacco corpo a corpo.,Torna-se {aux} moedas quando você volta para casa.Uso: um ataque corpo-a-corpo.,,,帰宅時に{aux}コインに​なる。​使用:近接攻撃。[b][/b],
ITEM_MONEYBAG_SMALL_NAME,Money Bag,,Bolsa de dinero,Sac d'argent,Geldbeutel,Sacco con Soldi,Saco de Dinheiro,,,小財布,
ITEM_MONEYBAG_SMALL_DESC,Becomes {aux} coins when you return home.Use: A melee attack.,,Se transforma en {aux} monedas al volver a casa.Uso: Lanza un ataque cuerpo a cuerpo.,Se change en {aux} pièces quand vous rentrez chez vous.Utilisation&nbsp;: une attaque au corps-à-corps.,"Wird zu {aux}&nbsp;Münzen, wenn du nach Hause zurückkehrst.Benutzen: Ein Nahkampfangriff.",Diventa {aux} monete quando torni a casa.Uso: Un attacco corpo a corpo.,Torna-se {aux} moedas quando você volta para casa.Uso: um ataque corpo-a-corpo.,,,帰宅時に{aux}コインに​なる。​使用:近接攻撃。[b][/b],
ITEM_MYSTERIOUSBONE_NAME,Mysterious Bone,,Hueso misterioso,Os mystérieux,Geheimnisvoller Knochen,Osso Misterioso,Osso Misterioso,,,謎の​骨,
ITEM_MYSTERIOUSBONE_DESC,Use: A melee attack with a 25% chance to inflict Charm.,,Uso: Lanza un ataque cuerpo a cuerpo con un 25 % de probabilidad de infligir embrujo.,Utilisation&nbsp;: une attaque au corps-à-corps avec 25&nbsp;% de chances d'infliger Envoûtement.,"Benutzen: Ein Nahkampfangriff, der mit 25%iger Chance Charme verursacht.",Uso: Un attacco corpo a corpo con un 25% di probabilità di infliggere Fascino.,Uso: um ataque corpo-a-corpo com 25% de chance de aplicar feitiço.,,,使用:25%の​確率で​魅了を​付与する​近接攻撃。[b][/b],
ITEM_NAILBOARD_NAME,Nail Board,,Tabla con clavo,Planche à clous,Nagelbrett,Tavola Chiodata,Prancheta de Pregos,,,釘板,
ITEM_NAILBOARD_DESC,Use: A wide melee attack.,,Uso: Lanza un ataque cuerpo a cuerpo amplio.,Utilisation&nbsp;: une attaque au corps-à-corps ample.,Benutzen: Ein weiter Nahkampfangriff.,Uso: Un attacco corpo a corpo ad ampio raggio.,Uso: um ataque corpo-a-corpo amplo.,,,使用:​広範囲近接攻撃。,
ITEM_NAILGUN_NAME,Nail Gun,,Pistola de clavos,Pistolet à clous,Nagelpistole,Sparachiodi,Pistola de Pregos,,,ネイルガン,
ITEM_NAILGUN_DESC,Use: Fire a shot in a straight line that inflicts +1 Thorns.,,Uso: Dispara un proyectil en línea recta que inflige +1 de espinas.,Utilisation&nbsp;: tire un projectile en ligne droite qui inflige Épines +1.,Benutzen: Schieße in einer geraden Linie und verursache +1&nbsp;Dornen.,Uso: Spari un colpo in linea retta che infligge +1 Spine.,Uso: realize um disparo em linha reta que aplica +1 de espinhos.,,,使用:+1棘を​付与する​直線射撃。[b][/b],
ITEM_NECRONOMICON_NAME,Necronomicon,,Necronomicón,Necronomicon,Necronomicon,Necronomicon,Necronomicon,,,ネクロノミコン,
ITEM_NECRONOMICON_DESC,Use: Unearth 5 zombies. These zombies have a 33% chance of having Madness.[s:.7](Usable once per battle.)[/s],,Uso: Desentierra 5 zombis que tienen un 33 % de probabilidad de sufrir locura.[s:.7](Disponible una vez por combate).[/s],Utilisation&nbsp;: exhume 5&nbsp;zombies. Ces zombies ont 33&nbsp;% de chances d'être affectés par Folie.[s:.7](Utilisable 1&nbsp;fois par combat.)[/s],Benutzen: Beschwöre 5&nbsp;Zombies. Jeder Zombie leidet mit 33%iger Wahrscheinlichkeit an Wahnsinn.[s:.7](Einmal pro Kampf verwendbar.)[/s],Uso: Dissotterri 5 zombie. Questi zombie hanno un 33% di probabilità di essere affetti da Follia.[s:.7](Utilizzabile una volta per battaglia.)[/s],Uso: desenterre 5 zumbis. Esses zumbis possuem uma chance de 33% de possuir insanidade.[s:.7](Um uso por batalha.)[/s],,,使用:5体の​ゾンビを​掘り起こす。​これらの​ゾンビは​33%の​確率で​狂気を​持つ。[s:.7](バトル中1回のみ​使用可能。)[/s],
ITEM_OBSIDIANCHUNK_NAME,Obsidian Chunk,,Fragmento de obsidiana,Morceau d'obsidienne,Obsidianbrocken,Pezzo di Ossidiana,Pedaço de Obsidiana,,,黒曜石の​塊,
ITEM_OBSIDIANCHUNK_DESC,Use: A melee attack.This weapon gains +2 damage each time it's used.Damage resets at the end of the adventure.,,Uso: Lanza un ataque cuerpo a cuerpo.Esta arma obtiene +2 de daño cada vez que se usa.El daño se restaura al final de la aventura.,Utilisation&nbsp;: une attaque au corps-à-corps.Cette arme gagne Dégâts +2&nbsp;à chaque utilisation.Les dégâts sont réinitialisés à la fin de l'aventure.,"Benutzen: Ein Nahkampfangriff.Diese Waffe erhält jedes Mal, wenn sie benutzt wird, +2&nbsp;Schaden.Schaden wird am Ende des Abenteuers zurückgesetzt.",Uso: Un attacco corpo a corpo.Quest'arma subisce +2 di danno ogni volta che viene utilizzata.Il danno si resetta alla fine dell'avventura.,Uso: um ataque corpo-a-corpo.Esta arma obtém +2 de dano a cada vez que é utilizada.O dano é reiniciado no final da aventura.,,,使用:近接攻撃。​使用する​たびに​+2ダメージ獲得。​ダメージは​冒険終了時に​リセット。[b][/b],
ITEM_OCARINA_NAME,Ocarina,,Ocarina,Ocarina,Okarina,Ocarina,Ocarina,,,オカリナ,
ITEM_OCARINA_DESC,Use: Cast a random musical spell.,,Uso: Lanza un hechizo musical al azar.,Utilisation&nbsp;: lance un sort musical aléatoire.,Benutzen: Wirke einen zufälligen Musikzauber.,Uso: Lanci un incantesimo musicale casuale.,Uso: lance um encantamento musical aleatório.,,,使用:ランダムな​音楽スペルを​詠唱する。[b][/b],
ITEM_ODDREMOTE_NAME,Odd Remote,,Mando extravagante,Télécommande étrange,Komische Fernbedienung,Telecomando Bizzarro,Controle Estranho,,,奇妙な​リモコン,
ITEM_ODDREMOTE_DESC,Use: Cast a random spell.,,Uso: Lanza un hechizo al azar.,Utilisation&nbsp;: lance un sort aléatoire.,Benutzen: Wirke einen zufälligen Zauber.,Uso: Lanci un incantesimo casuale.,Uso: lance um encantamento aleatório.,,,使用:ランダムな​スペルを​詠唱する。[b][/b],
ITEM_OLDEXTINGUISHER_NAME,Old Extinguisher,,Extintor viejo,Vieil extincteur,Alter Feuerlöscher,Vecchio Estintore,Extintor Antigo,,,古い​消火器,
ITEM_OLDEXTINGUISHER_DESC,Use: Extinguishes fires in a cone with Knockback 5.[s:.7](Usable once per battle.)[/s],,Uso: Apaga fuegos en un área cónica con 5 de retroceso.[s:.7](Disponible una vez por combate).[/s],Utilisation&nbsp;: éteint les incendies en cône avec Recul +5.[s:.7](Utilisable 1&nbsp;fois par combat.)[/s],Benutzen: Löscht Feuer in einem kegelförmigen Bereich mit Rückstoß&nbsp;5.[s:.7](Einmal pro Kampf verwendbar.)[/s],Uso: Spegne gli incendi in un cono con Contraccolpo 5.[s:.7](Utilizzabile una volta per battaglia.)[/s],Uso: apaga incêndios em um cone com empurrão 5.[s:.7](Um uso por batalha.)[/s],,,使用:ノックバック5の​円錐範囲で​火を​消火する。[s:.7](バトル中1回のみ​使用可能。)[/s],
ITEM_OLDHOSE_NAME,Old Hose,,Manguera vieja,Vieux robinet,Alter Schlauch,Vecchio Tubo,Mangueira Antiga,,,古い​ホース,
ITEM_OLDHOSE_DESC,Use: A water attack that hits an entire line with Knockback 10.,,Uso: Lanza un ataque acuoso que golpea a una línea entera con 10 de retroceso.,Utilisation&nbsp;: une attaque de type Eau qui touche toute une ligne avec Recul +10.,"Benutzen: Ein Wasserangriff, der eine gesamte Reihe mit Rückstoß&nbsp;10 trifft.",Uso: Un attacco d'acqua che colpisce un'intera linea con Contraccolpo 10.,Uso: um ataque de água que atinge uma linha inteira com empurrão 10.,,,使用:ノックバック​10の​直線全体を​攻撃する​水攻撃。[b][/b],
ITEM_PHARAOHSTAFF_NAME,Pharaoh's Staff,,Báculo faraónico,Sceptre du pharaon,Stab des Pharaos,Bastone del Faraone,Cajado de Faraó,,,ファラオの​杖,
ITEM_PHARAOHSTAFF_DESC,"Use: Summon a swarm of charmed flies.When you destroy a corpse, restore this weapon's use.",,"Uso: Invoca un enjambre de moscas embrujadas.Al destruir un cadáver, se recupera el uso de esta arma.",Utilisation&nbsp;: invoque un essaim de mouches envoûtées.Utilisation +1&nbsp;quand vous détruisez un cadavre.,"Benutzen: Beschwöre einen Schwarm freundlicher Fliegen.Frische diese Waffe wieder auf, indem du eine Leiche zerstörst.","Uso: Evochi uno sciame di mosche ammaliate.Quando distruggi un cadavere, ripristini l'utilizzo di quest'arma.","Uso: invoque um enxame de moscas enfeitiçadas.Ao destruir um corpo, restaure o uso desta arma.",,,使用:魅了された​ハエの​群れを​召喚する。​死体を​破壊すると​この​武器の​使用回数が​回復。[b][/b],
ITEM_PICKAXE_NAME,Pickaxe,,Pico,Pioche,Spitzhacke,Piccone,Picareta,,,つる​は​し,
ITEM_PICKAXE_DESC,Use: A melee attack that ignores shield.If used on static or inanimate objects it destroys them and spawns a Rock. Restore 1 use when used this way.,,"Uso: Lanza un ataque cuerpo a cuerpo que ignora el escudo.Con objetos estáticos o inanimados, los destroza y genera una roca. Devuelve 1 uso al emplearlo así.",Utilisation&nbsp;: une attaque au corps-à-corps qui ignore la défense.Détruit les objets statiques ou inanimés et fait apparaître une pierre. Utilisation +1&nbsp;quand utilisée de cette manière.,"Benutzen: Ein Nahkampfangriff, der Schilde ignoriert.Greifst du statische oder nicht lebendige Objekte an, zerstörst du sie und lässt einen Stein erscheinen. Stelle in dem Fall 1&nbsp;Anwendung wieder her.","Uso: Un attacco corpo a corpo che ignora lo scudo.Se usato su oggetti statici o inanimati, li distrugge e genera una Roccia. Ripristina 1 utilizzo quando viene usato in questo modo.","Uso: um ataque corpo-a-corpo que ignora escudos.Se utilizado em objetos estáticos ou inanimados, eles são destruídos e geram uma pedra. Restaure 1 uso ao utilizar esta arma desta forma.",,,使用:シールドを​無視する​近接攻撃。​静的・無生物オブジェクトに​使用すると​破壊して​岩を​生成。​この​方法で​使用時に​1使用回数回復。[b][/b],
ITEM_PINWHEEL_NAME,Pinwheel,,Molinillo,Moulin à vent,Windrad,Girandola,Catavento,,,風車,
ITEM_PINWHEEL_DESC,Use: A melee wind attack with Knockback 1.Can be used 3 times per turn.,,Uso: Lanza un ataque ventoso cuerpo a cuerpo con 1 de retroceso.Puede usarse 3 veces por turno.,Utilisation&nbsp;: une attaque au corps-à-corps de type Vent avec Recul +1.Utilisable 3&nbsp;fois par tour.,Benutzen: Ein Wind-Nahkampfangriff mit Rückstoß&nbsp;1.Kann pro Zug 3-mal benutzt werden.,Uso: Un attacco di vento corpo a corpo con Contraccolpo 1.Può essere usato 3 volte per turno.,Uso: um ataque corpo-a-corpo com empurrão 1.Pode ser utilizado 3 vezes por turno.,,,使用:ノックバック1の​近接風攻撃。​1ターンに​3回使用可能。[b][/b],
ITEM_PIPE_NAME,Pipe,,Tubería,Tuyau,Rohr,Tubo,Cano,,,パイプ,
ITEM_PIPE_DESC,Use: A melee attack with a 10% chance to inflict Stun.,,Uso: Lanza un ataque cuerpo a cuerpo con un 10 % de probabilidad de infligir aturdimiento.,Utilisation&nbsp;: une attaque au corps-à-corps avec 10&nbsp;% de chances d'infliger Étourdissement.,"Benutzen: Ein Nahkampfangriff, der mit 10%iger Wahrscheinlichkeit Betäubung verursacht.",Uso: Un attacco corpo a corpo con un 10% di probabilità di infliggere Stordimento.,Uso: um ataque corpo-a-corpo com 10% de chance de aplicar atordoamento.,,,使用:10%の​確率で​スタンを​付与する​近接攻撃。[b][/b],
ITEM_PLIERS_NAME,Pliers,,Alicates,Pince,Zange,Pinze,Alicate,,,ペンチ,
ITEM_PLIERS_DESC,Use: A melee attack that inflicts Weakness 3.,,Uso: Lanza un ataque cuerpo a cuerpo que inflige 3 de debilidad.,Utilisation&nbsp;: une attaque au corps-à-corps qui inflige Vulnérabilité +3.,"Benutzen: Ein Nahkampfangriff, der Schwäche&nbsp;3 verursacht.",Uso: Un attacco corpo a corpo che infligge Debolezza 3.,Uso: um ataque corpo-a-corpo que aplica fraqueza 3.,,,使用:衰弱3を​付与する​近接攻撃。[b][/b],
ITEM_POGOSTICK_NAME,Pogo Stick,,Pogo saltarín,Bâton sauteur,Springstab,Salterello,Bastão de Mola,,,ホッピング,
ITEM_POGOSTICK_DESC,Use: Jump to a tile and damage units you land on.,,Uso: Salta a una casilla e inflige daño a las unidades aplastadas.,Utilisation&nbsp;: vous sautez sur une case et infligez des dégâts aux unités sur lesquelles vous atterrissez.,"Benutzen: Spring auf ein Feld und verursache Schaden bei der Einheit, auf der du landest.",Uso: Salti su una casella e infliggi danno alle unità su cui atterri.,Uso: pule até um espaço e cause dano ao cair em cima de unidades.,,,使用:タイルに​ジャンプし着地した​ユニットに​ダメージ。[b][/b],
ITEM_POISONVIAL_NAME,Les Toxin,,Toxina,Fiole toxique,Les-Gift,Les Toxin,Les Toxin,,,レ・トキシン,
ITEM_POISONVIAL_DESC,Use: A ranged attack that inflicts Poison 2.[s:.7](Usable once per battle.)[/s],,Uso: Lanza un ataque a distancia que inflige 2 de veneno.[s:.7](Disponible una vez por combate).[/s],Utilisation&nbsp;: une attaque à distance qui inflige Poison +2.[s:.7](Utilisable 1&nbsp;fois par combat.)[/s],"Benutzen: Ein Fernkampfangriff, der Gift&nbsp;2 verursacht.[s:.7](Einmal pro Kampf verwendbar.)[/s]",Uso: Un attacco a distanza che infligge Veleno 2.[s:.7](Utilizzabile una volta per battaglia.)[/s],Uso: um ataque à distância que aplica veneno 2.[s:.7](Um uso por batalha.)[/s],,,使用:毒2を​付与する​遠距離攻撃。[s:.7](バトル中1回のみ​使用可能。)[/s],
ITEM_POLYMORPHREMOTE_NAME,Polymorph Remote,,Mando polimorfo,Télécommande métamorphique,Polymorph-Fernbedienung,Telecomando Polimorfo,Controle Polimórfico,,,変身リモコン,
ITEM_POLYMORPHREMOTE_DESC,Use: Transform a non-boss enemy into another random enemy from the same chapter.[s:.7](Usable once per battle.)[/s],,Uso: Transforma a un enemigo que no sea jefe en otro enemigo al azar del mismo capítulo.[s:.7](Disponible una vez por combate).[/s],Utilisation&nbsp;: change un ennemi non-boss en un autre ennemi aléatoire du même chapitre.[s:.7](Utilisable 1&nbsp;fois par combat.)[/s],Benutzen: Verwandelt einen regulären Gegner in einen anderen zufälligen Gegner aus dem gleichen Kapitel.[s:.7](Einmal pro Kampf verwendbar.)[/s],Uso: Trasformi un nemico non boss in un altro nemico casuale dello stesso capitolo.[s:.7](Utilizzabile una volta per battaglia.)[/s],Uso: transforme um inimigo que não seja um chefe em outro inimigo do mesmo capítulo.[s:.7](Um uso por batalha.)[/s],,,使用:非ボス敵を​同チャプターの​別の​ランダムな​敵に​変身させる。[s:.7](バトル中1回のみ​使用可能。)[/s],
ITEM_POPCAP_NAME,Pop Cap,,Chasquibum,Claque-doigt,Kronkorken,Miccetta,Estalinho,,,ポップキャップ,
ITEM_POPCAP_DESC,Use: A lobbed attack with Knockback 1.,,Uso: Lanza un ataque en arco con 1 de retroceso.,Utilisation&nbsp;: une attaque en cloche avec Recul +1.,"Benutzen: Ein Angriff mit Rückstoß&nbsp;1, der Hindernisse ignoriert.",Uso: Un attacco a parabola con Contraccolpo 1.,Uso: um ataque em arco com empurrão 1.,,,使用:ノックバック1の​放物攻撃。[b][/b],
ITEM_PURPLEMUSHROOM_NAME,Purple Mushroom,,Seta morada,Champi violet,Lila Pilz,Fungo Viola,Cogumelo Roxo,,,紫キノコ,
ITEM_PURPLEMUSHROOM_DESC,Use: A ranged attack that inflicts Confusion 2.[s:.7](Usable once per battle.)[/s],,Uso: Lanza un ataque a distancia que inflige 2 de confusión.[s:.7](Disponible una vez por combate).[/s],Utilisation&nbsp;: une attaque à distance qui inflige Confusion +2.[s:.7](Utilisable 1&nbsp;fois par combat.)[/s],"Benutzen: Ein Fernkampfangriff, der Verwirrung&nbsp;2 verursacht.[s:.7](Einmal pro Kampf verwendbar.)[/s]",Uso: Un attacco a distanza che infligge Confusione 2.[s:.7](Utilizzabile una volta per battaglia.)[/s],Uso: um ataque à distância que aplica confusão 2.[s:.7](Um uso por batalha.)[/s],,,使用:混乱2を​付与する​遠距離攻撃。[s:.7](バトル中1回のみ​使用可能。)[/s],
ITEM_PUZZLEBOX_NAME,Puzzle Box,,Caja rompecabezas,Casse-tête,Puzzlebox,Scrigno Segreto,Caixa de Quebra-Cabeça,,,パズルボックス,
ITEM_PUZZLEBOX_DESC,Use: Shoot hooks in 8 directions that inflict Bleed 1 and pull units towards you.[s:.7](Usable once per battle.)[/s],,Uso: Dispara ganchos en 8 direcciones que infligen 1 de hemorragia y atrae a las unidades.[s:.7](Disponible una vez por combate).[/s],"Utilisation&nbsp;: tire des crochets dans 8&nbsp;directions, inflige Saignement +1&nbsp;et attire les unités vers vous.[s:.7](Utilisable 1&nbsp;fois par combat.)[/s]","Benutzen: Verschieße Haken in 8 Richtungen, die Blutung&nbsp;1 verursachen und Einheiten an dich heranziehen.[s:.7](Einmal pro Kampf verwendbar.)[/s]",Uso: Spari uncini in 8 direzioni che infliggono Sanguinamento 1 e attirano le unità verso di te.[s:.7](Utilizzabile una volta per battaglia.)[/s],Uso: dispare ganchos em 8 direções que aplicam sangramento 1 e puxam unidades na sua direção.[s:.7](Um uso por batalha.)[/s],,,使用:8方​向に​フックを​撃ち、​出血1を​付与しユニットを​引き寄せる。[s:.7](バトル中1回のみ​使用可能。)[/s],
ITEM_RAILROADSPIKE_NAME,Railroad Spikes,,Clavos de ferrocarril,Clous de voie ferrée,Fetter Nagel,Punte Ferroviarie,Espinhos Ferroviários,,,線路の​スパイク,
ITEM_RAILROADSPIKE_DESC,Use: A ranged attack.,,Uso: Lanza un ataque a distancia.,Utilisation&nbsp;: une attaque à distance.,Benutzen: Ein Fernkampfangriff.,Uso: Un attacco a distanza.,Uso: um ataque à distância.,,,使用:遠距離攻撃。,
ITEM_RAINBOWREMOTE_NAME,Rainbow Remote,,Mando irisado,Télécommande arc-en-ciel,Regenbogenfernbedienung,Telecomando Arcobaleno,Controle Arco-Íris,,,虹色リモコン,
ITEM_RAINBOWREMOTE_DESC,Use: Cast a targeted random spell.[s:.7](Usable once per battle.)[/s],,Uso: Lanza un hechizo a un objetivo al azar.[s:.7](Disponible una vez por combate).[/s],Utilisation&nbsp;: lance un sort aléatoire ciblé.[s:.7](Utilisable 1&nbsp;fois par combat.)[/s],Benutzen: Wirke einen zufälligen gezielten Zauber.[s:.7](Einmal pro Kampf verwendbar.)[/s],Uso: Lanci un incantesimo casuale mirato.[s:.7](Utilizzabile una volta per battaglia.)[/s],Uso: lance um encantamento direcionado aleatório.[s:.7](Um uso por batalha.)[/s],,,使用:対象指定の​ランダムスペルを​詠唱。[s:.7](バトル中1回のみ​使用可能。)[/s],
ITEM_RAINSTAFF_NAME,Rain Staff,,Báculo de la lluvia,Sceptre de la pluie,Regenmacher,Bastone della Pioggia,Cajado de Chuva,,,雨の​杖,
ITEM_RAINSTAFF_DESC,Use: Spawn a large puddle of water anywhere.,,Uso: Genera un enorme charco de agua en cualquier parte.,Utilisation&nbsp;: fait apparaître une grande flaque d'eau n'importe où.,Benutzen: Lasse eine große Pfütze an einem beliebigen Ort erscheinen.,Uso: Generi una grossa pozza d'acqua in qualsiasi punto.,Uso: gere uma grande poça de água em algum lugar.,,,使用:任意の​場所に​大きな​水たまりを​生成する。[b][/b],
ITEM_RATBOMB_NAME,Rat Bomb,,Rata explosiva,Ratabombe,Rattenbombe,Bomba Ratto,Bomba de Ratos,,,ネズミ爆弾,
ITEM_RATBOMB_DESC,Use: Toss a Bomb that explodes at the end of the round.,,Uso: Lanza una bomba que hace explosión al final de la ronda.,Utilisation&nbsp;: lance une bombe qui explose en fin de manche.,"Benutzen: Wirf eine Bombe, die am Ende der Runde explodiert.",Uso: Lanci una bomba che esplode alla fine del round.,Uso: lance uma bomba que explode no final da rodada.,,,使用:ラウンド終了時に​爆発する​爆弾を​投げる。[b][/b],
ITEM_REDMUSHROOM_NAME,Red Mushroom,,Seta roja,Champi rouge,Roter Pilz,Fungo Rosso,Cogumelo Vermelho,,,赤キノコ,
ITEM_REDMUSHROOM_DESC,Use: A ranged attack that inflicts Charm 3.[s:.7](Usable once per battle.)[/s],,Uso: Lanza un ataque a distancia que inflige 3 de embrujo.[s:.7](Disponible una vez por combate).[/s],Utilisation&nbsp;: une attaque à distance qui inflige Envoûtement +3.[s:.7](Utilisable 1&nbsp;fois par combat.)[/s],"Benutzen: Ein Fernkampfangriff, der Charme&nbsp;3 verursacht.[s:.7](Einmal pro Kampf verwendbar.)[/s]",Uso: Un attacco a distanza che infligge Fascino 3.[s:.7](Utilizzabile una volta per battaglia.)[/s],Uso: um ataque à distância que aplica feitiço 3.[s:.7](Um uso por batalha.)[/s],,,使用:魅了3を​付与する​遠距離攻撃。[s:.7](バトル中1回のみ​使用可能。)[/s],
ITEM_REVOLVER_NAME,Revolver,,Revólver,Revolver,Revolver,Revolver,Revólver,,,リボルバー,
ITEM_REVOLVER_DESC,Use: Fire a shot in a straight line that instakills units and deals 25 damage to bosses.,,Uso: Dispara un proyectil en línea recta que mata al instante a las unidades e inflige 25 de daño a los jefes.,Utilisation&nbsp;: tire un projectile en ligne droite qui tue instantanément les unités et inflige 25&nbsp;dégâts aux boss.,Benutzen: Schieße in einer geraden Linie. Tötet reguläre Einheiten sofort und verursacht 25&nbsp;Schaden bei Bossen.,Uso: Spari un colpo in linea retta che uccide all'istante le unità e infligge 25 di danno ai boss.,Uso: realize um disparo em linha reta que mata unidades instantaneamente e causa 25 de dano a chefes.,,,使用:ユニットを​即死させボスに​25ダメージを​与える​直線射撃。[b][/b],
ITEM_ROBOTICARM_NAME,Robotic Arm,,Brazo robótico,Bras robotique,Roboterarm,Braccio Robotico,Braço Robótico,,,ロボットアーム,
ITEM_ROBOTICARM_DESC,Use: A melee attack with a chance to repeat. Gains 1 damage for the rest of the battle each time it's used.,,Uso: Lanza un ataque cuerpo a cuerpo que puede repetirse. Obtiene 1 de daño durante el resto del combate cada vez que se usa.,Utilisation&nbsp;: une attaque au corps-à-corps avec une chance de se répéter. Dégâts +1&nbsp;pour le reste du combat à chaque utilisation.,"Benutzen: Ein Nahkampfangriff, der mit einer gewissen Wahrscheinlichkeit wiederholt wird. Erhält für den Rest des Kampfes jedes Mal 1&nbsp;Schaden, wenn er benutzt wird.","Uso: Un attacco corpo a corpo con possibilità di ripetersi. Ogni volta che lo usi, ottieni 1 al danno per il resto della battaglia.",Uso: um ataque corpo-a-corpo com uma chance de se repetir. Obtém 1 de dano pelo resto da batalha a cada vez que é utilizado.,,,使用:繰り返す​可能性の​ある​近接攻撃。​使用する​たびに​バトル中1ダメージ獲得。[b][/b],
ITEM_ROCKETLAUNCHER_NAME,Rocket Launcher,,Lanzacohetes,Lance-roquettes,Raketenwerfer,Lanciarazzi,Lança-Foguetes,,,ロケットランチャー,
ITEM_ROCKETLAUNCHER_DESC,Use: Fire a rocket anywhere that explodes.,,Uso: Dispara un cohete que estalla en cualquier parte.,Utilisation&nbsp;: tire une roquette explosive n'importe où.,"Benutzen: Feuert eine Rakete, die explodiert.","Uso: Spari un razzo in qualsiasi punto, che poi esplode.",Uso: dispare um foguete explosivo em qualquer lugar.,,,使用:爆発する​ロケットを​任意の​場所に​発射する。[b][/b],
ITEM_ROCKS_NAME,Rocks,,Rocas,Pierres,Stein,Rocce,Pedras,,,岩,
ITEM_ROCKS_DESC,Use: A lobbed attack.,,Uso: Lanza un ataque en arco.,Utilisation&nbsp;: une attaque en cloche.,"Benutzen: Ein Angriff, der Hindernisse ignoriert.",Uso: Un attacco a parabola.,Uso: um ataque em arco.,,,使用:放物攻撃。,
ITEM_ROLLOFPENNIES_NAME,Roll of Pennies,,Blíster de peniques,Rouleau de monnaie,Münzrolle,Rotolo di Monetine,Rolo de Moedas,,,硬貨ロール,
ITEM_ROLLOFPENNIES_DESC,Use: A weak melee attack that has a 50% chance to spawn a coin. 5% chance to break when used.Gain a lot of coins when it breaks.,,Uso: Lanza un ataque cuerpo a cuerpo débil con un 50 % de probabilidad de generar una moneda. 5 % de probabilidad de romperse al usarla.Obtiene un montón de monedas al romperse.,Utilisation&nbsp;: une attaque au corps-à-corps faible avec 50&nbsp;% de chances de faire apparaître une pièce.5&nbsp;% de chances de se briser à l'utilisation.Vous gagnez énormément de pièces lorsqu'il se brise.,"Benutzen: Ein schwacher Nahkampfangriff, der mit einer 50%igen Wahrscheinlichkeit eine Münze erscheinen lässt.Geht nach Benutzung mit 5%iger Wahrscheinlichkeit kaputt.Erhalte eine Menge Münzen, wenn sie kaputtgeht.",Uso: Un debole attacco corpo a corpo che ha un 50% di probabilità di generare una moneta.5% di probabilità di rompersi quando viene utilizzato.Ottieni molte monete quando si rompe.,Uso: um ataque corpo-a-corpo fraco que possui 50% de chance de gerar uma moeda.5% de chance de quebrar ao utilizar.Obtenha muitas moedas quando este item quebrar.,,,使用:50%の​確率で​コインを​生成する​弱い​近接攻撃。​使用時に​5%の​確率で​壊れる。​壊れると​大量の​コインを​獲得。[b][/b],
ITEM_RUBBERBAT_NAME,Rubber Bat,,Bate de goma,Batte en caoutchouc,Gummischläger,Mazza di Gomma,Taco de Borracha,,,ゴムバット,
ITEM_RUBBERBAT_DESC,Use: A melee attack that inflicts Confusion 1 and turns the unit to the right.,,Uso: Lanza un ataque cuerpo a cuerpo que inflige 1 de confusión y gira a la unidad hacia la derecha.,Utilisation&nbsp;: une attaque au corps-à-corps qui inflige Confusion +1&nbsp;et fait tourner l'unité vers la droite.,"Benutzen: Ein Nahkampfangriff, der Verwirrung&nbsp;1 verursacht und die Einheit nach rechts dreht.",Uso: Un attacco corpo a corpo che infligge Confusione 1 e fa girare l'unità verso destra.,Uso: um ataque corpo-a-corpo que aplica confusão 1 e vira a unidade para a direita.,,,使用:混乱1を​付与しユニットを​右に​向ける​近接攻撃。[b][/b],
ITEM_RUBBERFIST_NAME,Rubber Fist,,Puño de goma,Poing en caoutchouc,Gummifaust,Pugno di Gomma,Punho de Borracha,,,ゴム拳,
ITEM_RUBBERFIST_DESC,Use: A melee attack with Knockback 1 that inflicts Confusion.,,Uso: Lanza un ataque cuerpo a cuerpo con 1 de retroceso que inflige confusión.,Utilisation&nbsp;: une attaque au corps-à-corps avec Recul +1&nbsp;qui inflige Confusion.,"Benutzen: Ein Nahkampfangriff mit Rückstoß&nbsp;1, der Verwirrung verursacht.",Uso: Un attacco corpo a corpo con Contraccolpo 1 che infligge Confusione.,Uso: um ataque corpo-a-corpo com empurrão 1 que aplica confusão.,,,使用:混乱を​付与する​ノックバック1の​近接攻撃。[b][/b],
ITEM_RUSTEDROD_NAME,Rusted Rod,,Varilla oxidada,Barre rouillée,Rostige Stange,Sbarra Arrugginita,Haste Enferrujada,,,錆びた​棒,
ITEM_RUSTEDROD_DESC,Use: A melee attack with damage equal to uses.,,Uso: Lanza un ataque cuerpo a cuerpo que inflige el mismo daño que usos tiene.,Utilisation&nbsp;: une attaque au corps-à-corps infligeant des dégâts égaux à son nombre d'utilisations.,"Benutzen: Ein Nahkampfangriff, dessen Schaden der Anzahl seiner verbleibenden Anwendungen entspricht.",Uso: Un attacco corpo a corpo con danno pari agli utilizzi.,Uso: um ataque corpo-a-corpo com dano equivalente à sua quantidade de usos.,,,使用:使用回数と​同じ​ダメージの​近接攻撃。[b][/b],
ITEM_RUSTYRAZOR_NAME,Rusty Razor,,Cuchilla oxidada,Rasoir rouillé,Rostige Rasierklinge,Rasoio Arrugginito,Navalha Enferrujada,,,錆びた​カミソリ,
ITEM_RUSTYRAZOR_DESC,Use: A melee attack that inflicts Poison 1 and Bleed 1.,,Uso: Lanza un ataque cuerpo a cuerpo que inflige 1 de veneno y 1 de hemorragia.,Utilisation&nbsp;: une attaque au corps-à-corps qui inflige Poison +1&nbsp;et Saignement +1.,"Benutzen: Ein Nahkampfangriff, der Gift&nbsp;1 und Blutung&nbsp;1 verursacht.",Uso: Un attacco corpo a corpo che infligge Veleno 1 e Sanguinamento 1.,Uso: um ataque corpo-a-corpo que aplica veneno 1 e sangramento 1.,,,使用:毒1と​出血1を​付与する​近接攻撃。[b][/b],
ITEM_SAWBLADES_NAME,Sawblades,,Hojas de sierra,Lames de scie,Sägeblatt,Lame Circolari,Lâminas de Serra,,,鋸刃,
ITEM_SAWBLADES_DESC,Use: Throw a blade in a straight line that inflicts Bleed 1 and passes through units.,,Uso: Lanza una cuchilla en línea recta que atraviesa a las unidades y les inflige 1 de hemorragia.,Utilisation&nbsp;: lance une lame en ligne droite qui inflige Saignement +1&nbsp;et traverse les unités.,"Benutzen: Wirf ein Sägeblatt in einer geraden Linie, das Blutung&nbsp;1 bei Einheiten verursacht, durch die es fliegt.",Uso: Lanci una lama in linea retta che infligge Sanguinamento 1 e passa attraverso le unità.,Uso: lance uma lâmina em linha reta que aplica sangramento e atravessa unidades.,,,使用:出血1を​付与しユニットを​貫通する​直線の​刃を​投げる。[b][/b],
ITEM_SEEDBOMBS_NAME,Seed Bombs,,Semillas explosivas,Bombes de graines,Samenbombe,Bombe di Semi,Bombas de Sementes,,,種爆弾,
ITEM_SEEDBOMBS_DESC,Use: A lobbed projectile that spawns tall grass.,,Uso: Lanza un proyectil en arco que genera hierba alta.,Utilisation&nbsp;: un projectile lancé en cloche faisant apparaître des hautes herbes.,"Benutzen: Ein Geschoss, das Hindernisse ignoriert und hohes Gras erscheinen lässt.",Uso: Un proiettile a parabola che genera erba alta.,Uso: um projétil em arco que gera grama alta.,,,使用:背の​高い​草を​生成する​放物飛び道具。[b][/b],
ITEM_SHARDOFGLASS_NAME,Shard of Glass,,Fragmento de cristal,Éclat de verre,Scherbe,Scheggia di Vetro,Fragmento de Vidro,,,ガラス片,
ITEM_SHARDOFGLASS_DESC,Use: A melee attack that inflicts Bleed.,,Uso: Lanza un ataque cuerpo a cuerpo que inflige hemorragia.,Utilisation&nbsp;: une attaque au corps-à-corps qui inflige Saignement.,"Benutzen: Ein Nahkampfangriff, der Blutung verursacht.",Uso: Un attacco corpo a corpo che infligge Sanguinamento.,Uso: um ataque corpo-a-corpo que aplica sangramento.,,,使用:出血を​付与する​近接攻撃。[b][/b],
ITEM_SHARPSTRAW_NAME,Sharp Straw,,Pajita afilada,Paille aiguisée,Spitzer Strohhalm,Cannuccia Affilata,Canudo Afiado,,,鋭いストロー,
ITEM_SHARPSTRAW_DESC,"Use: A weak melee attack.If it kills a unit, heal 10 HP.",,"Uso: Lanza un ataque cuerpo a cuerpo débil.Si mata a una unidad, devuelve 10 PS.","Utilisation&nbsp;: une attaque au corps-à-corps faible.Si cela tue une unité, vous récupérez 10&nbsp;PV.","Benutzen: Ein schwacher Nahkampfangriff.Heile dich um 10&nbsp;LP, wenn er eine Einheit tötet.","Uso: Un debole attacco corpo a corpo.Se uccide un'unità, rigenera 10 PS.","Uso: um ataque corpo-a-corpo fraco.Se este ataque matar uma unidade, cure 10 PV.",,,使用:弱い​近接攻撃。​ユニットを​倒すと​10HP回復。[b][/b],
ITEM_SHOEHORN_NAME,Shoe Horn,,Calzador,Chausse-pied,Schuhlöffel,Calzascarpe,Calçadeira,,,靴べら,
ITEM_SHOEHORN_DESC,Use: Gain +2 [img:spd].,,Uso: Obtiene +2 [img:spd].,Utilisation&nbsp;: [img:spd] +2.,Benutzen: Erhalte +2 [img:spd].,Uso: Ottieni +2 alla [img:spd].,Uso: obtenha +2 de [img:spd].,,,使用:+2 [img:spd]を​獲得。,
ITEM_SHOTGUN_NAME,Shotgun,,Escopeta,Fusil,Schrotflinte,Fucile a Pompa,Escopeta,,,ショットガン,
ITEM_SHOTGUN_DESC,Use: Fires 5 projectiles in a cone.,,Uso: Dispara 5 proyectiles en un área cónica.,Utilisation&nbsp;: tire 5&nbsp;projectiles en cône.,Benutzen: Feuert 5&nbsp;Geschosse in einem kegelförmigen Bereich ab.,Uso: Spari 5 proiettili in un cono.,Uso: dispare 5 projéteis em cone.,,,使用:円錐範囲に​5つの​飛び道具を​発射。[b][/b],
ITEM_SHOVEL_NAME,Shovel,,Pala,Pelle,Schaufel,Pala,Pá,,,シャベル,
ITEM_SHOVEL_DESC,Use: A melee attack that lobs a unit back 2 tiles and digs up a corpse.,,Uso: Lanza un ataque cuerpo a cuerpo que hace retroceder 2 casillas a una unidad y desentierra un cadáver.,Utilisation&nbsp;: une attaque au corps-à-corps qui inflige Recul +2&nbsp;à une unité et déterre un cadavre.,"Benutzen: Ein Nahkampfangriff, der eine Einheit 2&nbsp;Felder zurückschleudert und eine Leiche ausgräbt.",Uso: Un attacco corpo a corpo che scaglia un'unità indietro di 2 caselle e dissotterra un cadavere.,Uso: um ataque corpo-a-corpo que lança uma unidade em arco por 2 espaços e escava um cadáver.,,,使用:ユニットを​2タイル後ろに​投げ飛ばし死体を​掘り起こす近接攻撃。[b][/b],
ITEM_SIXPACK_NAME,Six Pack,,Pack de seis,Pack de six,Kühles Blondes,Confezione da Sei,Engradado,,,シックスパック,
ITEM_SIXPACK_DESC,Use: A lobbed water attack that deals splash damage.,,Uso: Lanza un ataque acuoso en arco que inflige daño por metralla.,Utilisation&nbsp;: une attaque en cloche de type Eau qui inflige des dégâts de zone.,"Benutzen: Ein Wasserangriff, der Hindernisse ignoriert und Flächenschaden verursacht.",Uso: Un attacco d'acqua a parabola che infligge danno ad area.,Uso: um ataque de água em arco que causa dano de propagação.,,,使用:範囲ダメージを​与える​放物水攻撃。[b][/b],
ITEM_SLAGMIGHT_NAME,Slag Might,,Estala gmita,Stalagmite,Fetter Schläger,Stala Gmite,Estala Gmite,,,スラグマイト,
ITEM_SLAGMIGHT_DESC,Use: A melee attack with Bruise 1 and Knockback 5.[s:.7](Usable once per battle.)[/s],,Uso: Lanza un ataque cuerpo a cuerpo con 1 de moratón y 5 de retroceso.[s:.7](Disponible una vez por combate).[/s],Utilisation&nbsp;: une attaque au corps-à-corps qui inflige Contusion +1&nbsp;et Recul +5.[s:.7](Utilisable 1&nbsp;fois par combat.)[/s],Benutzen: Ein Nahkampfangriff mit Beulen&nbsp;1 und Rückstoß&nbsp;5.[s:.7](Einmal pro Kampf verwendbar.)[/s],Uso: Un attacco corpo a corpo con Livido 1 e Contraccolpo 5.[s:.7](Utilizzabile una volta per battaglia.)[/s],Uso: um ataque corpo-a-corpo com contusão 1 e empurrão 5.[s:.7](Um uso por batalha.)[/s],,,使用:打撲1と​ノックバック5の​近接攻撃。[s:.7](バトル中1回のみ​使用可能。)[/s],
ITEM_SLINGSHOT_NAME,Slingshot,,Tirachinas,Fronde,Schleuder,Fionda,Estilingue,,,パチンコ,
ITEM_SLINGSHOT_DESC,Use: A ranged attack with a 33% chance to inflict Blind 2.,,Uso: Lanza un ataque a distancia con un 33 % de probabilidad de infligir 2 de ceguera.,Utilisation&nbsp;: une attaque à distance ayant 33&nbsp;% de chances d'infliger Cécité +2.,"Benutzen: Ein Fernkampfangriff, der mit 33%iger Wahrscheinlichkeit Blindheit&nbsp;2 verursacht.",Uso: Un attacco a distanza con un 33% di probabilità di infliggere Accecamento 2.,Uso: um ataque à distância com 33% de chance de aplicar cegueira 2.,,,使用:33%の​確率で​盲目2を​付与する​遠距離攻撃。[b][/b],
ITEM_SMALLBOMB_NAME,Small Bomb,,Bomba pequeña,Petite bombe,Kleine Bombe,Bomba Piccola,Bomba Pequena,,,小爆弾,
ITEM_SMALLBOMB_DESC,Use: Throw a bomb that explodes.,,Uso: Lanza una bomba que hace explosión.,Utilisation&nbsp;: lance une bombe qui explose.,Benutzen: Wirf eine explodierende Bombe.,Uso: Lanci una bomba che esplode.,Uso: lance uma bomba que explode.,,,使用:爆発する​爆弾を​投げる。[b][/b],
ITEM_SMALLMETEOR_NAME,Small Meteor,,Meteorito pequeño,Petit météore,Kleiner Meteor,Meteorite Piccolo,Meteoro Pequeno,,,小流星,
ITEM_SMALLMETEOR_DESC,"- {str_aux_active_name} -{str_aux_active_desc}",,- {str_aux_active_name} -{str_aux_active_desc},- {str_aux_active_name} -{str_aux_active_desc},- {str_aux_active_name} -{str_aux_active_desc},- {str_aux_active_name} -{str_aux_active_desc},- {str_aux_active_name} -{str_aux_active_desc},,,- {str_aux_active_name} -{str_aux_active_desc},
ITEM_SNIPERRIFLE_NAME,Sniper Rifle,,Fusil francotirador,Fusil de précision,Scharfschützengewehr,Fucile di Precisione,Rifle de Precisão,,,スナイパーライフル,
ITEM_SNIPERRIFLE_DESC,Use: Fire a shot that instakills units and deals 25 damage to bosses.,,Uso: Dispara un proyectil que mata al instante a las unidades e inflige 25 de daño a los jefes.,Utilisation&nbsp;: tire un projectile qui tue instantanément les unités et inflige 25&nbsp;points de dégâts aux boss.,"Benutzen: Gib einen Schuss ab, der reguläre Einheiten sofort tötet und 25&nbsp;Schaden bei Bossen verursacht.",Uso: Spari un colpo che uccide istantaneamente le unità e infligge 25 di danno ai boss.,Uso: realize um disparo que mata unidades instantaneamente e causa 25 de dano a chefes.,,,使用:ユニットを​即死させボスに​25ダメージを​与える​射撃。[b][/b],
ITEM_SOULCLAW_NAME,Soul Claw,,Garra de alma,Griffe spirituelle,Seelenklaue,Artiglio dell'Anima,Garra de Alma,,,ソウルクロー,
ITEM_SOULCLAW_DESC,"Use: A melee attack that deals damage equal to the number of uses this has left.When this weapon kills a unit, it gains +2 uses.",,"Uso: Lanza un ataque cuerpo a cuerpo que inflige el mismo daño que usos queden.Cuando el arma mata a una unidad, obtiene +2 usos.","Utilisation&nbsp;: une attaque au corps-à-corps qui inflige des dégâts égaux au nombre d'utilisations restantes.Quand cette arme tue une unité, elle gagne Utilisations +2.","Benutzen: Ein Nahkampfangriff, dessen Schaden der Anzahl seiner verbleibenden Anwendungen entspricht.Wenn diese Waffe eine Einheit tötet, erhält sie +2&nbsp;Anwendungen.","Uso: Un attacco corpo a corpo che infligge un danno pari al numero di utilizzi rimanenti.Quando quest'arma uccide un'unità, ottiene +2 utilizzi.","Uso: um ataque corpo-a-corpo que causa dano equivalente à quantidade de usos restantes.Quando esta arma mata uma unidade, ela obtém +2 usos.",,,使用:残り​使用回数と​同じ​ダメージを​与える​近接攻撃。​この​武器で​ユニットを​倒すと​+2使用回数獲得。[b][/b],
ITEM_SPEAROFDESTINY_NAME,Spear of Destiny,,Lanza del destino,Lance de destinée,Speer des Schicksals,Lancia del Destino,Lança do Destino,,,運命の​槍,
ITEM_SPEAROFDESTINY_DESC,Use: A melee attack with +1 reach that penetrates through units.RELOAD: Collect a blessing pickup or get hit by a Holy Element spell.,,Uso: Lanza un ataque cuerpo a cuerpo con +1 de extensión que perfora a las unidades.RECARGA: Esta unidad se lleva un recogible de bendición o la golpea un hechizo de elemento sagrado.,Utilisation&nbsp;: une attaque au corps-à-corps avec Allonge +1&nbsp;qui traverse les unités.RECHARGE&nbsp;: collecter une ressource bénie ou subir un sort sacré.,"Benutzen: Ein Nahkampfangriff mit +1&nbsp;Reichweite, der Einheiten durchbohrt.NACHLADEN: Sammle einen gesegneten Gegenstand ein oder lass dich von einem heiligen Zauber treffen.",Uso: Un attacco corpo a corpo con +1 di portata che penetra attraverso le unità.RICARICA: Prendi un raccoglibile Benedizione o ti colpisce un incantesimo di Elemento Sacro.,Uso: um ataque corpo-a-corpo com +1 de envergadura que atravessa unidades.RECARREGAMENTO: colete um coletável de benção ou sofra um golpe de um encantamento do elemento sagrado.,,,使用:ユニットを​貫通する​リーチ+1の​近接攻撃。​リロード:祝福ピックアップを​入手するか​聖属性スペルを​受ける。[b][/b],
ITEM_SPINNERETS_NAME,Spinnerets,,Hileras,Lance-toile,Spinnerett,Filatrici,Fiandeiras,,,糸疣,
ITEM_SPINNERETS_DESC,Use: A ranged attack that inflicts Webbed.,,Uso: Lanza un ataque a distancia que inflige telaraña.,Utilisation&nbsp;: une attaque à distance qui inflige Toile.,"Benutzen: Ein Fernkampfangriff, der Netz verursacht.",Uso: Un attacco a distanza che infligge Ragnatela.,Uso: um ataque à distância que aplica teia.,,,使用:蜘蛛の​糸を​付与する​遠距離攻撃。[b][/b],
ITEM_SPITBALL_NAME,Spitball,,Bola de babas,Crachat,Spuckeball,Saliva,Bola de Cuspe,,,唾玉,
ITEM_SPITBALL_DESC,Use: A ranged attack that inflicts Slow.,,Uso: Lanza un ataque a distancia que inflige ralentización.,Utilisation&nbsp;: une attaque à distance qui inflige Lenteur.,"Benutzen: Ein Fernkampfangriff, der Verlangsamung verursacht.",Uso: Un attacco a distanza che infligge Rallentamento.,Uso: um ataque à distância que aplica lentidão.,,,使用:鈍足を​付与する​遠距離攻撃。[b][/b],
ITEM_SPRINGBOARD_NAME,Spring Board,,Trampolín,Tremplin,Sprungbrett,Trampolino a Molla,Prancha de Mola,,,バネ板,
ITEM_SPRINGBOARD_DESC,Use: A melee attack that lobs a unit back 3 tiles.,,Uso: Lanza un ataque cuerpo a cuerpo que hace retroceder 3 casillas a una unidad.,Utilisation&nbsp;: une attaque au corps-à-corps qui inflige Recul +3&nbsp;à une unité.,"Benutzen: Ein Nahkampfangriff, der Einheiten 3&nbsp;Felder zurückschleudert.",Uso: Un attacco corpo a corpo che scaglia un'unità indietro di 3 caselle.,Uso: um ataque corpo-a-corpo que lança uma unidade em arco para trás por 3 espaços.,,,使用:ユニットを​3タイル後ろに​投げ飛ばす近接攻撃。[b][/b],
ITEM_STACY100_NAME,Stacy 100,,Stacy 100,Stacy 100,Stacy 100,Stacy 100,Stacy 100,,,ステイシー100,
ITEM_STACY100_DESC,Use: Spawn a Stacy.[s:.7](Usable once per battle.)[/s],,Uso: Genera una Stacy.[s:.7](Disponible una vez por combate).[/s],Utilisation&nbsp;: invoque une Stacy.[s:.7](Utilisable 1&nbsp;fois par combat.)[/s],Benutzen: Lasse eine Stacy erscheinen.[s:.7](Einmal pro Kampf verwendbar.)[/s],Uso: Generi una Stacy.[s:.7](Utilizzabile una volta per battaglia.)[/s],Uso: gere uma Stacy.[s:.7](Um uso por batalha.)[/s],,,使用:ステイシーを​生成する。[s:.7](バトル中1回のみ​使用可能。)[/s],
ITEM_STAFFOFFLAME_NAME,Staff of Flame,,Báculo del fuego,Sceptre des flammes,Stab der Flammen,Bastone della Fiamma,Cajado de Chamas,,,炎の​杖,
ITEM_STAFFOFFLAME_DESC,Use: A fire attack that inflicts Burn 5.[s:.7](Usable once per battle.)[/s],,Uso: Lanza un ataque ígneo que inflige 5 de quemadura.[s:.7](Disponible una vez por combate).[/s],Utilisation&nbsp;: une attaque de type Feu qui inflige Brûlure +5.[s:.7](Utilisable 1&nbsp;fois par combat.)[/s],"Benutzen: Ein Feuerangriff, der Verbrennung&nbsp;5 verursacht.[s:.7](Einmal pro Kampf verwendbar.)[/s]",Uso: Un attacco di fuoco che infligge Bruciatura 5.[s:.7](Utilizzabile una volta per battaglia.)[/s],Uso: um ataque de fogo que aplica queimadura 5.[s:.7](Um uso por batalha.)[/s],,,使用:燃焼5を​付与する​炎攻撃。[s:.7](バトル中1回のみ​使用可能。)[/s],
ITEM_STEELBALL_NAME,Steel Ball,,Bola de acero,Boule d'acier,Stahlball,Palla d'Acciaio,Bola de Aço,,,鋼球,
ITEM_STEELBALL_DESC,Use: Summon an invulnerable Fly familiar.[s:.7](Usable once per battle.)[/s],,Uso: Invoca un familiar mosca invulnerable.[s:.7](Disponible una vez por combate).[/s],Utilisation&nbsp;: invoque une mouche invulnérable de compagnie.[s:.7](Utilisable 1&nbsp;fois par combat.)[/s],Benutzen: Beschwöre einen unverwundbaren Fliegenbegleiter.[s:.7](Einmal pro Kampf verwendbar.)[/s],Uso: Evochi un famiglio Mosca invulnerabile.[s:.7](Utilizzabile una volta per battaglia.)[/s],Uso: invoque um familiar mosca invulnerável.[s:.7](Um uso por batalha.)[/s],,,使用:無敵の​ハエの​使い魔を​召喚する。[s:.7](バトル中1回のみ​使用可能。)[/s],
ITEM_STEVENSBAGOFROCKS_NAME,Steven's Bag of Rocks,,Bolsa de rocas de Steven,Sac de pierres de Steven,Stevens Steintasche,Sacco di Rocce di Steven,Saco de Pedras de Steve,,,スティーブンの​石袋,
ITEM_STEVENSBAGOFROCKS_DESC,Use: A melee attack with a chance to repeat that inflicts Bruise.,,Uso: Lanza un ataque cuerpo a cuerpo con probabilidad de repetirse que inflige moratón.,"Utilisation&nbsp;: une attaque au corps-à-corps avec une chance de se répéter, qui inflige Contusion.","Benutzen: Ein Nahkampfangriff, der mit einer gewissen Wahrscheinlichkeit wiederholt wird. Verursacht Beulen.",Uso: Un attacco corpo a corpo con possibilità di ripetersi che infligge Livido.,Uso: um ataque corpo-a-corpo com uma chance de se repetir que aplica contusão.,,,使用:打撲を​付与する​繰り返す​可能性の​ある​近接攻撃。[b][/b],
ITEM_STEVENSBOTTLE_NAME,Steven's Bottle,,Botella de Steven,Bouteille de Steven,Stevens Flasche,Bottiglia di Steven,Garrafa de Steve,,,スティーブンの​ボトル,
ITEM_STEVENSBOTTLE_DESC,Use: A ranged attack that creates a Tar tile.,,Uso: Lanza un ataque a distancia que genera una casilla de brea.,Utilisation&nbsp;: une attaque à distance faisant apparaître une case de goudron.,"Benutzen: Ein Fernkampfangriff, der ein Teerfeld erzeugt.",Uso: Un attacco a distanza che crea una casella di Catrame.,Uso: um ataque à distância que cria um espaço de piche.,,,使用:タールタイルを​生成する​遠距離攻撃。[b][/b],
ITEM_STEVENSGRISTLE_NAME,Steven's Gristle,,Cartílago de Steven,Cartilage de Steven,Stevens Knorpel,Cartilagine di Steven,Cartilagem de Steven,,,スティーブンの​軟骨,
ITEM_STEVENSGRISTLE_DESC,Units don't leave corpses.Use: A melee attack.This weapon gains +1 damage and +1 use when it gets a kill.Damage resets at the end of the adventure.,,Las unidades no dejan cadáveres.Uso: Lanza un ataque cuerpo a cuerpo.Esta arma obtiene +1 de daño y +1 uso cuando provoca una muerte.El daño se restaura al final de la aventura.,Les unités ne laissent pas de cadavres.Utilisation&nbsp;: une attaque au corps-à-corps.Cette arme gagne Dégâts +1&nbsp;et Utilisation +1&nbsp;lorsqu'elle inflige un coup fatal.Les dégâts se réinitialisent à la fin de l'aventure.,"Einheiten hinterlassen keine Leichen.Benutzen: Ein Nahkampfangriff.Diese Waffe erhält +1&nbsp;Schaden und +1&nbsp;Anwendung, wenn etwas mit ihr getötet wird.Schaden wird am Ende des Abenteuers zurückgesetzt.",Le unità non lasciano cadaveri.Uso: Un attacco corpo a corpo.Quest'arma ottiene +1 al danno e +1 utilizzo quando uccide.Il danno si resetta alla fine dell'avventura.,Unidades não deixam corpos.Uso: um ataque corpo-a-corpo.Esta arma obtém +1 de dano e +1 uso ao realizar uma baixa.O dano é reiniciado no final da aventura.,,,ユニットは​死体を​残さない。​使用:近接攻撃。​キル時に​+1ダメージと​+1使用回数獲得。​ダメージは​冒険終了時に​リセット。[b][/b],
ITEM_STEVENSSHOTGUN_NAME,Steven's Shotgun,,Escopeta de Steven,Fusil de Steven,Stevens Schrotflinte,Fucile a Pompa di Steven,Escopeta de Steve,,,スティーブンの​ショットガン,
ITEM_STEVENSSHOTGUN_DESC,Use: Fires 5 projectiles in a cone. Using this recoils you 10 tiles backwards and Confuses you.,,"Uso: Dispara 5 proyectiles en un área cónica. Al usarla, esta unidad retrocede 10 casillas y sufre confusión.",Utilisation&nbsp;: tire 5&nbsp;projectiles en cône. Son utilisation vous projette de 10&nbsp;cases en arrière et vous inflige Confusion.,Benutzen: Verschießt 5&nbsp;Geschosse in einem kegelförmigen Bereich. Nach Benutzung wirst du 10&nbsp;Felder zurückgestoßen und verwirrt.,"Uso: Spara 5 proiettili in un cono. Se lo usi, rinculi di 10 caselle all'indietro e subisci Confusione.",Uso: dispare 5 projéteis em cone. Esta arma possui um recuo que empurra você 10 espaços para trás e aplica confusão.,,,使用:円錐範囲に​5つの​飛び道具を​発射。​使用すると​10タイル後方に​反動し混乱する。[b][/b],
ITEM_STEVENWEAPON1_NAME,Steven,,Steven,Steven,Steven,Steven,Steven,,,スティーブン,
ITEM_STEVENWEAPON1_DESC,"Use: A melee attack. If this hits an allied cat, spawn a quarter-sized copy of them with 25% of their stats. The copy is AI controlled.RELOAD: An allied cat dies.",,"Uso: Lanza un ataque cuerpo a cuerpo. Si golpea a un gato aliado, se genera una copia a un cuarto de tamaño con el 25 % de sus atributos. La copia la controla la IA.RECARGA: Muere un gato aliado.","Utilisation&nbsp;: une attaque au corps-à-corps. Toucher un chat allié invoque un double de vous quatre fois plus petit avec 25&nbsp;% de vos stats, contrôlé par l'IA.RECHARGE&nbsp;: un chat allié meurt.","Benutzen: Ein Nahkampfangriff. Trifft er eine verbündete Katze, erscheint eine ein Viertel so große Kopie von ihr, deren Attribute 25&nbsp;% betragen. Die Kopie ist computergesteuert.NACHLADEN: Eine verbündete Katze stirbt.","Uso: Un attacco corpo a corpo. Se colpisce un gatto alleato, genera una sua copia delle dimensioni di un quarto con il 25% delle sue statistiche. La copia è controllata dall'IA.RICARICA: Un gatto alleato muore.","Uso: um ataque corpo-a-corpo. Ao golpear um gato aliado, gere uma cópia desse gato com um quarto do tamanho original e 25% de seus atributos. A cópia é controlada pelo computador.RECARREGAMENTO: um gato aliado morre.",,,使用:近接攻撃。​味方の​猫に​命中すると、​ステータス25%の​1/4サイズコピーを​生成。​コピーは​AI制御。​リロード:味方の​猫が​死ぬ。[b][/b],
ITEM_STEVENWEAPON2_NAME,Steven,,Steven,Steven,Steven,Steven,Steven,,,スティーブン,
ITEM_STEVENWEAPON2_DESC,Use: A lobbed attack that inflicts Petrify.RELOAD: Kill a rock.,,Uso: Lanza un ataque en arco que inflige petrificación.RECARGA: Mata una roca.,Utilisation&nbsp;: une attaque en cloche qui inflige Pétrification.RECHARGE&nbsp;: tuer une pierre.,"Benutzen: Ein Angriff, der Hindernisse ignoriert und Gegner versteinert.NACHLADEN: Töte einen Stein.",Uso: Un attacco a parabola che infligge Pietrificazione.RICARICA: Uccidi una roccia.,Uso: um ataque em arco que aplica petrificação.RECARREGAMENTO: mate uma pedra.,,,使用:石化を​付与する​放物攻撃。​リロード:岩を​倒す。[b][/b],
ITEM_STICK_NAME,Stick,,Palo,Bâton,Stock,Bastone,Graveto,,,棒,
ITEM_STICK_DESC,Use: A melee attack with +1 reach.,,Uso: Lanza un ataque cuerpo a cuerpo con +1 de extensión.,Utilisation&nbsp;: une attaque au corps-à-corps avec Allonge +1.,Benutzen: Ein Nahkampfangriff mit +1&nbsp;Reichweite.,Uso: Un attacco corpo a corpo con +1 di portata.,Uso: um ataque corpo-a-corpo com +1 de envergadura.,,,使用:リーチ+1の​近接攻撃。,
ITEM_STRONGMAGNET_NAME,Strong Magnet,,Imán potente,Aimant surpuissant,Starker Magnet,Magnete Potente,Ímã Forte,,,強力な​磁石,
ITEM_STRONGMAGNET_DESC,Use: Pull a unit 2 tiles toward you.,,Uso: Atrae a una unidad 2 casillas.,Utilisation&nbsp;: attire une unité de 2&nbsp;cases vers vous.,Benutzen: Zieh eine Einheit 2&nbsp;Felder an dich heran.,Uso: Attiri un'unità di 2 caselle verso di te.,Uso: puxe uma unidade 2 espaços na sua direção.,,,使用:ユニットを​2タイル引き寄せる。[b][/b],
ITEM_STUNGUN_NAME,Stun Gun,,Pistola aturdidora,Pistolet étourdissant,Elektroschocker,Pistola Stordente,Arma de Atordoamento,,,スタンガン,
ITEM_STUNGUN_DESC,Use: An electric melee attack with a 50% chance to inflict Stun.,,Uso: Lanza un ataque eléctrico cuerpo a cuerpo con un 50 % de probabilidad de aturdir.,Utilisation&nbsp;: une attaque au corps-à-corps électrique avec 50&nbsp;% de chances d'infliger Étourdissement.,"Benutzen: Ein elektrischer Nahkampfangriff, der mit 50%iger Wahrscheinlichkeit Betäubung verursacht.",Uso: Un attacco corpo a corpo elettrico con un 50% di probabilità di infliggere Stordimento.,Uso: um ataque elétrico corpo-a-corpo com 50% de chance de aplicar atordoamento.,,,使用:50%の​確率で​スタンを​付与する​電撃近接攻撃。[b][/b],
ITEM_TASER_NAME,Zapper,,Pistola eléctrica,Foudroyeur,Schocker,Taser,Choqueador,,,テーザー,
ITEM_TASER_DESC,Use: A ranged electric attack that inflicts Stun.,,Uso: Lanza un ataque eléctrico a distancia que aturde.,Utilisation&nbsp;: une attaque à distance électrique qui inflige Étourdissement.,"Benutzen: Ein elektrischer Fernkampfangriff, der Betäubung verursacht.",Uso: Un attacco elettrico a distanza che infligge Stordimento.,Uso: um ataque à distância elétrico que aplica atordoamento.,,,使用:スタンを​付与する​遠距離電撃攻撃。[b][/b],
ITEM_TESLACANNON_NAME,Tesla Cannon,,Cañón de Tesla,Canon Tesla,Teslakanone,Cannone Tesla,Canhão Tesla,,,テスラキャノン,
ITEM_TESLACANNON_DESC,Use: Fire a ranged electric shot that passes through units in a straight line with a 50% chance to Stun.,,Uso: Dispara un proyectil eléctrico a distancia que atraviesa a las unidades en línea recta con un 50 % de probabilidad de aturdirlas.,Utilisation&nbsp;: tire un projectile à distance électrique qui traverse les unités en ligne droite et a 50&nbsp;% de chances d'infliger Étourdissement.,"Benutzen: Ein elektrischer Schuss, der Einheiten in einer geraden Linie durchbohrt und mit 50%iger Wahrscheinlichkeit Betäubung verursacht.",Uso: Spari un colpo elettrico a distanza che attraversa le unità in linea retta con una probabilità del 50% di infliggere Stordimento.,Uso: realize um disparo à distância elétrico que atravessa unidades em uma linha reta e possui 50% de chance de atordoar.,,,使用:ユニットを​直線で​貫通し50%の​確率で​スタンさせる​遠距離電撃射撃。[b][/b],
ITEM_TEXTBOOK_NAME,Textbook,,Libro de texto,Manuel scolaire,Textbuch,Libro di Testo,Livro Didático,,,教科書,
ITEM_TEXTBOOK_DESC,Use: Gain +1 [img:int] for the rest of the battle.,,Uso: Obtiene +1 [img:int] durante el resto del combate.,Utilisation&nbsp;: [img:int] +1&nbsp;pour le reste du combat.,Benutzen: Erhalte für den Rest des Kampfes +1&nbsp;[img:int].,Uso: Ottieni +1 all'[img:int] per il resto della battaglia.,Uso: obtenha +1 de [img:int] pelo resto da batalha.,,,使用:バトル中+1 [img:int]を​獲得。,
ITEM_TINASLARYNX_NAME,Tina's Larynx,,Laringe de Tina,Larynx de Tina,Tinas Kehlkopf,Laringe di Tina,Laringe de Tina,,,ティナの​喉頭,
ITEM_TINASLARYNX_DESC,Use: Inflict Fear on all enemies.[s:.7](Usable once per battle.)[/s],,Uso: Inflige miedo a todos los enemigos.[s:.7](Disponible una vez por combate).[/s],Utilisation&nbsp;: inflige Peur à tous les ennemis.[s:.7](Utilisable 1&nbsp;fois par combat.)[/s],Benutzen: Verursache bei allen Gegnern Angst.[s:.7](Einmal pro Kampf verwendbar.)[/s],Uso: Infliggi Paura a tutti i nemici.[s:.7](Utilizzabile una volta per battaglia.)[/s],Uso: aplique medo em todos os inimigos.[s:.7](Um uso por batalha.)[/s],,,使用:全敵に​恐怖を​付与する。[s:.7](バトル中1回のみ​使用可能。)[/s],
ITEM_TOYGUN_NAME,Toy Gun,,Pistola de juguete,Arme factice,Spielzeugpistole,Pistola Giocattolo,Arma de Brinquedo,,,おもちゃの​銃,
ITEM_TOYGUN_DESC,Use: A melee attack with Knockback 10 and Chain Knockback that inflicts Bruise.,,Uso: Lanza un ataque cuerpo a cuerpo con 10 de retroceso y retroceso encadenado que inflige moratón.,Utilisation&nbsp;: une attaque au corps-à-corps avec Recul +10&nbsp;et Recul en chaîne qui inflige Contusion.,"Benutzen: Ein Nahkampfangriff mit Rückstoß&nbsp;10 und Kettenrückstoß, der Beulen verursacht.",Uso: Un attacco corpo a corpo con Contraccolpo 10 e Contraccolpo a Catena che infligge Livido.,Uso: um ataque corpo-a-corpo com empurrão 10 e empurrão encadeado que aplica contusão.,,,使用:打撲を​付与する​ノックバック10と​連鎖ノックバックの​近接攻撃。[b][/b],
ITEM_TRACTORBEAM_NAME,Tractor Beam,,Rayo tractor,Rayon tracteur,Traktorstrahl,Raggio Attirante,Raio Trator,,,トラクタービーム,
ITEM_TRACTORBEAM_DESC,Use: Pull a unit within 3 tiles all the way towards you. Requires line of sight.,,Uso: Atrae a una unidad en un radio de 3 casillas. Hace falta campo visual.,Utilisation&nbsp;: attire vers vous une unité éloignée de jusqu'à 3&nbsp;cases dans votre ligne de mire.,Benutzen: Zieht eine Einheit innerhalb von 3&nbsp;Feldern an dich heran. Muss sich in deiner Sichtlinie befinden.,Uso: Attiri completamente verso di te un'unità entro 3 caselle. Richiede campo visivo.,Uso: puxe até você uma unidade a até 3 espaços de distância e dentro do seu campo de visão.,,,使用:3タイル以内の​ユニットを​完全に​引き寄せる。​視界が​必要。[b][/b],
ITEM_TRASHCANLID_NAME,Trash Can Lid,,Tapadera de cubo de basura,Couvercle de poubelle,Mülleimerdeckel,Coperchio del Bidone,Tampa de Lixeira,,,ゴミ箱の​蓋,
ITEM_TRASHCANLID_DESC,Use: A melee attack with Knockback 1.,,Uso: Lanza un ataque cuerpo a cuerpo con 1 de retroceso.,Utilisation&nbsp;: une attaque au corps-à-corps avec Recul +1.,Benutzen: Ein Nahkampfangriff mit Rückstoß&nbsp;1.,Uso: Un attacco corpo a corpo con Contraccolpo 1.,Uso: um ataque corpo-a-corpo com empurrão 1.,,,使用:ノックバック1の​近接攻撃。[b][/b],
ITEM_TROWEL_NAME,Trowel,,Paleta,Truelle,Kelle,Cazzuola,Desempenadeira,,,こて,
ITEM_TROWEL_DESC,Use: A melee attack with Knockback 1 that spawns a rock.,,Uso: Lanza un ataque cuerpo a cuerpo con 1 de retroceso que genera una roca.,Utilisation&nbsp;: une attaque au corps-à-corps avec Recul +1&nbsp;invoquant une pierre.,"Benutzen: Ein Nahkampfangriff mit Rückstoß&nbsp;1, der einen Stein erscheinen lässt.",Uso: Un attacco corpo a corpo con Contraccolpo 1 che genera una roccia.,Uso: um ataque corpo-a-corpo com empurrão 1 que gera uma pedra.,,,使用:岩を​生成する​ノックバック1の​近接攻撃。[b][/b],
ITEM_UNDERWORLDSTAFF_NAME,Staff of the Underworld,,Báculo del inframundo,Sceptre des enfers,Stab der Unterwelt,Bastone degli Inferi,Cajado do Submundo,,,冥界の​杖,
ITEM_UNDERWORLDSTAFF_DESC,Use: A melee attack with Knockback 1.Passive: Start each battle with a Zombie Cat familiar.,,Uso: Lanza un ataque cuerpo a cuerpo con 1 de retroceso.Pasiva: Empieza cada combate con un familiar gatozombi.,Utilisation&nbsp;: une attaque au corps-à-corps avec Recul +1.Passif&nbsp;: vous débutez chaque combat avec un chat zombie de compagnie.,Benutzen: Ein Nahkampfangriff mit Rückstoß&nbsp;1.Passiveffekt: Beginne jeden Kampf mit einer Zombiekatze als Begleiter.,Uso: Un attacco corpo a corpo con Contraccolpo 1.Abilità Passiva: Inizi ogni battaglia con un famiglio Gatto Zombie.,Uso: um ataque corpo-a-corpo com empurrão 1.Passivo: inicie cada batalha com um familiar gato zumbi.,,,使用:ノックバック1の​近接攻撃。​パッシブ:各バトル開始時に​ゾンビ猫の​使い魔が​登場。[b][/b],
ITEM_URANIUMROD_NAME,Uranium Rod,,Barra de uranio,Barre d'uranium,Uranstab,Verga di Uranio,Haste de Urânio,,,ウラン棒,
ITEM_URANIUMROD_DESC,"Use: A melee attack that inflicts -1 [img:con], Poison 2 and Weakness 1.At the end of each battle, if you are downed, gain a random mutation.",,"Uso: Lanza un ataque cuerpo a cuerpo que inflige -1 [img:con], 2 de veneno y 1 de debilidad.Al final de cada combate, si esta unidad está abatida, obtiene una mutación al azar.","Utilisation&nbsp;: une attaque au corps-à-corps qui inflige [img:con] -1, Poison +2&nbsp;et Vulnérabilité 1.À la fin de chaque combat, si vous êtes K.O., vous gagnez une mutation aléatoire.","Benutzen: Ein Nahkampfangriff, der -1&nbsp;[img:con], Gift&nbsp;2 und Schwäche&nbsp;1 verursacht.Wenn du am Ende des Kampfes ohnmächtig bist, erhältst du eine zufällige Mutation.","Uso: Un attacco corpo a corpo che infligge -1 alla [img:con], Veleno 2 e Debolezza 1.Alla fine di ogni battaglia, se sei KO, ottieni una mutazione casuale.","Uso: um ataque corpo-a-corpo que aplica -1 de [img:con], veneno 2 e fraqueza 1.No final de cada batalha, se você estiver inconsciente, obtenha uma mutação aleatória.",,,使用:-1 [img:con]、​毒2、​衰弱1を​付与する​近接攻撃。​各バトル終了時、​倒れていれば​ランダムな​ミューテーション獲得。,
ITEM_USASHIELD_NAME,USA Shield,,Escudo yanqui,Égide états-unienne,USA-Schild,Scudo USA,Escudo EUA,,,USAシールド,
ITEM_USASHIELD_DESC,Use: A ranged attack that inflicts Stun.[s:.7](Usable once per battle.)[/s]Passive: +2 Brace while this weapon is usable.,,Uso: Lanza un ataque a distancia que aturde.[s:.7](Disponible una vez por combate).[/s]Pasiva: +2 de refuerzo mientras el arma pueda usarse.,Utilisation&nbsp;: une attaque à distance qui inflige Étourdissement.[s:.7](Utilisable 1&nbsp;fois par combat.)[/s]Passif&nbsp;: Garde +2&nbsp;tant que cette arme est utilisable.,"Benutzen: Ein Fernkampfangriff, der Betäubung verursacht.[s:.7](Einmal pro Kampf verwendbar.)[/s]Passiveffekt: +2&nbsp;Wappnen, während diese Waffe verwendbar ist.",Uso: Un attacco a distanza che infligge Stordimento.[s:.7](Utilizzabile una volta per battaglia.)[/s]Abilità Passiva: +2 alla Guardia finché quest'arma è utilizzabile.,Uso: um ataque à distância que aplica atordoamento.[s:.7](Um uso por batalha.)[/s]Passivo: +2 de preparação enquanto esta arma puder ser utilizada.,,,使用:スタンを​付与する​遠距離攻撃。[s:.7](バトル中1回のみ​使用可能。)[/s]パッシブ:この​武器が​使用可能な​間+2ガード。,
ITEM_UZI_NAME,Submachine Gun,,Subfusil,Mitrailleuse,Maschinenpistole,Mitragliatrice,Submetralhadora,,,サブマシンガン,
ITEM_UZI_DESC,Use: Fire 5 shots in a straight line.,,Uso: Dispara 5 proyectiles en línea recta.,Utilisation&nbsp;: tire 5&nbsp;projectiles en ligne droite.,Benutzen: Feuere 5&nbsp;Schüsse in einer geraden Linie.,Uso: Spari 5 colpi in linea retta.,Uso: realize 5 disparos em linha reta.,,,使用:直線で​5発射撃。,
ITEM_WHETSTONE_NAME,Whetstone,,Piedra de afilar,Pierre à aiguiser,Schleifstein,Pietra per Affilare,Pedra de Amolar,,,砥石,
ITEM_WHETSTONE_DESC,Use: Gain +1 Damage for the rest of the battle.,,Uso: Obtiene +1 de daño durante el resto del combate.,Utilisation&nbsp;: Dégâts +1&nbsp;pour le reste du combat.,Benutzen: Erhalte für den Rest des Kampfes +1&nbsp;Schaden.,Uso: Ottieni +1 al Danno per il resto della battaglia.,Uso: obtenha +1 de dano pelo resto da batalha.,,,使用:バトル中+1ダメージを​獲得。[b][/b],
ITEM_ZODIACSSIXSHOOTER_NAME,Zodiac's Six Shooter,,Revólver de Zodiaco,Revolver du Zodiaque,Zodiacs Revolver,Sei Colpi dello Zodiaco,Revólver do Zodíaco,,,ゾディアックの​シックスシューター[b][/b],
ITEM_ZODIACSSIXSHOOTER_DESC,Use: Fire a shot anywhere within your line of sight.Automatically use this whenever an enemy ends movement within your line of sight.Reloads at the end of each battle.,,Uso: Dispara un proyectil a cualquier parte del campo visual.Ocurre automáticamente siempre que un enemigo acaba el movimiento en el campo visual.Se recarga al final de cada combate.,Utilisation&nbsp;: tire un projectile dans votre ligne de mire.S'utilise automatiquement quand un ennemi termine son déplacement dans votre ligne de mire.Se recharge à la fin de chaque combat.,"Benutzen: Schieße auf etwas in deiner Sichtlinie.Wird automatisch benutzt, wenn ein Gegner in deiner Sichtlinie stehenbleibt.Lädt sich am Ende jedes Kampfes nach.",Uso: Spari un colpo in qualsiasi punto del tuo campo visivo.Usi automaticamente quest'arma ogni volta che un nemico termina il movimento nel tuo campo visivo.Si ricarica alla fine di ogni battaglia.,Uso: realize um disparo em qualquer lugar dentro do seu campo de visão.Use esta arma automaticamente sempre que um inimigo finalizar seu movimento dentro do seu campo de visão.Recarrega-se no final de cada batalha.,,,使用:視界内の​任意の​場所に​射撃。​敵が​視界内で​移動を​終えると​自動使用。​各バトル終了時に​リロード。[b][/b],
ITEM_THEPACT_NAME,The Pact,,El Pacto,Le Pacte,Der Pakt,Il Patto,O Pacto,,,契約,
ITEM_THEPACT_DESC,"Use: Permanently lose 1 [img:con] to gain +1 [img:str], +2 [img:dex] and +2 [img:spd] for the rest of the battle.",,"Uso: Pierde para siempre 1 [img:con] para obtener +1 [img:str], +2 [img:dex] y +2 [img:spd] durante el resto del combate.","Utilisation&nbsp;: [img:con] -1&nbsp;définitivement, [img:str] +1, [img:dex] +2&nbsp;et [img:spd] +2&nbsp;pour le reste du combat.","Benutzen: Verliere dauerhaft 1&nbsp;[img:con], um +1&nbsp;[img:str], +2&nbsp;[img:dex] und +2&nbsp;[img:spd] für den Rest des Kampfes zu erhalten.","Uso: Perdi permanentemente 1 alla [img:con] per ottenere +1 alla [img:str], +2 alla [img:dex] e +2 alla [img:spd] per il resto della battaglia.","Uso: perca permanentemente 1 de [img:con] para ganhar +1 de [img:str], +2 de [img:dex] e +2 de [img:spd] pelo resto da batalha.",,,使用:恒久的に​1 [img:con]を​失い、​バトル中+1 [img:str]、​+2 [img:dex]、​+2 [img:spd]を​獲得。,
ITEM_PROBE_NAME,Probe,,Sonda,Sonde,Sonde,Sonda,Sonda,,,プローブ,
ITEM_PROBE_DESC,Use: Inflict Charm 3. Can only hit from behind.,,Uso: Inflige 3 de embrujo. Solo puede golpear por la espalda.,Utilisation&nbsp;: inflige Envoûtement +3. Ne s'effectue que par derrière.,Benutzen: Verursache Charme&nbsp;3. Kann nur von hinten treffen.,Uso: Infliggi Fascino 3. Puoi colpire solo alle spalle.,Uso: aplique feitiço 3. Só pode golpear por trás.,,,使用:魅了3を​付与。​背後から​のみ​命中。[b][/b],
,,,,,,,,,,,
//trinkets,,,,,,,,,,,
ITEM_AAABATTERY_NAME,AAA Battery,,Pila AAA,Pile AAA,AAA-Batterie,Batteria AAA,Pilha AAA,,,単三電池,
ITEM_AAABATTERY_DESC,"Every time you cast 3 spells, gain +3 Charge.",,"Cada vez que esta unidad lanza 3 hechizos, obtiene +3 de carga.","Chaque fois que vous lancez 3&nbsp;sorts, vous gagnez Charge +3.","Erhalte jedes Mal +3&nbsp;Ladung, wenn du 3&nbsp;Zauber wirkst.","Ogni volta che lanci 3 incantesimi, ottieni +3 Carica.","A cada 3 encantamentos que você lançar, obtenha +3 cargas.",,,スペルを​3回使用する​たびに、​+3チャージを​獲得する。[b][/b],
ITEM_ANGELWING_NAME,Angel Wing,,Ala angelical,Aile angélique,Engelsflügel,Ala d'Angelo,Asa de Anjo,,,天使の​翼,
ITEM_ANGELWING_DESC,"If an attack would down you, instead lower your HP to 1. While at 1 HP, this has no effect.",,"Si esta unidad cayera abatida con un ataque, se quedaría con 1 PS. Mientras esté con 1 PS, esto no tiene efecto.","Si une attaque est censée vous mettre K.O., vous conservez 1&nbsp;PV. Tant que vous êtes à 1&nbsp;PV, cet effet ne se déclenche pas.","Behalte 1&nbsp;LP, wenn dich ein Angriff in Ohnmacht fallen lassen würde. Hat keine Wirkung, wenn du 1&nbsp;LP hast.","Un attacco in grado di metterti KO porta invece i tuoi PS a 1. Quando hai 1 PS, non ha alcun effetto.","Se um ataque for deixar você inconsciente, fique com 1 PV ao invés disso. Enquanto você possuir 1 PV, este item não possui nenhum efeito.",,,ダウンする​ダメージを​受けた​とき、​代わりに​HPを​1に​する。​HP1の​時は​効果なし。[b][/b],
ITEM_ANKH_NAME,Ankh,,Anj,Ânkh,Anch,Ankh,Ankh,,,アンク,
ITEM_ANKH_DESC,"While you're downed, you have a 50% chance to revive with 33% HP at the end of each round.",,"Mientras esta unidad está abatida, tiene un 50 % de probabilidad de resucitar con un 33 % de PS al final de cada ronda.","Si vous êtes K.O., vous avez 50&nbsp;% de chances d'être réanimé avec 33&nbsp;% de PV à la fin de chaque manche.","Während du ohnmächtig bist, besteht am Ende jeder Runde eine 50%ige Wahrscheinlichkeit, dass du mit 33&nbsp;% LP wiederbelebt wirst.","Mentre sei KO, hai un 50% di probabilità di resuscitare con il 33% di PS alla fine di ogni round.","Enquanto está inconsciente, você possui 50% de chance de reviver com 33% de saúde até o final da rodada.",,,ダウン中、​各ラウンド終了時に​50%の​確率で​HP33%で​復活する。[b][/b],
ITEM_BAGOFBAGS_NAME,Bag o' Bags,,Saco de bolsas,Sac de sacs,Beutel voller Beutel,Sacco di Sacchi,Saco de Sacolas,,,ゴミ袋の​袋,
ITEM_BAGOFBAGS_DESC,Use: Throw a trash bag on an adjacent tile.,,Uso: Lanza una bolsa de basura a una casilla adyacente.,Utilisation&nbsp;: lance un sac poubelle sur une case adjacente.,Benutzen: Wirf einen Müllbeutel auf ein benachbartes Feld.,Uso: Lanci un sacco della spazzatura su una casella adiacente.,Uso: jogue um saco de lixo em um espaço adjacente.,,,使用:隣接する​タイルに​ゴミ袋を​投げる。[b][/b],
ITEM_BAGOFSEEDS_NAME,Bag of Seeds,,Bolsa de semillas,Sac de graines,Beutel mit Samen,Sacco di Semi,Saco de Sementes,,,種の​袋,
ITEM_BAGOFSEEDS_DESC,"Use: Spawn grass, flowers, or brambles on an adjacent tile.",,"Uso: Genera hierba, flores o zarzas en una casilla adyacente.","Utilisation&nbsp;: fait apparaître de l'herbe, des fleurs ou des ronces sur une case adjacente.","Benutzen: Lasse Gras, Blumen oder Dornengestrüpp auf einem benachbarten Feld erscheinen.","Uso: Generi erba, fiori o rovi su una casella adiacente.","Uso: gere grama, flores ou espinheiros em um espaço adjacente.",,,使用:隣接する​タイルに​草、​花、​または​イバラを​生やす。[b][/b],
ITEM_BALLOFBANDAGES_NAME,Ball of Bandages,,Bola de vendas,Boule de pansements,Beutel mit Bandagen,Palla di Bende,Bola de Bandagens,,,包帯の​玉,
ITEM_BALLOFBANDAGES_DESC,Cleanse one stack of a random debuff at the end of each turn.+1 Health Regen.,,Elimina una acumulación de una desventaja al azar al final de cada turno.+1 de regeneración de salud.,Dissipe un cumul de malus aléatoire à la fin de chaque tour.Régénération de PV +1.,Reinige am Ende jedes Zuges einen Stapel einer zufälligen Schwächung.+1&nbsp;Lebensregeneration.,Rimuovi uno stack di un malus casuale alla fine di ogni turno.+1 a Rigenerazione Salute.,Purifique uma acumulação de um enfraquecimento aleatório no final de cada turno.+1 de regeneração de saúde.,,,各ターン終了時に​ランダムな​デバフを​1スタック浄化する。​+1 HP再生。[b][/b],
ITEM_BALLOFYARN_NAME,Ball of Yarn,,Ovillo de lana,Pelote de laine,Garnknäuel,Gomitolo di Lana,Bola de Lã,,,毛糸玉,
ITEM_BALLOFYARN_DESC,Spawn a Charmed Kitten with All Stats Up 2 at the start of each battle.,,Genera un gatito embrujado con 2 de aumento total al inicio de cada combate.,Invoque un chaton envoûté avec Hausse de stats 2&nbsp;au début de chaque combat.,Rufe am Anfang jedes Kampfes ein freundliches Kätzchen mit einem Bonus von 2 auf alle Attribute.,Generi un Gattino Ammaliato con Aumento delle Statistiche 2 all'inizio di ogni battaglia.,Gere um gatinho enfeitiçado com todos os atributos aumentados 2 no início de cada batalha.,,,各バトル開始時に​全ステータス上昇2の​魅了された​子猫を​召喚する。[b][/b],
ITEM_BEESTINGER_NAME,Bee Stinger,,Aguijón de abeja,Dard d'abeille,Bienenstachel,Pungiglione d'Ape,Ferrão de Abelha,,,蜂の​針,
ITEM_BEESTINGER_DESC,Your basic attack inflicts Poison 1.,,El ataque básico inflige 1 de veneno.,Votre attaque de base inflige Poison +1.,Dein Grundangriff verursacht Gift&nbsp;1.,Il tuo attacco base infligge Veleno 1.,Seu ataque básico aplica veneno 1.,,,基本攻撃が​毒1を​与える。,
ITEM_BINOCULARS_NAME,Binoculars,,Prismáticos,Jumelles,Fernglas,Binocolo,Binóculo,,,双眼鏡,
ITEM_BINOCULARS_DESC,+2 range.,,+2 de alcance.,Portée +2.,+2&nbsp;Reichweite.,+2 al raggio d'azione.,+2 de alcance.,,,+2射程。,
ITEM_BIRDFEED_NAME,Bird Feed,,Alpiste,Graines pour oiseaux,Vogelfutter,Mangime per Uccelli,Alpiste,,,鳥の​餌,
ITEM_BIRDFEED_DESC,+50% chance for an extra bird to spawn at the start of each battle.,,+50 % de probabilidad de que se genere un pájaro extra al inicio de cada combate.,+50&nbsp;% de chances d'invoquer un oiseau supplémentaire au début de chaque combat.,"+50&nbsp;% Wahrscheinlichkeit, dass am Anfang jedes Kampfes ein zusätzlicher Vogel erscheint.",+50% di probabilità che all'inizio di ogni battaglia appaia un uccello aggiuntivo.,50% de chance de um pássaro adicional ser gerado no início da batalha.,,,各バトル開始時に​追加の​鳥が​出現する​確率+50%。[b][/b],
ITEM_BIRDHEAD_NAME,Bird Head,,Cabeza de pájaro,Tête d'oiseau,Vogelkopf,Testa di Uccello,Cabeça de Pássaro,,,鳥の​頭,
ITEM_BIRDHEAD_DESC,Your basic attack inflicts Soul Link.,,El ataque básico inflige vínculo de alma.,Votre attaque de base inflige Lien spirituel.,Dein Grundangriff verursacht Seelenverbindung.,Il tuo attacco base infligge Collegamento Spirituale.,Seu ataque básico aplica conexão de alma.,,,基本攻撃が​魂の​リンクを​与える。[b][/b],
ITEM_BISHOP_NAME,Bishop,,Alfil,Fou,Bischof,Alfiere,Bispo,,,ビショップ,
ITEM_BISHOP_DESC,Use: Move any number of tiles in a diagonal line.,,Uso: Esta unidad se mueve cualquier cantidad de casillas en diagonal.,Utilisation&nbsp;: déplacez-vous de n'importe quel nombre de cases en diagonale.,Benutzen: Bewege dich beliebig weit in eine diagonale Richtung.,Uso: Ti muovi di un numero qualsiasi di caselle in diagonale.,Uso: mova-se qualquer quantidade de espaços em uma linha diagonal.,,,使用:斜め方​向に​任意の​距離移動する。[b][/b],
ITEM_BLINKINGEYEBALL_NAME,Blinking Eyeball,,Ojo parpadeante,Œil clairvoyant,Blinzelnder Augapfel,Occhio Palpitante,Globo Ocular Piscando,,,瞬く​眼球,
ITEM_BLINKINGEYEBALL_DESC,Your line of sight restrictions are ignored.,,Se anulan las restricciones del campo visual.,Les restrictions de votre ligne de mire sont ignorées.,Beschränkungen durch Sichtlinien werden aufgehoben.,Ignori le restrizioni del tuo campo visivo.,Suas restrições de campo de visão são ignoradas.,,,視線制限を​無視する。,
ITEM_BLOODYCOIN_NAME,Bloody Coin,,Moneda sangrienta,Pièce ensanglantée,Blutige Münze,Moneta Insanguinata,Moeda Ensanguentada,,,血まみれコイン,
ITEM_BLOODYCOIN_DESC,Use: Flip a coin.Heads: Refresh your basic attack.Tails: Lose 50% of your HP.,,Uso: Lanza una moneda.Cara: Restaura el ataque básico.Cruz: Pierde un 50 % de PS.,Utilisation&nbsp;: vous lancez une pièce.Pile&nbsp;: votre attaque de base est réinitialisée.Face&nbsp;: vous perdez 50&nbsp;% de vos PV.,Benutzen: Wirf eine Münze.Kopf: Frische deinen Grundangriff auf.Zahl: Verliere 50&nbsp;% deiner LP.,Uso: Lanci una moneta.Testa: Ripristini il tuo attacco base.Croce: Perdi il 50% dei tuoi PS.,Uso: jogue uma moeda.Cara: reinicie seu ataque básico.Coroa: perca 50% de sua saúde.,,,使用:コインを​投げる。​表:基本攻撃を​リフレッシュ。​裏:HPの​50%を​失う。[b][/b],
ITEM_BLOODYRAZOR_NAME,Bloody Razor,,Cuchilla sangrienta,Rasoir ensanglanté,Blutige Rasierklinge,Rasoio Insanguinato,Navalha Ensanguentada,,,血塗られた​剃刀,
ITEM_BLOODYRAZOR_DESC,Use: Deal 5 damage to yourself to gain +3 Damage and +1 Magic Damage.,,Uso: Esta unidad se autoinflige 5 de daño para obtener +3 de daño y +1 de daño mágico.,"Utilisation&nbsp;: vous inflige 5&nbsp;dégâts, vous confère Dégâts +3&nbsp;et Dégâts magiques +1.",Benutzen: Füge dir selbst 5&nbsp;Schaden zu und erhalte +3&nbsp;Schaden und +1&nbsp;magischen Schaden.,Uso: Ti autoinfliggi 5 di danno per ottenere +3 al Danno e +1 al Danno Magico.,Uso: cause 5 de dano contra si para obter +3 de dano e +1 de dano mágico.,,,使用:自分に​5ダメージを​与えて​+3ダメージと​+1魔法ダメージを​獲得する。[b][/b],
ITEM_BODYSPRAY_NAME,Body Spray,,Espray corporal,Déodorant,Körperspray,Spray Corpo,Spray Corporal,,,ボディスプレー,
ITEM_BODYSPRAY_DESC,,,,,,,,,,,
ITEM_BONEMARROW_NAME,Bone Marrow,,Médula ósea,Moelle osseuse,Knochenmark,Midollo Osseo,Medula Óssea,,,骨髄,
ITEM_BONEMARROW_DESC,Heal to full at the end of each battle.,,Recupera toda la salud al final de cada combate.,Vous soigne intégralement à la fin de chaque combat.,Heile dich am Anfang jedes Kampfes vollständig.,Ti curi completamente alla fine di ogni battaglia.,Cure-se completamente no final de cada batalha.,,,各バトル終了時に​全快する。,
ITEM_BOOK_NAME,Book,,Libro,Livre,Buch,Libro,Livro,,,本,
ITEM_BOOK_DESC,,,,,,,,,,,
ITEM_BRASSKNUCKLES_NAME,Brass Knuckles,,Nudillos de latón,Poings américains,Schlagring,Tirapugni,Soco Inglês,,,ブラスナックル,
ITEM_BRASSKNUCKLES_DESC,Your basic attack inflicts Bruise 1.,,El ataque básico inflige 1 de moratón.,Votre attaque de base inflige Contusion +1.,Dein Grundangriff verursacht Beulen&nbsp;1.,Il tuo attacco base infligge Livido 1.,Seu ataque básico aplica contusão 1.,,,基本攻撃が​打撲1を​与える。,
ITEM_BREAKFAST_NAME,Breakfast,,Desayuno,Petit-déj',Frühstückchen,Colazione,Café da Manhã,,,朝食,
ITEM_BREAKFAST_DESC,+2 Health Regen.,,+2 de regeneración de salud.,Régénération de PV +2.,+2&nbsp;Lebensregeneration.,+2 a Rigenerazione Salute.,+2 de regeneração de saúde.,,,+2 HP再生。,
ITEM_BROKENMIRROR_NAME,Broken Mirror,,Espejo roto,Miroir brisé,Zerbrochener Spiegel,Specchio Rotto,Espelho Quebrado,,,割れた​鏡,
ITEM_BROKENMIRROR_DESC,,,,,,,,,,,
ITEM_BUTTERBEAN_NAME,Butter Bean,,Habichuela,Haricot beurre,Mondbohne,Fagiolata,Feijão Manteiga,,,バター豆,
ITEM_BUTTERBEAN_DESC,"Use: Fart at an adjacent unit, knocking it back 1 tile.",,"Uso: Le lanza un pedo a una unidad adyacente, que retrocede 1 casilla.","Utilisation&nbsp;: pète sur une unité adjacente, lui infligeant Recul +1.",Benutzen: Furze eine benachbarte Einheit an und stoße sie 1&nbsp;Feld zurück.,"Uso: Scoreggi contro un'unità adiacente, respingendola di 1 casella.","Uso: solte um pum em uma unidade adjacente, empurrando-a 1 espaço para trás.",,,使用:隣接する​ユニットに​おならを​して​1タイルノックバックする。[b][/b],
ITEM_CAMBIONCONCEPTION_NAME,Cambion Conception,,Impura concepción,Conception impure,Dämonische Empfängnis,Concepimento Cambionico,Concepção Demoníaca,,,カンビオン・​コンセプション,
ITEM_CAMBIONCONCEPTION_DESC,Use: Summon a half-sized copy of yourself that has 66% of your stats and is AI controlled.,,Uso: Invoca una copia a mitad de tamaño que tiene un 66 % de sus atributos y está controlada por la IA.,"Utilisation&nbsp;: invoque un double de vous deux fois plus petit avec 66&nbsp;% de vos stats, contrôlé par l'IA.",Benutzen: Beschwöre eine halb so große Kopie von dir selbst mit 66&nbsp;% deiner Attribute. Die Kopie ist computergesteuert.,Uso: Evochi una tua copia dimezzata con il 66% delle tue statistiche e controllata dall'IA.,Uso: invoque uma cópia sua com a metade do tamanho que possui 66% dos seus atributos e é controlada pelo computador.,,,使用:自分の​66%の​能力値を​持つ半分​サイズの​コピーを​召喚する​(AI制御)。[b][/b],
ITEM_CANCER_NAME,Cancer,,Cáncer,Cancer,Krebsgeschwür,Cancro,Câncer,,,蟹座,
ITEM_CANCER_DESC,"At the end of each battle, gain -1 to three random stats, then gain a mutation.",,"Al final de cada combate, obtiene -1 en tres atributos al azar y luego obtiene una mutación.","À la fin de chaque combat, vous perdez 1&nbsp;point sur 3&nbsp;stats aléatoires, puis vous gagnez une mutation.",Erhalte am Ende jedes Kampfes -1 auf drei zufällige Attribute und eine Mutation.,"Alla fine di ogni battaglia, ottieni -1 a tre statistiche casuali, poi subisci una mutazione.","No final de cada batalha, perca -1 em três atributos aleatórios, e então obtenha uma mutação.",,,各バトル終了時に​ランダムな​3つの​能力値が​-1され、​その​後​変異を​獲得する。[b][/b],
ITEM_CARVINGKNIFE_NAME,Carving Knife,,Cuchillo trinchador,Couteau de découpe,Tranchiermesser,Coltello da Intaglio,Faca de Destrinchar,,,彫刻ナイフ,
ITEM_CARVINGKNIFE_DESC,Use: Take 2 damage and spawn a Meat pickup.,,Uso: Sufre 2 de daño y genera un recogible de carne.,"Utilisation&nbsp;: vous subissez 2&nbsp;dégâts, de la viande apparaît.",Benutzen: Erleide 2&nbsp;Schaden und lasse einen Essensgegenstand erscheinen.,Uso: Subisci 2 di danno e generi un raccoglibile carne.,Uso: sofra 2 de dano e gere um coletável de carne.,,,使用:2ダメージを​受けて​肉の​ピックアップを​生成する。[b][/b],
ITEM_CATONINETAILS_NAME,Cat o' Nine Tails,,Gato de nueve colas,Chat à neuf queues,Neunschwänzige Katze,Gatto a Nove Code,Gato de Nove Caudas,,,九尾鞭,
ITEM_CATONINETAILS_DESC,Use: Take 1 damage and cleanse one random debuff.,,Uso: Sufre 1 de daño y elimina una desventaja al azar.,"Utilisation&nbsp;: vous subissez 1&nbsp;dégât, dissipe un malus aléatoire.",Benutzen: Erleide 1&nbsp;Schaden und reinige eine zufällige Schwächung.,Uso: Subisci 1 di danno e rimuovi 1 malus casuale.,Uso: sofra 1 de dano e purifique um enfraquecimento aleatório.,,,使用:1ダメージを​受けて​ランダムな​デバフを​1つ浄化する。[b][/b],
ITEM_CATRIB_NAME,Cat Rib,,Costilla de gato,Côte de chat,Katzenrippe,Costola di Gatto,Costela de Gato,,,猫の​肋骨,
ITEM_CATRIB_DESC,"When your body is destroyed, you are reborn as a kitten!",,"Cuando destrozan su cadáver, esta unidad renace como gatito.","Quand votre corps est détruit, vous vous réincarnez en chaton&nbsp;!","Wenn dein Körper zerstört wird, wirst du als Kätzchen wiedergeboren!","Quando il tuo corpo viene distrutto, rinasci come gattino!","Quando seu corpo é destruído, você renasce como um gatinho!",,,体が​破壊されると、​子猫と​して​転生する![b][/b],
ITEM_CHARONSOBAL_NAME,Charon's Obol,,Óbolo de Caronte,Obole de Charon,Charons Obolus,Obolo di Caronte,Óbolo de Caronte,,,カロンの​硬貨,
ITEM_CHARONSOBAL_DESC,+6 corpse health. Spawn a Charmed Reaper when you are downed.,,+6 de salud de cadáver. Genera una parca embrujada cuando esta unidad está abatida.,"PV de cadavre +6. Quand vous êtes mis K.O., un faucheur envoûté est invoqué.","+6&nbsp;Leichenlebenspunkte. Ein freundlicher Schnitter erscheint, wenn du in Ohnmacht fällst.","+6 salute del cadavere. Se sei KO, generi un Mietitore Ammaliato.",+6 de saúde de cadáver. Invoca um ceifador enfeitiçado quando você fica inconsciente.,,,+6死体HP。​ダウン時に​魅了された​死神を​召喚する。[b][/b],
ITEM_CHUPACABRATONGUE_NAME,Chupacabra Tongue,,Lengua del Chupacabras,Langue du Chupacabra,Chupacabrazunge,Lingua di Chupacabra,Língua de Chupacabra,,,チュパカブラの​舌,
ITEM_CHUPACABRATONGUE_DESC,Your basic attack has Lifesteal.,,El ataque básico tiene robavida.,Votre attaque de base inflige Vol de vie.,Dein Grundangriff saugt Leben ab.,Il tuo attacco base ha Rubavita.,Seu ataque básico possui roubo de vida.,,,基本攻撃が​ライフスティールを​持つ。[b][/b],
ITEM_COINPURSE_NAME,Coin Purse,,Monedero,Porte-monnaie,Münzbeutel,Borsellino,Bolsa de Moedas,,,小銭入れ,
ITEM_COINPURSE_DESC,"When you collect a coin pickup, gain +1 coin.Find an extra coin at the end of each battle.",,"Al llevarse un recogible de moneda, obtiene +1 moneda.Encuentra otra moneda más al final de cada combate.","Quand vous ramassez une pièce, vous obtenez 1&nbsp;pièce supplémentaire.Vous obtenez une pièce bonus à la fin de chaque combat.","Erhalte +1&nbsp;Münze, wenn du Münzen einsammelst.Finde am Anfang jedes Kampfes eine zusätzliche Münze.","Quando prendi un raccoglibile moneta, ottieni +1 moneta.Trovi una moneta aggiuntiva alla fine di ogni battaglia","Ao pegar um coletável de moeda, obtenha +1 moeda.Encontre uma moeda adicional no final de cada batalha.",,,コインの​ピックアップを​集めると​+1コイン獲得。​各バトル終了時に​追加の​コインを​発見する。[b][/b],
ITEM_CONDUCTOR_NAME,Conductor,,Conductor,Conducteur,Leiter,Conduttore,Condutor,,,導体,
ITEM_CONDUCTOR_DESC,Your Electric Element damage is increased by 1 and has +10% chance to Stun.,,El daño del elemento eléctrico aumenta en 1 y tiene un 10 % más de probabilidad de aturdir.,"Dégâts électriques +1, Chances d'infliger Étourdissement +10&nbsp;%.","Dein elektrischer Schaden wird um 1 erhöht und verfügt über +10&nbsp;% Wahrscheinlichkeit, Betäubung zu verursachen.",Il tuo danno da elemento elettrico aumenta di 1 e ha un 10% di probabilità di infliggere Stordimento.,Seu dano do elemento elétrico é aumentado em 1 e possui +10% de chance de atordoar.,,,電気属性ダメージが​1増加し、​スタンの​確率+10%。[b][/b],
ITEM_COOKBOOK_NAME,Cookbook,,Recetario,Livre de cuisine,Kochbuch,Ricettario,Livro de Receitas,,,料理本,
ITEM_COOKBOOK_DESC,"When you kill a unit or destroy a corpse, it becomes meat.",,"Al matar a una unidad o destruir un cadáver, se convierte en carne.",Se change en viande quand vous tuez une unité ou détruisez un cadavre.,"Wenn du eine Einheit tötest oder eine Leiche zerstört, wird sie zu Fleisch.","Quando uccidi un'unità o distruggi un cadavere, questo diventa carne.","Ao matar uma unidade ou destruir um corpo, eles se tornam carne.",,,ユニットを​倒すか死体を​破壊すると、​それが​肉に​なる。[b][/b],
ITEM_COUNTERFEITCOIN_NAME,Counterfeit Coin,,Moneda falsa,Fausse monnaie,Gefälschte Münze,Moneta Contraffatta,Moeda Falsa,,,偽造コイン,
ITEM_COUNTERFEITCOIN_DESC,Use: Flip a coin.Heads: Gain 5 coins.Tails: Lose 5 coins.,,Uso: Lanza una moneda.Cara: Obtiene 5 monedas.Cruz: Pierde 5 monedas.,Utilisation&nbsp;: vous lancez une pièce.Face&nbsp;: vous gagnez 5&nbsp;pièces.Pile&nbsp;: vous perdez 5&nbsp;pièces.,Benutzen: Wirf eine Münze.Kopf: Erhalte 5&nbsp;Münzen.Zahl: Verliere 5&nbsp;Münzen.,Uso: Lanci una moneta.Testa: Guadagni 5 monete.Croce: Perdi 5 monete.,Uso: jogue uma moeda.Cara: ganhe 5 moedas.Coroa: perca 5 moedas.,,,使用:コインを​投げる。​表:5コイン獲得。​裏:5コイン失う。[b][/b],
ITEM_D6_NAME,D6,,D6,D6,Sechsseitiger Würfel,D6,D6,,,D6,
ITEM_D6_DESC,You can reroll your options when you level up.,,Se pueden cambiar al azar las opciones al subir de nivel.,Vous pouvez tirer de nouvelles options quand vous montez de niveau.,"Du kannst deine Auswahlmöglichkeiten neu generieren, wenn du ein Level aufsteigst.",Puoi modificare le tue opzioni quando sali di livello.,Você pode rolar novamente suas opções ao subir de nível.,,,レベルアップ時の​選択肢を​リロールできる。[b][/b],
ITEM_DREAMCATCHER_NAME,Dream Catcher,,Atrapasueños,Attrape-rêves,Traumfänger,Acchiappasogni,Apanhador de Sonhos,,,ドリームキャッチャー,
ITEM_DREAMCATCHER_DESC,"Whenever you fall asleep, gain All Stats Up, restore all your mana, and heal a random injury.",,"Cuando esta unidad se queda dormida, obtiene aumento total, recupera todo el maná y se cura una lesión al azar.","Chaque fois que vous vous endormez&nbsp;: Hausse de stats, mana entièrement restauré, une blessure aléatoire est soignée.","Immer, wenn du einschläfst, erhältst du einen Bonus auf alle Attribute, stellst dein Mana vollständig wieder her und heilst eine zufällige Verletzung.","Ogni volta che ti addormenti, ottieni Aumento delle Statistiche, recuperi tutto il tuo mana e guarisci da una ferita casuale.","Sempre que você adormece, obtenha todos os atributos aumentados, restaure toda a sua mana e cure um ferimento aleatório.",,,眠りに​落ちる​たびに​全ステータス上昇を​獲得し、​マナが​全回復し、​ランダムな​ケガを​治癒する。[b][/b],
ITEM_DRUIDSWHISTLE_NAME,Druid's Whistle,,Silbato de druida,Sifflet du druide,Druidenpfeife,Fischietto del Druido,Apito de Druida,,,ドルイドの​笛,
ITEM_DRUIDSWHISTLE_DESC,Use: Spawn a random animal familiar on an adjacent tile.[s:.7](Usable once per battle.)[/s],,Uso: Genera un familiar animal al azar en una casilla adyacente.[s:.7](Disponible una vez por combate).[/s],Utilisation&nbsp;: invoque un familier aléatoire sur une case adjacente.[s:.7](Utilisable 1&nbsp;fois par combat.)[/s],Benutzen: Lasse einen zufälligen Tierbegleiter auf einem benachbarten Feld erscheinen.[s:.7](Einmal pro Kampf verwendbar.)[/s],Uso: Generi un famiglio animale casuale su una casella adiacente.[s:.7](Utilizzabile una volta per battaglia.)[/s],Use: gere um familiar animal aleatório em um espaço adjacente.[s:.7](Um uso por batalha.)[/s],,,使用:隣接する​タイルに​ランダムな​動物の​使い魔を​召喚する。[s:.7](バトルごとに​1回使用可能)[/s],
ITEM_DUMBELL_NAME,Dumbbell,,Mancuerna,Haltère,Hantel,Manubrio,Anilha,,,ダンベル,
ITEM_DUMBELL_DESC,,,,,,,,,,,
ITEM_DYBBUKSRIB_NAME,Dybbuk's Rib,,Costilla de Dybbuk,Côte de Dibbouk,Rippe des Dibbuk,Costola di Dybbuk,Costela de Dybbuk,,,ディブクの​肋骨,
ITEM_DYBBUKSRIB_DESC,Charm a random enemy at the start of each battle.,,Inflige embrujo a un enemigo al azar al inicio de cada combate.,Envoûte un ennemi aléatoire au début de chaque combat.,Verursache am Anfang jedes Kampfes bei einem zufälligen Gegner Charme.,Affascini un nemico casuale all'inizio di ogni battaglia.,Enfeitice um inimigo aleatório no início de cada batalha.,,,各バトル開始時に​ランダムな​敵を​魅了する。[b][/b],
ITEM_EGGSACK_NAME,Egg Sack,,Saco arácnido,Tas d'œufs,Eiersack,Sacco di Uova,Saco de Ovos,,,卵嚢,
ITEM_EGGSACK_DESC,Use: Spawns Spiderlings in an area.,,Uso: Genera arañitas en un área.,Utilisation&nbsp;: invoque de jeunes araignées dans la zone ciblée.,Benutzen: Lässt Spinnenlinge in einem bestimmten Bereich erscheinen.,Uso: Generi dei Ragnetti in un'area.,Uso: gere aranhinhas em uma área.,,,使用:範囲内に​子蜘蛛を​召喚する。[b][/b],
ITEM_ELECTRICCOIN_NAME,Electric Coin,,Moneda eléctrica,Pièce électrisante,Elektrische Münze,Moneta Elettrica,Moeda Elétrica,,,電気コイン,
ITEM_ELECTRICCOIN_DESC,Use: Flip a coin.Heads: Refresh your movement action.Tails: Gain Slow 2.,,Uso: Lanza una moneda.Cara: Restaura la acción de movimiento.Cruz: Obtiene 2 de ralentización.,Utilisation&nbsp;: vous lancez une pièce.Pile&nbsp;: votre action de déplacement est réinitialisée.Face&nbsp;: vous subissez Lenteur +2.,Benutzen: Wirf eine Münze.Kopf: Frische deine Bewegungsaktion auf.Zahl: Erleide Verlangsamung&nbsp;2.,Uso: Lanci una moneta.Testa: Ricarichi la tua azione di movimento.Croce: Ottieni Rallentamento 2.,Uso: jogue uma moeda.Cara: reinicie sua ação de movimento.Coroa: obtenha lentidão 2.,,,使用:コインを​投げる。​表:移動アクションを​リフレッシュ。​裏:スロウ2を​獲得。[b][/b],
ITEM_EMBER_NAME,Ember,,Ascua,Braise,Glut,Brace,Brasa,,,燃えさし,
ITEM_EMBER_DESC,Your Fire Element damage is increased by 1 and inflicts +1 Burn.,,El daño del elemento de fuego aumenta en 1 e inflige +1 de quemadura.,"+1&nbsp;à vos dégâts de feu, ils infligent Brûlure +1.",Dein Feuerschaden wird um 1 erhöht und verursacht +1&nbsp;Verbrennung.,Il tuo danno da elemento fuoco aumenta di 1 e infligge +1 Bruciatura.,Seu dano do elemento fogo é aumentado em 1 e aplica +1 de queimadura.,,,火属性ダメージが​1増加し、​+1燃焼を​与える。[b][/b],
ITEM_EMPTYHAND_NAME,Empty Hand,,Manos vacías,Main vide,Leere Hand,Mani Vuote,Mão Vazia,,,空の​手,
ITEM_EMPTYHAND_DESC,"Use: Gain +3 [img:shield] for each empty armor slot you have.When this breaks, gain +1 [img:con] permanently.",,"Uso: Esta unidad obtiene +3 [img:shield] por cada espacio de armadura vacío que tenga.Al romperse, obtiene +1 [img:con] para siempre.","Utilisation&nbsp;: [img:shield] +3&nbsp;pour chaque emplacement d'armure vide que vous possédez.Lorsqu'elle se brise, vous gagnez [img:con] +1&nbsp;de façon permanente.","Benutzen: Erhalte für jeden freien Rüstungsplatz +3&nbsp;[img:shield].Erhalte dauerhaft +1&nbsp;[img:con], wenn dieser Gegenstand kaputtgeht.","Uso: Ottieni +3 allo [img:shield] per ogni slot armatura vuoto che possiedi.Quando si rompe, ottieni +1 alla [img:con] permanentemente.","Uso: obtenha +3 de [img:shield] para cada espaço de armadura vazio que você possui.Quanto este item se quebrar, obtenha +1 de [img:con] permanentemente.",,,使用:​空き防具スロット1つに​つき+3[img:shield]を​獲得。​これが​壊れると​永続的に​+1[img:con]を​獲得。,
ITEM_EMPTYSACK_NAME,Empty Sack,,Saco vacío,Sac vide,Leerer Sack,Sacco Vuoto,Saco Vazio,,,空の​袋,
ITEM_EMPTYSACK_DESC,Spawn 3 pickups at the start of each battle.Find an extra common item at the end of each battle.,,Genera 3 recogibles al inicio de cada combate.Encuentra otro objeto común más al final de cada combate.,Fait apparaître 3&nbsp;ressources au début de chaque combat.Vous obtenez un objet commun supplémentaire à la fin de chaque combat.,Lasse am Anfang jedes Kampfes 3&nbsp;Gegenstände erscheinen.Erhalte am Ende jedes Kampfes einen zusätzlichen gewöhnlichen Gegenstand.,Generi 3 raccoglibili all'inizio di ogni battaglia.Trovi un oggetto comune aggiuntivo alla fine di ogni battaglia.,Gere 3 coletáveis no início de cada batalha.Encontre um item comum adicional no final de cada batalha.,,,各バトル開始時に​3つの​ピックアップを​生成する。​各バトル終了時に​追加の​コモンアイテムを​発見する。[b][/b],
ITEM_EMPTYSYRINGE_NAME,Empty Syringe,,Jeringuilla vacía,Seringue vide,Leere Spritze,Siringa Vuota,Seringa Vazia,,,空の​注射器,
ITEM_EMPTYSYRINGE_DESC,"When you inflict Bleed or Poison, inflict +1 Bleed or Poison.",,"Al infligir hemorragia o veneno, esta unidad inflige +1 de hemorragia o veneno.","Au lieu d'infliger Saignement ou Poison, vous infligez Saignement +1&nbsp;ou Poison +1.","Verursache +1&nbsp;Blutung oder Gift, wenn du Blutung oder Gift verursachst.","Quando infliggi Sanguinamento o Veleno, infliggi +1 Sanguinamento o Veleno.","Ao aplicar sangramento ou veneno, aplique +1 de sangramento ou veneno.",,,出血または​毒を​与えると、​+1出血または​毒を​与える。[b][/b],
ITEM_ENCHANTINGPOOP_NAME,Enchanting Poop,,Caca carismática,Merde enchantée,Bezauberndes Häufchen,Cacca Ammaliante,Cocô Encantado,,,魔法の​うんち,
ITEM_ENCHANTINGPOOP_DESC,Spawn a poop at the start of each battle.,,Genera una caca al inicio de cada combate.,Fait apparaître une merde au début de chaque combat.,Lasse am Anfang jedes Kampfes ein Häufchen erscheinen.,Genera una cacca all'inizio di ogni battaglia.,Gere um cocô no início de cada batalha.,,,各バトル開始時に​うんちを​生成する。[b][/b],
ITEM_ESTUSFLASK_NAME,Glowing Flask,,Frasco resplandeciente,Fiole scintillante,Leuchtender Kolben,Fiaschetta Luminescente,Frasco Brilhante,,,輝く​フラスコ,
ITEM_ESTUSFLASK_DESC,Use: Heal 5 HP. This refills at the end of each battle.,,Uso: Devuelve 5 PS. Se rellena al final de cada combate.,Utilisation&nbsp;: rend 5&nbsp;PV. Se recharge à la fin de chaque combat.,Benutzen: Heile dich um 5&nbsp;LP. Füllt sich am Ende jedes Kampfes selbst auf.,Uso: Rigeneri 5 PS. Si riempie nuovamente alla fine di ogni battaglia.,Uso: cure 5 PV. Este item é recarregado no final de cada batalha.,,,使用:5 HP回復。​各バトル終了時に​再充填される。[b][/b],
ITEM_FEATHER_NAME,Feather,,Pluma,Plume,Feder,Piuma,Pena,,,羽根,
ITEM_FEATHER_DESC,Take your turn earlier.,,Esta unidad juega el turno antes.,Vous jouez votre tour plus tôt.,Du bist früher am Zug.,Effettui prima il tuo turno.,Use seu turno mais cedo.,,,ターンを​早く​開始する。,
ITEM_FEEDBAG_NAME,Feed Bag,,Bolsa de pienso,Sac de vivres,Futtertasche,Sacco di Mangime,Saco de Alimentação,,,餌袋,
ITEM_FEEDBAG_DESC,Familiars you spawn gain +2 max HP.,,Los familiares generados obtienen +2 de PS máximos.,Les familiers que vous invoquez gagnent PV max. +2.,"Begleiter, die du erscheinen lässt, erhalten +2&nbsp;max. LP.",I famigli che generi ottengono +2 ai PS massimi.,Familiares gerados por você obtêm +2 de saúde máxima.,,,召喚する​使い魔が​+2最大HPを​獲得する。[b][/b],
ITEM_FETUSINAJAR_NAME,Fetus in a Jar,,Feto en un tarro,Fœtus en bocal,Fötus im Glas,Feto in Barattolo,Feto no Pote,,,瓶詰めの​胎児,
ITEM_FETUSINAJAR_DESC,"At the the start of each battle, equip a temporary Bomb if your weapon slot is open.At the end of each turn, if you didn't use your basic attack, equip another Bomb.",,"Al inicio de cada combate, se equipa con una bomba temporal si el espacio de arma está abierto.Si esta unidad no ha lanzado el ataque básico al final de cada turno, se equipa con otra bomba.","Au début de chaque combat, vous arme d'une bombe temporaire si votre emplacement d'arme est libre.À la fin de chaque tour, si vous n'avez pas utilisé votre attaque de base, vous arme d'une autre bombe.","Rüste am Anfang jedes Kampfes vorübergehend eine Bombe aus, wenn du keine Waffe ausgerüstet hast.Wenn du am Ende eines Zuges deinen Grundangriff nicht verwendet hast, rüste eine weitere Bombe aus.","All'inizio di ogni battaglia, equipaggi una Bomba temporanea se il tuo slot arma è libero.Alla fine di ogni turno, se non hai usato il tuo attacco base, equipaggi un'altra Bomba.","No início de cada batalha, equipe uma bomba temporária se seu espaço de arma estiver vazio.No final de cada turno, se ainda não tiver utilizado seu ataque básico, equipe outra bomba.",,,各バトル開始時、​武器スロットが​空なら​一時的な​爆弾を​装備する。​各ターン終了時、​基本攻撃を​使用していない​場合、​さらに​爆弾を​装備する。[b][/b],
ITEM_FIREWORKS_NAME,Fireworks,,Fuegos artificiales,Feux d'artifice,Feuerwerk,Fuochi d'Artificio,Fogos de Artifício,,,花火,
ITEM_FIREWORKS_DESC,"Use: Emit 5 Sparkles.If you end your turn with 0 mana, this gains +1 use.",,"Uso: Emite 5 destellos.Si esta unidad termina el turno sin maná, obtiene +1 uso.","Utilisation&nbsp;: émet 5&nbsp;étincelles.Si vous terminez votre tour avec 0&nbsp;mana, cet objet gagne Utilisation +1.","Benutzen: Versprühe 5&nbsp;Funken.Erhält +1&nbsp;Anwendung, wenn du deinen Zug mit 0&nbsp;Mana beendest.","Uso: Emetti 5 Scintille.Se termini il tuo turno con 0 mana, ottiene +1 utilizzo.",Uso: emita 5,,,使用:5つの​火花を​放つ。​マナ0で​ターン終了時、​これの​使用回数+1。[b][/b],
ITEM_FISHHOOK_NAME,Fish Hook,,Anzuelo,Hameçon,Angelhaken,Amo da Pesca,Gancho de Peixes,,,釣り針,
ITEM_FISHHOOK_DESC,"If you would knockback a unit, instead deal extra damage to it equal to the knockback.",,"En vez de hacer retroceder a una unidad, le inflige daño extra igual al valor del retroceso.","Au lieu d'infliger Recul à une unité, vous lui infligez des dégâts bonus équivalents au niveau du Recul.","Wenn du eine Einheit zurückstoßen würdest, verursache stattdessen Schaden in der Höhe des Rückstoßes.","Invece di respingere un'unità, le infliggi un danno aggiuntivo pari al valore del contraccolpo.","Ao invés de empurrar uma unidade, cause dano adicional equivalente ao empurrão.",,,ユニットを​ノックバックする​代わりに、​ノックバック量と​同じ​追加ダメージを​与える。[b][/b],
ITEM_FLYLARVA_NAME,Fly Larva,,Larva de mosca,Larve de mouche,Fliegenlarve,Bigattino,Larva de Mosca,,,ハエの​幼虫,
ITEM_FLYLARVA_DESC,Your basic attack inflicts Rot 1.,,El ataque básico inflige 1 de putrefacción.,Votre attaque de base inflige Décomposition +1.,Dein Grundangriff verursacht Fäulnis&nbsp;1.,Il tuo attacco base infligge Putrefazione 1.,Seu ataque básico aplica apodrecimento 1.,,,基本攻撃が​腐敗1を​与える。,
ITEM_FORK_NAME,Fork,,Tenedor,Fourchette,Gabel,Forchetta,Garfo,,,フォーク,
ITEM_FORK_DESC,Heal 5 HP when you kill a unit or destroy a corpse.,,Esta unidad recupera 5 PS al matar a una unidad o destrozar un cadáver.,Vous récupérez 5&nbsp;PV quand vous tuez une unité ou détruisez un cadavre.,"Heile dich um 5&nbsp;LP, wenn du eine Einheit tötest oder eine Leiche zerstörst.",Rigeneri 5 PS quando uccidi un'unità o distruggi un cadavere.,Cure 5 PV ao matar uma unidade ou destruir um corpo.,,,ユニットを​倒すか死体を​破壊すると​5 HP回復する。[b][/b],
ITEM_FRIENDSHIPBRACELET_NAME,Friendship Bracelet,,Pulsera de la amistad,Bracelet de l'amitié,Freundschaftsarmband,Braccialetto dell'Amicizia,Pulseira da Amizade,,,友情ブレスレット,
ITEM_FRIENDSHIPBRACELET_DESC,Use: Permanently charm a non-boss enemy. It joins your party.,,"Uso: Embruja para siempre a un enemigo que no sea jefe, que se une al grupo.",Utilisation&nbsp;: vous envoûtez de façon permanente un ennemi non-boss. Il rejoint votre équipe.,Benutzen: Verursache dauerhaft Charme bei einem regulären Gegner. Er tritt deiner Gruppe bei.,"Uso: Ammali permanentemente un nemico non boss, che si unisce al tuo gruppo.",Uso: enfeitiçe permanentemente um inimigo que não seja um chefe. Ele passa a fazer parte do seu grupo.,,,使用:非ボス敵を​永続的に​魅了する。​その敵は​パーティーに​加わる。[b][/b],
ITEM_FURNITUREBOX_NAME,Furniture Box,,Caja de menaje,Boîte à meubles,Umzugskarton,Scatola di Mobili,Caixa de Móvel,,,家具の​箱,
ITEM_FURNITUREBOX_DESC,"Breaks when [img:shield] is depleted.Becomes a random piece of furniture when you return home.",,Se rompe al agotarse [img:shield].Se transforma en un mueble al azar al volver a casa.,Se brise quand [img:shield] est à 0.Se change en un meuble aléatoire quand vous rentrez chez vous.,"Geht kaputt, wenn [img:shield] aufgebraucht ist.Wird zu einem zufälligen Möbelstück, wenn du nach Hause zurückkehrst.",Si rompe quando lo [img:shield] si esaurisce.Diventa un mobile casuale quando torni a casa.,Quebra quando seu [img:shield] se esgota.Torna-se um móvel aleatório quando você volta para casa.,,,[img:shield]が​尽きると​壊れる。​帰宅時に​ランダムな​家具に​なる。,
ITEM_FURNITUREBOX_RARE_NAME,Rare Furniture Box,,Caja de menaje inusual,Boîte à meubles rares,Seltener Umzugskarton,Scatola di Mobili Rari,Caixa de Móvel Raro,,,レア家具の​箱,
ITEM_FURNITUREBOX_RARE_DESC,"Breaks when [img:shield] is depleted.Becomes a random piece of rare furniture when you return home.",,Se rompe al agotarse [img:shield].Se transforma en un mueble inusual al azar al volver a casa.,Se brise quand [img:shield] est à 0.Se change en un meuble rare aléatoire quand vous rentrez chez vous.,"Geht kaputt, wenn [img:shield] aufgebraucht ist.Wird zu einem zufälligen seltenen Möbelstück, wenn du nach Hause zurückkehrst.",Si rompe quando lo [img:shield] si esaurisce.Diventa un mobile raro casuale quando torni a casa.,Quebra quando seu [img:shield] se esgota.Torna-se um móvel aleatório quando você volta para casa.,,,[img:shield]が​尽きると​壊れる。​帰宅時に​ランダムな​レア家具に​なる。,
ITEM_GALLONOFWATER_NAME,Gallon of Water,,Garrafa de agua,Gallon d'eau,Wasserflasche,Tanica d'Acqua,Galão de Água,,,1ガロンの​水,
ITEM_GALLONOFWATER_DESC,Use: Heal +5 HP and gain Heatwave immunity.Refills when affected by Water Element effects.,,Uso: Esta unidad recupera +5 PS y obtiene inmunidad a las olas de calor.Se recarga con los efectos de elemento de agua.,Utilisation&nbsp;: rend 5&nbsp;PV et confère Immunité aux vagues de chaleur.Se recharge lorsqu'affecté par des effets d'eau.,Benutzen: Heile dich um 5&nbsp;LP und werde immun gegen Hitzewelle.,Uso: Rigeneri +5 PS e ottieni immunità a Ondata di Calore.Si ricarica quando sei sotto l'influenza di effetti dell'elemento acqua.,Uso: cure 5 PV e obtenha imunidade contra ondas de calor.É preenchido ao ser afetado por efeitos do elemento água.,,,使用:+5 HP回復し熱​波耐性を​獲得する。​水属性​効果を​受けると​再充填される。[b][/b],
ITEM_GLITCH_NAME,Glitch,,Anomalía,Glitch,Glitch,Glitch,Glitch,,,グリッチ,
ITEM_GLITCH_DESC,Use: Scramble the last spell you used. Permanently.,,Uso: Distorsiona el último hechizo que hayas usado. Para siempre.,Utilisation&nbsp;: mélange le dernier sort utilisé. De manière permanente.,"Benutzen: Der letzte Zauber, den du gewirkt hast, wird mit einem zufälligen anderen Zauber ersetzt. Dauerhaft.",Use: Causa Scompiglio all'ultimo incantesimo che hai usato. Permanentemente.,Uso: embaralhe o último encantamento que você utilizou. Permanentemente.,,,使用:最後に​使用した​スペルを​ランダムに​変える。​永続的に。[b][/b],
ITEM_GLOWINGCOIN_NAME,Glowing Coin,,Moneda resplandeciente,Pièce scintillante,Leuchtende Münze,Moneta Luminescente,Moeda Brilhante,,,輝く​コイン,
ITEM_GLOWINGCOIN_DESC,Use: Flip a coin.Heads: Double your mana.Tails: Lose 50% of your mana.,,Uso: Lanza una moneda.Cara: Duplica el maná.Cruz: Pierde un 50 % de maná.,Utilisation&nbsp;: vous lancez une pièce.Pile&nbsp;: votre mana est doublé.Face&nbsp;: vous perdez 50&nbsp;% de votre mana.,Benutzen: Wirf eine Münze.Kopf: Verdopple dein Mana.Zahl: Verliere 50&nbsp;% deines Mana.,Uso: Lanci una moneta.Testa: Raddoppi il tuo mana.Croce: Perdi il 50% del tuo mana.,Uso: jogue uma moeda.Cara: dobre sua mana.Coroa: perca 50% da sua mana.,,,使用:コインを​投げる。​表:マナが​2倍に​なる。​裏:マナの​50%を​失う。[b][/b],
ITEM_GLOWINGSEED_NAME,Glowing Seed,,Semilla resplandeciente,Graine scintillante,Leuchtender Samen,Seme Luminescente,Semente Brilhante,,,光る​種,
ITEM_GLOWINGSEED_DESC,Your basic attack spawns tall grass.,,El ataque básico genera hierba alta.,Votre attaque de base fait apparaître de hautes herbes.,Dein Grundangriff lässt hohes Gras erscheinen.,Il tuo attacco base genera erba alta.,Seu ataque básico gera grama alta.,,,基本攻撃が​背の​高い​草を​生やす。[b][/b],
ITEM_GLUE_NAME,Glue,,Pegamento,Colle,Kleber,Colla,Cola,,,接着剤,
ITEM_GLUE_DESC,"Use: Gain +20% Dodge Chance, -1 [img:int] and Confusion 2.",,"Uso: Obtiene +20 % de probabilidad de esquiva, -1 [img:int] y 2 de confusión.","Utilisation&nbsp;: vous gagnez +20&nbsp;% de chances d'esquive, [img:int] -1&nbsp;et Confusion +2.","Benutzen: Erhalte +20&nbsp;% Ausweichchance, -1&nbsp;[img:int] und Verwirrung&nbsp;2.","Uso: Ottieni +20% di probabilità di schivata, -1 all'[img:int] e Confusione 2.","Uso: obtenha +20% de chance de esquiva, -1 de [img:int] e confusão 2.",,,使用:+20%回避率、​-1[img:int]、​混乱2を​獲得する。,
ITEM_GOLDENEGG_NAME,Golden Egg,,Huevo dorado,Œuf en or,Goldenes Ei,Uovo d'Oro,Ovo Dourado,,,金の​卵,
ITEM_GOLDENEGG_DESC,Find 3-5 extra coins at the end of each battle.,,Encuentra 3-5 monedas extras al final de cada combate.,Vous obtenez 3&nbsp;à 5&nbsp;pièces bonus à la fin de chaque combat.,Finde am Ende jedes Kampfes 3&nbsp;– 5 zusätzliche Münzen.,Trovi 3-5 monete aggiuntive alla fine di ogni battaglia.,Encontre 3-5 moedas adicionais no final de cada batalha.,,,各バトル終了時に​3-5コイン追加発見する。[b][/b],
ITEM_GOLDENTOOTH_NAME,Golden Tooth,,Diente dorado,Dent en or,Goldzahn,Dente d'Oro,Dente Dourado,,,金歯,
ITEM_GOLDENTOOTH_DESC,Becomes {aux} coins when you return home.,,Se transforma en {aux} monedas al volver a casa.,Se change en {aux} pièces quand vous rentrez chez vous.,"Wird zu {aux}&nbsp;Münzen, wenn du nach Hause zurückkehrst.",Si trasforma in {aux} monete quando torni a casa.,Torna-se {aux} moedas quando você volta para casa.,,,帰宅時に{aux}コインに​なる。[b][/b],
ITEM_GORGONSEYE_NAME,Gorgon's Eye,,Ojo de gorgona,Œil de gorgone,Auge der Gorgone,Occhio della Gorgone,Olho de Górgona,,,ゴルゴンの​眼,
ITEM_GORGONSEYE_DESC,Use: Petrify all nearby units in your line of sight.,,Uso: Petrifica a todas las unidades cercanas del campo visual.,Utilisation&nbsp;: les unités proches dans votre ligne de mire subissent Pétrification.,Benutzen: Versteinere alle Einheiten innerhalb deiner Sichtlinie.,Uso: Pietrifichi tutte le unità vicine nel tuo campo visivo.,Uso: petrifique todas as unidades próximas dentro do seu campo de visão.,,,使用:視界内の​近くの​全ユ​ニットを​石化する。[b][/b],
ITEM_GREENDRINK_NAME,Green Drink,,Bebida verde,Boisson verdâtre,Grünes Getränk,Bevanda Verde,Bebida Verde,,,緑の​飲み物,
ITEM_GREENDRINK_DESC,Use: Gain 5 mana.[s:.7](Usable once per battle.)[/s],,Uso: Obtiene 5 de maná.[s:.7](Disponible una vez por combate).[/s],Utilisation&nbsp;: Mana +5.[s:.7](Utilisable 1&nbsp;fois par combat.)[/s],Benutzen: Erhalte 5&nbsp;Mana.[s:.7](Einmal pro Kampf verwendbar.)[/s],Uso: Ottieni 5 mana.[s:.7](Utilizzabile una volta per battaglia.)[/s],Uso: obtenha 5 de mana.[s:.7](Um uso por batalha.)[/s],,,使用:5マナ獲得。[s:.7](バトルごとに​1回使用可能)[/s],
ITEM_GREENWHISTLE_NAME,Green Whistle,,Silbato verde,Sifflet vert,Grüne Pfeife,Fischietto Verde,Apito Verde,,,緑の​笛,
ITEM_GREENWHISTLE_DESC,Use: Summon a really big Leg.[s:.7](Usable once per battle.)[/s],,Uso: Invoca una pata gigantesca.[s:.7](Disponible una vez por combate).[/s],Utilisation&nbsp;: fait apparaître une énorme jambe.[s:.7](Utilisable 1&nbsp;fois par combat.)[/s],Benutzen: Beschwöre ein riesig großes Bein.[s:.7](Einmal pro Kampf verwendbar.)[/s],Uso: Evochi una gamba davvero grande.[s:.7](Utilizzabile una volta per battaglia.)[/s],Uso: invoque uma perna realmente muito grande.[s:.7](Um uso por batalha.)[/s],,,使用:めちゃくちゃ​デカい脚を​召喚する。[s:.7](バトルごとに​1回使用可能)[/s],
ITEM_HEAVYROCK_NAME,Heavy Rock,,Roca pesada,Pierre massive,Schwerer Stein,Roccia Pesante,Pedra Pesada,,,重い​岩,
ITEM_HEAVYROCK_DESC,Rocks you knock back deal +5 damage and have Chain Knockback.,,Las rocas que esta unidad hace retroceder infligen +5 de daño y tienen retroceso encadenado.,Les pierres que vous repoussez infligent Dégâts +5&nbsp;et bénéficient de Recul en chaîne.,"Steine, die du zurückstößt, verursachen +5&nbsp;Schaden und Kettenrückstoß.",Le rocce che respingi infliggono +5 di danno e hanno Contraccolpo a Catena.,Pedras que você empurra causam +5 de dano e possuem empurrão encadeado.,,,ノックバックした​岩が​+5ダメージを​与え、​チェーンノックバックを​持つ。[b][/b],
ITEM_HEXAGRAMSIGIL_NAME,Hexagram Sigil,,Sigilo del hexagrama,Hexagramme,Hexagrammsiegel,Sigillo dell'Esagramma,Símbolo de Hexagrama,,,ヘキサグラムの​印章,
ITEM_HEXAGRAMSIGIL_DESC,"+3 Magic Damage.You are immune to buffs and debuffs.When you die, you don't leave a corpse.",,"+3 de daño mágico.Esta unidad es inmune a las ventajas y desventajas.Al morir, no deja cadáver.","Dégâts magiques +3.Les bonus et malus ne vous affectent pas.Quand vous mourrez, vous ne laissez pas de cadavre.","+3&nbsp;magischer Schaden.Du bist immun gegen Stärkungen und Schwächungen.Wenn du stirbst, hinterlässt du keine Leiche.","+3 al Danno Magico.Sei immune a bonus e malus.Quando muori, non lasci un cadavere.","+3 de dano mágico.Você possui imunidade contra fortalecimentos e enfraquecimentos.Ao morrer, não deixe um corpo.",,,+3魔法ダメージ。​バフと​デバフを​受けない。​死亡時に​死体を​残さない。[b][/b],
ITEM_HOLYWATER_NAME,Holy Water,,Agua bendita,Eau bénite,Heiliges Wasser,Acqua Santa,Água Benta,,,聖水,
ITEM_HOLYWATER_DESC,Heal 2 HP in an area.,,Devuelve 2 PS en un área.,Soigne 2&nbsp;PV dans une zone donnée.,Heile 2&nbsp;LP in einem bestimmten Bereich.,Rigeneri 2 PS in un'area.,Cure 2 PV em uma área.,,,範囲内で​2 HP回復する。,
ITEM_HOTLUNCH_NAME,Hot Lunch,,Almuerzo caliente,Repas chaud,Heißes Mittagessen,Pasto Caldo,Lanche Quente,,,熱々の​昼食,
ITEM_HOTLUNCH_DESC,Spawn a Flaming Meat pickup.,,Genera un recogible de carne ardiente.,Fait apparaître une viande enflammée.,Lasse einmal brennendes Fleisch erscheinen.,Generi un raccoglibile carne fiammeggiante.,Gere um coletável de carne flamejante.,,,燃える​肉の​ピックアップを​生成する。[b][/b],
ITEM_HUMANBRAIN_NAME,Human Brain,,Sesos humanos,Cerveau humain,Menschliches Gehirn,Cervello Umano,Cérebro Humano,,,人間の​脳,
ITEM_HUMANBRAIN_DESC,,,,,,,,,,,
ITEM_HUMANEYE_NAME,Human Eye,,Ojo humano,Œil humain,Menschliches Auge,Occhio Umano,Olho Humano,,,人間の​眼,
ITEM_HUMANEYE_DESC,,,,,,,,,,,
ITEM_HUMANFOOT_NAME,Human Foot,,Pie humano,Pied humain,Menschlicher Fuß,Piede Umano,Pé Humano,,,人間の​足,
ITEM_HUMANFOOT_DESC,,,,,,,,,,,
ITEM_HUMANHAND_NAME,Human Hand,,Mano humana,Main humaine,Menschliche Hand,Mano Umana,Mão Humana,,,人間の​手,
ITEM_HUMANHAND_DESC,,,,,,,,,,,
ITEM_HUMANHEAD_NAME,Human Head,,Cabeza humana,Tête humaine,Menschlicher Kopf,Testa Umana,Cabeça Humana,,,人間の​頭,
ITEM_HUMANHEAD_DESC,,,,,,,,,,,
ITEM_HUMANHEART_NAME,Human Heart,,Corazón humano,Cœur humain,Menschliches Herz,Cuore Umano,Coração Humano,,,人間の​心臓,
ITEM_HUMANHEART_DESC,,,,,,,,,,,
ITEM_HUMANLEGBONE_NAME,Human Leg Bone,,Hueso de pierna humana,Tibia humain,Menschlicher Beinknochen,Osso della Gamba Umano,Osso de Perna Humana,,,人間の​脚の​骨,
ITEM_HUMANLEGBONE_DESC,,,,,,,,,,,
ITEM_HUMANTOE_NAME,Human Toe,,Dedo de pie humano,Orteil humain,Menschlicher Zeh,Dito del Piede Umano,Dedão Humano,,,人間の​つま先,
ITEM_HUMANTOE_DESC,,,,,,,,,,,
ITEM_HUNTERSFLUTE_NAME,Hunter's Flute,,Flauta de cazador,Flûte de sentinelle,Jägerflöte,Flauto del Cacciatore,Flauta de Caçador,,,狩人の​笛,
ITEM_HUNTERSFLUTE_DESC,"Spawn 2-3 random familiars on adjacent tiles.[s:.7](Usable once per battle.)[/s]",,Genera 2-3 familiares al azar en casillas adyacentes.[s:.7](Disponible una vez por combate).[/s],Invoque 2&nbsp;à 3&nbsp;familiers sur des cases adjacentes.[s:.7](Utilisable 1&nbsp;fois par combat.)[/s],Rufe 2&nbsp;– 3 zufällige Begleiter auf benachbarte Felder.[s:.7](Einmal pro Kampf verwendbar.)[/s],Generi 2-3 famigli casuali su caselle adiacenti.[s:.7](Utilizzabile una volta per battaglia.)[/s],Uso: gere 2-3 familiares aleatórios em espaços adjacentes.[s:.7](Um uso por batalha.)[/s],,,隣接する​タイルに​2-3体の​ランダムな​使い魔を​召喚する。[s:.7](バトルごとに​1回使用可能)[/s],
ITEM_IMMACULATEHEART_NAME,Immaculate Heart,,Corazón inmaculado,Cœur immaculé,Unbeflecktes Herz,Cuore Immacolato,Coração Imaculado,,,無垢なる​心臓,
ITEM_IMMACULATEHEART_DESC,"+2 Damage, +1 Magic Damage. Emit 3 Sparkles when you use your basic attack.",,"+2 de daño, +1 de daño mágico. Emite 3 destellos al lanzar el ataque básico.","Dégâts +2, Dégâts magiques +1. Votre attaque de base émet 3&nbsp;étincelles.","+2&nbsp;Schaden, +1&nbsp;magischer Schaden. Versprühe 3&nbsp;Funken, wenn du deinen Grundangriff benutzt.","+2 al Danno, +1 al Danno Magico. Emetti 3 scintille quando usi il tuo attacco base.","+2 de dano, +1 de dano mágico. Emita 3 fagulhas ao utilizar seu ataque básico.",,,+2ダメージ、​+1魔法ダメージ。​基本攻撃使用時に​3つの​火花を​放つ。[b][/b],
ITEM_IPECAC_NAME,Ipecac,,Ipecacuana,Vomitif,Ipecac,Ipecacuana,Ipecac,,,吐き薬,
ITEM_IPECAC_DESC,Your basic attack is Explosive Shot.,,El ataque básico lanza un proyectil explosivo.,Votre attaque de base devient Tir explosif.,Dein Grundangriff wird zu Explosivschuss.,Il tuo attacco base è Colpo Esplosivo.,Seu ataque básico é um disparo explosivo.,,,基本攻撃が​爆発ショットに​なる。[b][/b],
ITEM_JAROFLEECHES_NAME,Jar of Leeches,,Tarro de sanguijuelas,Bocal de sangsues,Glas mit Blutegeln,Barattolo di Sanguisughe,Pote de Sanguessugas,,,ヒルの​瓶,
ITEM_JAROFLEECHES_DESC,Your basic attack inflicts Leech 1.,,El ataque básico inflige 1 de sanguijuela.,Votre attaque de base inflige Sangsue +1.,Dein Grundangriff verursacht Blutegel&nbsp;1.,Il tuo attacco base infligge Sanguisuga 1.,Seu ataque básico aplica sanguessuga 1.,,,基本攻撃が​リーチ1を​与える。[b][/b],
ITEM_JAZZERCISEVHSTAPE_NAME,Jazzercise VHS Tape,,VHS de Jazzercise,VHS de Jazzercise,Fitnessvideo,Vhs di Fitness,Fita VHS de Exercícios,,,ジャザサイズVHSテープ,
ITEM_JAZZERCISEVHSTAPE_DESC,,,,,,,,,,,
ITEM_KNIGHT_NAME,Knight,,Caballo,Chevalier,Springer,Cavallo,Cavaleiro,,,ナイト,
ITEM_KNIGHT_DESC,Use: Jump in an L shape.,,Uso: Salta en forma de L.,Utilisation&nbsp;: vous effectuez un saut en forme de L.,"Benutzen: Springe auf ein Feld, das sich in L-förmiger Entfernung befindet.",Uso: Salti con movimento a L.,Uso: pule em forma de L.,,,使用:L字型に​ジャンプする。,
ITEM_LARGEMETEOR_NAME,Large Meteor,,Meteorito grande,Grand météore,Großer Meteor,Meteorite Grande,Meteoro Grande,,,大きな​隕石,
ITEM_LARGEMETEOR_DESC,"- {str_aux_passive_name} -{str_aux_passive_desc}",,- {str_aux_passive_name} -{str_aux_passive_desc},- {str_aux_passive_name} -{str_aux_passive_desc},– {str_aux_passive_name} –{str_aux_passive_desc},- {str_aux_passive_name} -{str_aux_passive_desc},- {str_aux_passive_name} -{str_aux_passive_desc},,,- {str_aux_passive_name} -{str_aux_passive_desc},
ITEM_LIBRA_NAME,Libra,,Libra,Balance,Waage,Libra,Libra,,,天秤座,
ITEM_LIBRA_DESC,Balances all stats. This applies after all stat modifiers.,,Equilibra todos los atributos. Se aplica después de todos los modificadores de atributos.,Équilibre toutes les statistiques. S'applique après tous les modificateurs de stats.,"Bringt alle Attribute ins Gleichgewicht. Geschieht, nachdem alle Modifikatoren für Attribute angewandt wurden.",Bilancia tutte le statistiche. Si applica dopo tutti i modificatori delle statistiche.,Equilibra todos os atributos. Isto se aplica após todos os modificadores de atributo.,,,全能力値の​バランスを​とる。​全能力修正後に​適用される。[b][/b],
ITEM_LILBATTERY_NAME,Lil' Battery,,Pila pequeña,Petite pile,Kleine Batterie,Batteria Piccola,Bateria Pequena,,,小さな​電池,
ITEM_LILBATTERY_DESC,Use: Refresh all items and spells with a once per battle restriction.Can be used on allies.[s:.7](Usable once per battle. Can't be refreshed.)[/s],,Uso: Restaura todos los objetos y hechizos con una restricción por combate.Se puede usar con los aliados.[s:.7](Disponible una vez por combate. No se puede restaurar).[/s],Utilisation&nbsp;: les objets et sorts soumis à une restriction d'1&nbsp;utilisation par combat sont réinitialisés.Utilisable sur des alliés.[s:.7](Utilisable 1&nbsp;fois par combat.)[/s],"Benutzen: Frische alle anderen Gegenstände und Zauber auf, die nur einmal pro Kampf verwendet werden können.Kann auf Verbündete angewendet werden.[s:.7](Einmal pro Kampf verwendbar. Kann nicht aufgefrischt werden.)[/s]",Uso: Ricarichi tutti gli oggetti e incantesimi con una limitazione di una sola volta per battaglia.Può essere usata sugli alleati.[s:.7](Utilizzabile una volta per battaglia. Non si ricarica.)[/s],Uso: reinicie todos os outros itens e encantamentos que possuam restrição de um uso por batalha.Pode ser utilizada em aliados.[s:.7](Um uso por batalha.)[/s],,,使用:バトルごとに​1回制限の​アイテムと​スペルを​全て​リフレッシュする。​味方にも​使用可能。[s:.7](バトルごとに​1回使用可能。​リフレッシュ不可)[/s],
ITEM_LIQUIDMETAL_NAME,Liquid Metal,,Metal líquido,Métal liquide,Flüssigmetall,Metallo Liquido,Metal Líquido,,,液体金属,
ITEM_LIQUIDMETAL_DESC,+25% Dodge Chance.,,+25 % de probabilidad de esquiva.,Chances d'esquive +25&nbsp;%.,+25&nbsp;% Ausweichchance.,+25% di probabilità di schivata.,+25% de chance de esquiva.,,,+25%回避率。,
ITEM_LIQUIDNITROGEN_NAME,Liquid Nitrogen,,Nitrógeno líquido,Azote liquide,Flüssigstickstoff,Azoto Liquido,Nitrogênio Líquido,,,液体窒素,
ITEM_LIQUIDNITROGEN_DESC,Your Ice Element damage is increased by 2.,,El daño del elemento de hielo aumenta en 2.,Vos dégâts de glace augmentent de 2.,Dein Eisschaden ist um 2 erhöht.,Il tuo danno di elemento ghiaccio aumenta di 2.,Seu dano do elemento gelo é aumentado em 2.,,,氷属性ダメージが​2増加する。,
ITEM_LUCIFERSIGIL_NAME,Lucifer Sigil,,Sigilo de Lucifer,Marque de Lucifer,Luzifers Siegel,Sigillo di Lucifero,Símbolo de Lúcifer,,,ルシファーの​印章,
ITEM_LUCIFERSIGIL_DESC,Summon a Charmed Brute at the start of each battle.,,Invoca un matón embrujado al inicio de cada combate.,Invoque une brute envoûtée au début de chaque combat.,Beschwöre am Anfang jedes Kampfes einen freundlichen Brutalo.,Evochi un Bruto Ammaliato all'inizio di ogni battaglia.,Invoque um bruto enfeitiçado no início de cada batalha.,,,各バトル開始時に​魅了された​ブルートを​召喚する。[b][/b],
ITEM_LUCKYCOIN_NAME,Lucky Coin,,Moneda de la suerte,Pièce fétiche,Glücksmünze,Moneta Fortunata,Moeda da Sorte,,,幸運の​コイン,
ITEM_LUCKYCOIN_DESC,Coins that spawn at the start of each battle are doubled.,,Las monedas que se generan al inicio de cada combate se duplican.,Les pièces qui apparaissent au début de chaque combat sont doublées.,"Verdopple die Anzahl Münzen, die am Anfang des Kampfes erscheinen.",Le monete che si generano all'inizio di ogni battaglia raddoppiano.,Moedas geradas no início da batalha são dobradas.,,,各バトル開始時に​出現する​コインが​2倍に​なる。[b][/b],
ITEM_LUCKYCOINPURSE_NAME,Lucky Coin Purse,,Monedero de la suerte,Porte-monnaie fétiche,Glücksportemonnaie,Borsellino Fortunato,Bolsa de Moedas da Sorte,,,幸運の​小銭入れ,
ITEM_LUCKYCOINPURSE_DESC,Gain +2 [img:lck] each time you gain a coin.,,Obtiene +2 [img:lck] cada vez que recoge una moneda.,[img:lck] +2&nbsp;chaque fois que vous gagnez une pièce.,"Erhalte +2&nbsp;[img:lck], wenn du Münzen einsammelst.",Ottieni +2 alla [img:lck] ogni volta che ottieni una moneta.,Obtenha +2 de [img:lck] a cada vez que obtiver uma moeda.,,,コインを​獲得する​たびに​+2[img:lck]を​獲得する。,
ITEM_LUCKYPENNY_NAME,Lucky Penny,,Penique de la suerte,Sou fétiche,Glückspfennig,Penny Fortunato,Centavo da Sorte,,,ラッキーペニー,
ITEM_LUCKYPENNY_DESC,,,,,,,,,,,
ITEM_LUNCHBOX_NAME,Lunch Box,,Fiambrera,Boîte à repas,Brotdose,Portapranzo,Lancheira,,,お弁当箱,
ITEM_LUNCHBOX_DESC,"Use: Heal 5 HP.Whenever you collect a food pickup, instead of its normal effects, add +1 use to this item.",,"Uso: Devuelve 5 PS.Al llevarse un recogible de comida, en lugar de los efectos normales, se añade +1 uso a este objeto.","Utilisation&nbsp;: rend 5&nbsp;PV.Quand vous récupérez de la nourriture, au lieu de ses effets normaux, Utilisation +1.","Benutzen: Heile dich um 5&nbsp;LP.Erhalte +1&nbsp;Anwendung für diesen Gegenstand, wenn du einen Essensgegenstand einsammelst, statt seinen regulären Effekt auszulösen.","Uso: Rigeneri 5 PS.Ogni volta che prendi un raccoglibile cibo, invece dei suoi normali effetti, aggiungi +1 utilizzo a questo oggetto.","Uso: cure 5 PV.Sempre que pegar um coletável de comida, ao invés de obter seus efeitos normais, obtenha +1 uso deste item.",,,使用:5 HP回復。​食べ物の​ピックアップを​集めると、​通常効果の​代わりに​この​アイテムの​使用回数+1。[b][/b],
ITEM_MAGICSEED_NAME,Magic Seed,,Semilla mágica,Graine magique,Magischer Samen,Seme Magico,Semente Mágica,,,魔法の​種,
ITEM_MAGICSEED_DESC,Your basic attack spawns brambles.,,El ataque básico genera zarzas.,Votre attaque de base fait apparaître des ronces.,Dein Grundangriff lässt Dornengestrüpp erscheinen.,Il tuo attacco base genera rovi.,Seu ataque básico gera espinheiros.,,,基本攻撃が​イバラを​生やす。,
ITEM_MATCHSTICK_NAME,Match Stick,,Cerilla,Allumette,Streichholz,Fiammifero,Fósforo,,,マッチ棒,
ITEM_MATCHSTICK_DESC,Your basic attack inflicts Burn 1.,,El ataque básico inflige 1 de quemadura.,Votre attaque de base inflige Brûlure +1.,Dein Grundangriff verursacht Verbrennung&nbsp;1.,Il tuo attacco base infligge Bruciatura 1.,Seu ataque básico aplica queimadura 1.,,,基本攻撃が​燃焼1を​与える。,
ITEM_MEATCUBE_NAME,Meat Cube,,Taquito de carne,Cube de viande,Fleischwürfel,Cubo di Carne,Cubo de Carne,,,肉キューブ,
ITEM_MEATCUBE_DESC,Start with a Flesh Lad familiar.,,Empieza con un familiar carnícola.,Vous débutez avec un gamin de chair de compagnie.,Beginne jeden Kampf mit einem freundlichen Fleischkerl.,Inizi con un famiglio Carnicolo.,Inicie com um familiar carniça.,,,フレッシュラッドの​使い魔と​共に​開始する。[b][/b],
ITEM_METALPLATE_NAME,Metal Plate,,Placa metálica,Plaque métallique,Metallplatte,Piastra di Metallo,Placa de Metal,,,金属板,
ITEM_METALPLATE_DESC,Gain +1 Brace when you kill an enemy.,,Obtiene +1 de refuerzo al matar a un enemigo.,Garde +1&nbsp;quand vous tuez un ennemi.,"Erhalte +1&nbsp;Wappnen, wenn du einen Gegner tötest.",Ottieni +1 alla Guardia quando uccidi un nemico.,Obtenha +1 de preparação ao matar um inimigo.,,,敵を​倒すと​+1ガードを​獲得する。[b][/b],
ITEM_METRONOME_NAME,Metronome,,Metrónomo,Métronome,Metronom,Metronomo,Metrônomo,,,メトロノーム,
ITEM_METRONOME_DESC,Use: Cast a random upgraded spell.[s:.7](Usable once per battle.)[/s],,Uso: Lanza un hechizo mejorado al azar.[s:.7](Disponible una vez por combate).[/s],Utilisation&nbsp;: lance un sort amélioré aléatoire.[s:.7](Utilisable 1&nbsp;fois par combat.)[/s],Benutzen: Wirke einen zufälligen verbesserten Zauber.[s:.7](Einmal pro Kampf verwendbar.)[/s],Uso: Lanci un incantesimo potenziato casuale.[s:.7](Utilizzabile una volta per battaglia.)[/s],Uso: lance um encantamento aleatório aprimorado.[s:.7](Um uso por batalha.)[/s],,,使用:ランダムな​強化された​スペルを​唱える。[s:.7](バトルごとに​1回使用可能)[/s],
ITEM_MINDSTONE_NAME,Mind Stone,,Piedra mental,Pierre de l'esprit,Gedankenstein,Pietra della Mente,Pedra da Mente,,,精神の​石,
ITEM_MINDSTONE_DESC,Your collarless spells cost -2 mana.,,Los hechizos sin collar cuestan -2 de maná.,Vos sorts sans collier coûtent -2&nbsp;mana.,Deine klassenlosen Zauber kosten -2&nbsp;Mana.,Gli incantesimi dei senza collare costano -2 di mana.,Seus encantamentos sem coleira custam -2 de mana.,,,カラーなしスペルの​コスト-2マナ。[b][/b],
ITEM_MISSINGPOSTER_NAME,Missing Poster,,Cartel de desaparecido,Avis de recherche,Vermisstenanzeige,Poster di Ricerca,Pôster de Pessoa Desaparecida,,,行方​不明ポスター,
ITEM_MISSINGPOSTER_DESC,???,,¿?,???,???,???,???,,,???,
ITEM_MOMSRING_NAME,Mom's Ring,,Anillo de mamá,Bague de maman,Mamas Ring,Anello della Mamma,Anel da Mamãe,,,ママの​指輪,
ITEM_MOMSRING_DESC,+1 Damage. Find a pill at the end of each battle.,,+1 de daño. Encuentra una pastilla al final de cada combate.,Dégâts +1. Vous obtenez une pilule au début de chaque combat.,+1&nbsp;Schaden. Finde am Ende jedes Kampfes eine Pille.,+1 al Danno. Trovi una pillola alla fine di ogni battaglia.,+1 de dano. Encontre uma pílula no final de cada batalha.,,,+1ダメージ。​各バトル終了時に​ピルを​発見する。[b][/b],
ITEM_MOTHERSLOVE_NAME,Mother's Love,,Amor materno,Amour maternel,Mütterliche Liebe,Amore della Mamma,Amor de Mãe,,,母の​愛,
ITEM_MOTHERSLOVE_DESC,+6 Health Regen.,,+6 de regeneración de salud.,Régénération de PV +6.,+6&nbsp;Lebensregeneration.,+6 a Rigenerazione Salute.,+6 de regeneração de saúde.,,,+6 HP再生。,
ITEM_MULTIPLIER_NAME,Multiplier,,Multiplicador,Multiplicateur,Multiplikator,Moltiplicatore,Multiplicador,,,マルチプライヤー,
ITEM_MULTIPLIER_DESC,You can use your weapon an extra time each turn.,,Esta unidad puede usar el arma otra vez cada turno.,Vous pouvez utiliser votre arme une fois de plus à chaque tour.,Du kannst deine Waffe in jedem Zug ein weiteres Mal verwenden.,Puoi usare la tua arma una volta in più ogni turno.,Você pode utilizar sua arma uma vez adicional em cada turno.,,,各ターン武器を​追加で​1回​使える。[b][/b],
ITEM_MUNDANESTONE_NAME,Mundane Stone,,Piedra mundana,Pierre ordinaire,Banaler Stein,Pietra Ordinaria,Pedra Mundana,,,平凡な​石,
ITEM_MUNDANESTONE_DESC,Your basic attack's damage is increased by your lowest stat minus 2.,,El daño del ataque básico aumenta según el atributo más bajo menos 2.,Votre attaque de base inflige des dégâts bonus égaux à votre stat la plus faible moins 2.,Der Schaden deines Grundangriff wird um dein niedrigstes Attribut minus 2 erhöht.,Il danno del tuo attacco base aumenta della tua statistica più bassa meno 2.,O dano do seu ataque básico é aumentado pelo valor do seu menor atributo menos 2.,,,基本攻撃の​ダメージが​(最低能力値-2)増加する。[b][/b],
ITEM_MYSHADOW_NAME,My Shadow,,Mi sombra,Doppelgänger,Mein Schatten,La Mia Ombra,Minha Sombra,,,私の​影,
ITEM_MYSHADOW_DESC,"Use: Move 3 tiles, leaving a shadow copy behind that mimics your basic attack.The shadow fades at the end of the turn.",,Uso: Se mueve 3 casillas y deja una sombra a su paso que copia su ataque básico.La sombra se desvanece al final del turno.,Utilisation&nbsp;: déplacez-vous de 3&nbsp;cases en laissant derrière vous un double spectral qui copie votre attaque de base.L'ombre disparaît à la fin du tour.,"Benutzen: Bewege dich 3 Felder und hinterlasse einen Schattenklon, der deinen Grundangriff nachahmt.Der Schatten verschwindet am Ende des Zuges.","Uso: Ti muovi di 3 caselle, lasciando dietro di te una copia ombra che imita il tuo attacco base.L'ombra svanisce alla fine del turno.","Uso: mova-se 3 espaços, deixando para trás uma cópia sombria que copia seu ataque básico.A sombra desaparece no final do turno.",,,使用:3タイル移動し、​基本攻撃を​模倣する​影の​コピーを​残す。​影は​ターン終了時に​消える。[b][/b],
ITEM_NATURAL20_NAME,Natural 20,,Natural 20,Lancer critique,Natürliche 20,20 Naturale,20 Natural,,,ナチュラル20,
ITEM_NATURAL20_DESC,Your weapons have +50% Crit Chance.Your basic attack has +10% Crit Chance.,,Las armas tienen +50 % de probabilidad de crítico.El ataque básico tiene +10 % de probabilidad de crítico.,Vos armes ont +50&nbsp;% de chances de coup critique.Votre attaque de base a +10&nbsp;% de chances de coup critique.,Deine Waffen haben +50&nbsp;% kritische Trefferchance.Dein Grundangriff hat +10&nbsp;% kritische Trefferchance.,Le tue armi hanno un +50% di probabilità di colpo critico.Il tuo attacco base ha un +10% di probabilità di colpo critico.,Suas armas possuem +50% de chance de crítico.Seu ataque básico possui +10% de chance de crítico.,,,武器の​クリティカル率+50%。​基本攻撃の​クリティカル率+10%。[b][/b],
ITEM_NEVERSTONE_NAME,Neverstone,,Piedrajamás,Pierre de stagnation,Vergängnisstein,Pietra del Mai,Pedra do Nunca,,,決して​レベル上がらない​石,
ITEM_NEVERSTONE_DESC,Never level up.,,Nunca sube de nivel.,Vous empêche de monter de niveau.,Du kannst nicht aufleveln.,Non sali mai di livello.,Nunca suba de nível.,,,レベルアップしなくなる。,
ITEM_NIGHTSHADE_NAME,Nightshade,,Belladona,Morelle noire,Nachtschatten,Belladonna,Beladona,,,ナイトシェード,
ITEM_NIGHTSHADE_DESC,"When you inflict Poison, inflict +2 Poison.Start with Poison 2.",,"Al infligir veneno, esta unidad inflige +2 de veneno.Empieza con 2 de veneno.","Au lieu d'infliger Poison, vous infligez Poison +2.Vous débutez avec Poison +2.","Verursache +2&nbsp;Gift, wenn du Gift verursachst.Beginne jeden Kampf mit Gift&nbsp;2.","Quando infliggi Veleno, infliggi +2 Veleno.Inizi con Veleno 2.","Ao aplicar veneno, aplique +2 de veneno.Inicie com veneno 2.",,,毒を​与えると​+2毒を​与える。​毒2の​状態で​開始する。[b][/b],
ITEM_NINNYSTICK_NAME,Ninny Stick,,Bastón de bufón,Bâton ridicule,Narrenstab,Bastone dello Sciocco,Pauzinho,,,おバカの​杖,
ITEM_NINNYSTICK_DESC,Reroll your other equipped items at the end of each battle.You can reroll your options when you level up.,,Cambia al azar los otros objetos equipados al final de cada combate.Se pueden cambiar al azar las opciones al subir de nivel.,Tirer de nouvelles options pour vos autres objets équipés à la fin de chaque combat.Vous pouvez tirer de nouvelles options quand vous montez de niveau.,"Generiere deine anderen Ausrüstungsstücke am Ende jedes Kampfes neu.Du kannst deine Auswahlmöglichkeiten neu generieren, wenn du ein Level aufsteigst.",Rilanci gli altri oggetti equipaggiati alla fine di ogni battaglia.Puoi modificare le tue opzioni quando sali di livello.,Role novamente seus outros itens equipados no final de cada batalha.Você pode rolar novamente suas opções ao subir de nível.,,,各バトル終了時に​他の​装備アイテムを​リロールする。​レベルアップ時の​選択肢を​リロールできる。[b][/b],
ITEM_OLDSHOE_NAME,Old Shoe,,Zapato viejo,Vieille pompe,Alter Schuh,Scarpa Vecchia,Sapato Velho,,,古い​靴,
ITEM_OLDSHOE_DESC,,,,,,,,,,,
ITEM_PAWN_NAME,Pawn,,Peón,Pion,Bauer,Pedone,Peão,,,ポーン,
ITEM_PAWN_DESC,Use: Move 1 tile toward the closest enemy.,,Uso: Se mueve 1 casilla hacia el enemigo más cercano.,Utilisation&nbsp;: vous avancez d'1&nbsp;case vers l'ennemi le plus proche.,Benutzen: Bewege dich 1&nbsp;Feld auf den nächsten Gegner zu.,Uso: Ti muovi di 1 casella verso il nemico più vicino.,Uso: mova-se 1 espaço na direção do inimigo mais próximo.,,,使用:最も​近い敵に​向かって​1タイル移動する。[b][/b],
ITEM_PENTAGRAMSIGIL_NAME,Pentagram Sigil,,Sigilo del pentáculo,Pentagramme,Pentagrammsiegel,Sigillo del Pentagramma,Símbolo de Pentagrama,,,ペンタグラムの​印章,
ITEM_PENTAGRAMSIGIL_DESC,Use: Take 5 damage and refresh your basic attack and movement actions.,,Uso: Sufre 5 de daño y restaura el ataque básico y las acciones de movimiento.,Utilisation&nbsp;: vous subissez 5&nbsp;dégâts et vos actions d'attaque de base et de déplacement sont réinitialisées.,Benutzen: Erleide 5&nbsp;Schaden und frische deinen Grundangriff und deine Bewegungsaktion auf.,Uso: Subisci 5 di danno e ricarichi il tuo attacco base e le azioni di movimento.,Uso: sofra 5 de dano e reinicie suas ações de ataque básico e movimento.,,,使用:5ダメージを​受けて​基本攻撃と​移動アクションを​リフレッシュする。[b][/b],
ITEM_PETRIFIEDPINKY_NAME,Petrified Pinky,,Rosita petrificada,Auriculaire pétrifié,Versteinerter Pinky,Topo Pinky Pietrificato,Mindinho Petrificado,,,石化した​ピンキー,
ITEM_PETRIFIEDPINKY_DESC,"If an attack would down you, instead this breaks and you regain 50% of your max HP.",,"Si esta unidad cayera abatida con un ataque, el objeto se rompería y, en su lugar, recuperaría un 50 % de los PS máximos.","Si une attaque est censée vous mettre K.O., cet objet se brise et vous récupérez 50&nbsp;% de vos PV max.","Wenn du durch einen Angriff in Ohnmacht fallen würdest, geht stattdessen dieser Gegenstand kaputt und du erhältst 50&nbsp;% deiner LP wieder.","Un attacco, invece di metterti KO, si rompe e ti fa recuperare il 50% dei tuoi PS massimi.","Se um ataque for deixar você inconsciente, este item se quebra e você recupera 50% da sua saúde máxima.",,,ダウンする​ダメージを​受けた​とき、​代わりに​これが​壊れて​最大HPの​50%を​回復する。[b][/b],
ITEM_PETRIFIEDPOOP_NAME,Petrified Poop,,Caca petrificada,Merde pétrifiée,Versteinertes Häufchen,Cacca Pietrificata,Cocô Petrificado,,,石化したうんち,
ITEM_PETRIFIEDPOOP_DESC,Familiars you spawn gain +2 [img:shield].,,Los familiares generados obtienen +2 [img:shield].,Les familiers que vous invoquez gagnent [img:shield] +2.,"Begleiter, die du rufst, erhalten +2&nbsp;[img:shield].",I famigli che generi ottengono +2 allo [img:shield].,Familiares gerados por você obtêm +2 de [img:shield].,,,召喚する​使い魔が​+2[img:shield]を​獲得する。,
ITEM_PRAYERCARD_NAME,Prayer Card,,Carta de rezo,Carte de prière,Gebetskarte,Carta della Preghiera,Cartão de Oração,,,祈りの​カード,
ITEM_PRAYERCARD_DESC,33% chance to gain +1 [img:divineshield] each time you take damage.,,33 % de probabilidad de obtener +1 [img:divineshield] cada vez que esta unidad sufre daño.,33&nbsp;% de chances de gagner [img:divineshield] +1&nbsp;quand vous subissez des dégâts.,"33%ige Chance, +1&nbsp;[img:divineshield] zu erhalten, wenn du Schaden erleidest.",33% di probabilità di ottenere +1 allo [img:divineshield] ogni volta che subisci danno.,33% de chance de obter +1 de [img:divineshield] a cada vez que você sofre dano.,,,ダメージを​受ける​たびに​33%の​確率で​+1[img:divineshield]を​獲得する。,
ITEM_PULLTAB_NAME,Pull Tab,,Anilla,Languette,Aufreißlasche,Linguetta,Anel de Lata,,,プルタブ,
ITEM_PULLTAB_DESC,,,,,,,,,,,
ITEM_PURPLEDRINK_NAME,Purple Drink,,Bebida morada,Boisson violacée,Lila Getränk,Bevanda Viola,Bebida Roxa,,,紫の​飲み物,
ITEM_PURPLEDRINK_DESC,"Use: Heal 2 HP, gain 2 mana and +1 [img:shield].[s:.7](Usable once per battle.)[/s]",,"Uso: Recupera 2 PS, obtiene 2 de maná y +1 [img:shield].[s:.7](Disponible una vez por combate).[/s]","Utilisation&nbsp;: PV +2, mana +2, [img:shield] +1.[s:.7](Utilisable 1&nbsp;fois par combat.)[/s]","Benutzen: Heile dich um 2&nbsp;LP, erhalte 2&nbsp;Mana und +1&nbsp;[img:shield].[s:.7](Einmal pro Kampf verwendbar.)[/s]","Uso: Recuperi 2 PS, ottieni 2 mana e +1 allo [img:shield].[s:.7](Utilizzabile una volta per battaglia.)[/s]","Uso: cure 2 PV, obtenha 2 de mana e +1 de [img:shield].[s:.7](Um uso por batalha.)[/s]",,,使用:2 HP回復、​2マナ獲得、​+1[img:shield]。[s:.7](バトルごとに​1回使用可能)[/s],
ITEM_QUEEN_NAME,Queen,,Reina,Reine,Dame,Regina,Rainha,,,クイーン,
ITEM_QUEEN_DESC,Use: Move any number of tiles in a straight or diagonal line.,,Uso: Se mueve cualquier cantidad de casillas en línea recta o en diagonal.,Utilisation&nbsp;: déplacez-vous de n'importe quel nombre de cases en ligne droite ou en diagonale.,Benutzen: Bewege dich beliebig in einer geraden oder diagonalen Linie.,Uso: Ti muovi di un numero qualsiasi di caselle in linea retta o diagonale.,Uso: mova-se qualquer quantidade de espaços em uma linha reta ou diagonal.,,,使用:直線または​斜め方​向に​任意の​距離移動する。[b][/b],
ITEM_RAGEJUICE_NAME,Rage Juice,,Jugo rabioso,Élixir de rage,Wutsaft,Succo di Rabbia,Suco de Fúria,,,怒りの​ジュース,
ITEM_RAGEJUICE_DESC,"Use: Gain +4 [img:str], +4 [img:spd], Brace 2 and Madness for the rest of the battle.[s:.7](Usable once per battle.)[/s]",,"Uso: Obtiene +4 [img:str], +4 [img:spd], 2 de refuerzo y locura durante el resto del combate.[s:.7](Disponible una vez por combate).[/s]","Utilisation&nbsp;: [img:str] +4, [img:spd] +4, Garde +2&nbsp;et Folie pour le reste du combat.[s:.7](Utilisable 1&nbsp;fois par combat.)[/s]","Benutzen: Erhalte für den Rest des Kampfes +4&nbsp;[img:str], +4&nbsp;[img:spd], Wappnen&nbsp;2 und Wahnsinn.[s:.7](Einmal pro Kampf verwendbar.)[/s]","Uso: Ottieni +4 alla [img:str], +4 alla [img:spd], Guardia 2 e Follia per il resto della battaglia.[s:.7](Utilizzabile una volta per battaglia.)[/s]","Uso: obtenha +4 de [img:str], +4 de [img:spd], preparação 2 e insanidade pelo resto da batalha.[s:.7](Um uso por batalha.)[/s]",,,使用:バトル​中ずっと​+4[img:str]、​+4[img:spd]、​ガード2、​狂気を​獲得する。[s:.7](バトルごとに​1回使用可能)[/s],
ITEM_RATBEZOAR_NAME,Rat Bezoar,,Bezoar de rata,Bézoard de rat,Rattenbezoar,Bezoario di Ratto,Bezoar de Rato,,,ネズミの​結石,
ITEM_RATBEZOAR_DESC,Poisonous 1.,,Inflige 1 de envenenamiento.,Toxique +1.,Giftig&nbsp;1.,Velenoso 1.,Venenoso 1.,,,毒性1。,
ITEM_RATHEART_NAME,Rat Heart,,Corazón de rata,Cœur de rat,Rattenherz,Cuore di Ratto,Coração de Rato,,,ネズミの​心臓,
ITEM_RATHEART_DESC,,,,,,,,,,,
ITEM_RATTAIL_NAME,Rat Tail,,Cola de rata,Queue de rat,Rattenschwanz,Coda di Ratto,Cauda de Rato,,,ネズミの​尻尾,
ITEM_RATTAIL_DESC,,,,,,,,,,,
ITEM_RAZORBLADE_NAME,Razor Blade,,Cuchilla de afeitar,Lame de rasoir,Rasierklinge,Lama di Rasoio,Lâmina de Navalha,,,カミソリの​刃,
ITEM_RAZORBLADE_DESC,Use: Take 5 damage and gain +2 [img:str] and +2 [img:dex].,,Uso: Sufre 5 de daño y obtiene +2 [img:str] y +2 [img:dex].,Utilisation&nbsp;: vous subissez 5&nbsp;dégâts et gagnez [img:str] +2&nbsp;ainsi que [img:dex] +2.,Benutzen: Erleide 5&nbsp;Schaden und erhalte +2&nbsp;[img:str] und +2&nbsp;[img:dex].,Uso: Subisci 5 di danno e ottieni +2 alla [img:str] e +2 alla [img:dex].,Uso: sofra 5 de dano e obtenha +2 de [img:str] e +2 de [img:dex].,,,使用:5ダメージを​受けて​+2[img:str]と​+2[img:dex]を​獲得する。,
ITEM_REDDRINK_NAME,Red Drink,,Bebida roja,Boisson rougeâtre,Rotes Getränk,Bevanda Rossa,Bebida Vermelha,,,赤の​飲み物,
ITEM_REDDRINK_DESC,Use: Heal 5 HP.[s:.7](Usable once per battle.)[/s],,Uso: Devuelve 5 PS.[s:.7](Disponible una vez por combate).[/s],Utilisation&nbsp;: rend 5&nbsp;PV.[s:.7](Utilisable 1&nbsp;fois par combat.)[/s],Benutzen: Heile dich um 5&nbsp;LP.[s:.7](Einmal pro Kampf verwendbar.)[/s],Uso: Recuperi 5 PS.[s:.7](Utilizzabile una volta per battaglia.)[/s],Uso: cure 5 PV.[s:.7](Um uso por batalha.)[/s],,,使用:5 HP回復。[s:.7](バトルごとに​1回使用可能)[/s],
ITEM_RINGOFFROST_NAME,Ring of Frost,,Anillo de escarcha,Anneau de givre,Ring des Frosts,Anello del Gelo,Anel de Gelo,,,氷結の​指輪,
ITEM_RINGOFFROST_DESC,Freezes tiles you walk over. +25% chance to inflict Freeze on units that contact or attack you.Your Ice Element damage is increased by 1.,,Congela las casillas que pisa. +25 % de probabilidad de infligir congelación a las unidades que entren en contacto con esta unidad o que la ataquen.El daño del elemento de hielo aumenta en 1.,Gèle les cases sur lesquelles vous passez. +25&nbsp;% de chances d'infliger Gel aux unités qui vous touchent ou vous attaquent.Vos dégâts de glace augmentent de 1.,"Friert Felder ein, über die du gehst. +25&nbsp;% Wahrscheinlichkeit, Einheiten einzufrieren, die dich berühren oder angreifen.Dein Eisschaden ist um 1 erhöht.",Congela le caselle su cui cammini. +25% di probabilità di infliggere Congelamento alle unità che ti toccano o ti attaccano.Il tuo danno di elemento ghiaccio aumenta di 1.,Congele espaços pelos quais você passa. +25% de chance de aplicar congelamento em unidades que atacam ou entram em contato com você.Seu dano do elemento gelo é aumentado em 1.,,,歩いた​タイルを​凍らせる。​接触または​攻撃してきた​ユニットを​25%の​確率で​凍結させる。​氷属性ダメージが​1増加する。[b][/b],
ITEM_ROOK_NAME,Rook,,Torre,Tour,Turm,Torre,Torre,,,ルーク,
ITEM_ROOK_DESC,Use: Move any number of tiles in a straight line.,,Uso: Se mueve cualquier cantidad de casillas en línea recta.,Utilisation&nbsp;: déplacez-vous de n'importe quel nombre de cases en ligne droite.,Benutzen: Bewege dich beliebig in einer geraden Linie.,Uso: Ti muovi di un numero qualsiasi di caselle in linea retta.,Uso: mova-se qualquer quantidade de espaços em uma linha reta.,,,使用:直線方​向に​任意の​距離移動する。[b][/b],
ITEM_RUBBERCEMENT_NAME,Rubber Cement,,Cemento de caucho,Colle caoutchouc,Gummizement,Cemento di Gomma,Cimento Emborrachado,,,ゴム糊,
ITEM_RUBBERCEMENT_DESC,Your projectiles bounce to another enemy within 2 tiles.,,Los proyectiles rebotan en otro enemigo en un radio de 2 casillas.,Vos projectiles rebondissent sur un autre ennemi situé à moins de 2&nbsp;cases.,Deine Geschosse prallen ab und landen auf einem Gegner innerhalb von 2&nbsp;Feldern.,I tuoi proiettili rimbalzano su un altro nemico entro 2 caselle.,Seus projéteis ricocheteiam para qualquer inimigo dentro de 2 espaços de distância.,,,発射物が​2タイル以内の​別の​敵に​跳ね返る。[b][/b],
ITEM_SACKOFMEAT_NAME,Sack o' Meat,,Saco de carne,Gros paquet de viande,Sack Fleisch,Sacco di Carne,Saco de Carne,,,肉袋,
ITEM_SACKOFMEAT_DESC,Use: Heal 4 HP.This gains +1 use each time you destroy a corpse.,,Uso: Devuelve 4 PS.Obtiene +1 uso cada vez que destroza un cadáver.,Utilisation&nbsp;: rend 4&nbsp;PV.Utilisation +1&nbsp;quand vous détruisez un cadavre.,"Benutzen: Heile dich um 4&nbsp;LP.Dieser Gegenstand erhält +1&nbsp;Anwendungen, wenn du eine Leiche zerstörst.",Uso: Recuperi 4 PS.Ottiene +1 utilizzo ogni volta che distruggi un cadavere.,Uso: cure 4 PV.Este item obtém +1 uso a cada vez que você destrói um corpo.,,,使用:4 HP回復。​死体を​破壊する​たびに​使用回数+1。[b][/b],
ITEM_SACREDHEART_NAME,Sacred Heart,,Corazón sagrado,Sacré-Cœur,Heiliges Herz,Cuore Sacro,Coração Sagrado,,,聖なる​心臓,
ITEM_SACREDHEART_DESC,+1 Damage. Emit 2 Sparkles when you use your basic attack.,,+1 de daño. Emite 2 destellos al lanzar el ataque básico.,Dégâts +1. Émet 2&nbsp;étincelles quand vous utilisez votre attaque de base.,"+1&nbsp;Schaden. Versprühe 2&nbsp;Funken, wenn du deinen Grundangriff verwendest.",+1 al Danno. Emetti 2 Scintille quando usi il tuo attacco base.,+1 de dano. Emita 2 fagulhas ao utilizar seu ataque básico.,,,+1ダメージ。​基本攻撃使用時に​2つの​火花を​放つ。[b][/b],
ITEM_SATANICBIBLE_NAME,Satanic Bible,,Biblia satánica,Bible satanique,Satanische Bibel,Bibbia Satanica,Bíblia Satânica,,,悪魔の​聖書,
ITEM_SATANICBIBLE_DESC,Heal 3 HP and gain +3 Charge each time you damage a party member.,,Esta unidad recupera 3 PS y obtiene +3 de carga cada vez que inflige daño a un miembro del grupo.,Rend 3&nbsp;PV et confère Charge +3&nbsp;quand vous infligez des dégâts à un membre de l'équipe.,"Heile dich um 3&nbsp;LP und erhalte jedes Mal, wenn du einem Verbündeten Schaden zufügst, +3&nbsp;Ladung.",Recuperi 3 PS e ottieni +3 Carica ogni volta che infliggi danno a un membro del gruppo.,Cure 3 PV e obtenha +3 cargas a cada vez que causar dano a um membro da sua equipe.,,,パーティーメンバーに​ダメージを​与える​たびに​3 HP回復し+3チャージを​獲得する。[b][/b],
ITEM_SCORCHEDEARTH_NAME,Scorched Earth,,Tierra quemada,Terre brûlée,Verbrannte Erde,Terra Bruciata,Terra Arrasada,,,焦土,
ITEM_SCORCHEDEARTH_DESC,Your Earth and Fire Element spells cost -1 mana.,,Los hechizos de fuego y de tierra cuestan -1 de maná.,Vos sorts de terre et de feu coûtent -1&nbsp;mana.,Deine Erd- und Feuerzauber kosten -1&nbsp;Mana.,I tuoi incantesimi di elemento terra e fuoco costano -1 mana.,Seus encantamentos do elemento terra e fogo custam -1 de mana.,,,地と​火属性スペルの​コスト-1マナ。[b][/b],
ITEM_SCRAPBAG_NAME,Scrap Bag,,Bolsa de chatarra,Sac de ferraille,Schrottbeutel,Sacco di Rottami,Saco de Sucata,,,スクラップ袋,
ITEM_SCRAPBAG_DESC,Craft a temporary weapon at the start of the battle if you don't have a weapon.,,Fabrica un arma temporal al inicio del combate si esta unidad va desarmada.,Fabrique une arme temporaire au début du combat si vous n'en avez pas.,"Stelle am Anfang des Kampfes eine vorübergehende Waffe her, wenn du keine Waffe ausgerüstet hast.",Se non hai un'arma ne creai una temporanea all'inizio della battaglia.,"Fabrique uma arma temporária no início da batalha, caso você não possua uma arma.",,,バトル開始時、​武器を​持っていなければ​一時的な​武器を​作成する。[b][/b],
ITEM_SELFDESTRUCTBUTTON_NAME,Self-Destruct Button,,Botón de autodestrucción,Bouton d'autodestruction,Selbstzerstörungsknopf,Pulsante di Autodistruzione,Botão de Autodestruição,,,自爆ボタン,
ITEM_SELFDESTRUCTBUTTON_DESC,Use: Vaporize yourself and deal 50 damage to adjacent units.,,Uso: Se volatiliza e inflige 50 de daño a las unidades adyacentes.,Utilisation&nbsp;: vous vous suicidez et infligez 50&nbsp;dégâts aux unités adjacentes.,Benutzen: Verdampfe und verursache 50&nbsp;Schaden bei benachbarten Einheiten.,Uso: Ti vaporizzi e infliggi 50 di danno alle unità adiacenti.,Uso: autodestrua-se e cause 50 de dano a unidades adjacentes.,,,使用:自分を​蒸発させて​隣接する​ユニットに​50ダメージを​与える。[b][/b],
ITEM_SKILLSPLIT_NAME,Skill Split,,Habilidad dividida,Division de compétence,Fertigkeitsteiler,Divisione delle Abilità,Divisor de Habilidades,,,スキルスプリット,
ITEM_SKILLSPLIT_DESC,Gain a temporary copy of your first passive ability at the start of each battle.,,Obtiene una copia temporal de la primera habilidad pasiva al inicio de cada combate.,"Au début de chaque combat, vous obtenez temporairement une copie de votre première compétence passive.",Erhalte am Anfang jedes Kampfes eine vorübergehende Kopie deiner ersten Passivfähigkeit.,All'inizio di ogni battaglia ottieni una copia temporanea della tua prima abilità passiva.,Obtenha uma cópia temporária de sua primeira habilidade passiva no início de cada batalha.,,,各バトル開始時に​最初の​パッシブアビリティの​一時コピーを​獲得する。[b][/b],
ITEM_SKILLSTONE_NAME,Skill Stone,,Piedra de habilidad,Pierre de compétence,Fertigkeitsstein,Pietra dell'Abilità,Pedra de Habilidade,,,スキルストーン,
ITEM_SKILLSTONE_DESC,Spells that match your class cost -1 mana.,,Los hechizos que coincidan con la clase de esta unidad cuestan -1 de maná.,Les sorts correspondant à votre classe coûtent -1&nbsp;mana.,Zauber deiner Klasse kosten -1&nbsp;Mana.,Gli incantesimi che corrispondono alla tua classe costano -1 mana.,Encantamentos da sua classe custam -1 de mana.,,,自分の​クラスに​合致する​スペルの​コスト-1マナ。[b][/b],
ITEM_SMALLEYE_NAME,Small Eye,,Ojo pequeño,Œil riquiqui,Kleines Auge,Occhio Piccolo,Olho Pequeno,,,小さな​眼,
ITEM_SMALLEYE_DESC,+15% Dodge Chance.Your basic attack has a +10% chance to inflict Fear.,,+15 % de probabilidad de esquiva.El ataque básico tiene +10 % de probabilidad de infligir miedo.,Chances d'esquive +15&nbsp;%.Votre attaque de base a 10&nbsp;% de chances d'infliger Peur.,"+15&nbsp;% Ausweichchance.Dein Grundangriff hat eine +10%ige Wahrscheinlichkeit, Angst zu verursachen.",+15% di probabilità di schivata.Il tuo attacco base ha un +10% di probabilità di infliggere Paura.,+15% de chance de esquiva.Seu ataque básico possui +10% de chance de aplicar medo.,,,+15%回避率。​基本攻撃が​恐怖を​与える​確率+10%。[b][/b],
ITEM_SNAGGLETOOTH_NAME,Snaggle Tooth,,Diente torcido,Dent de travers,Schiefer Zahn,Dente Sporgente,Dente Afiado,,,八重歯,
ITEM_SNAGGLETOOTH_DESC,Your basic attack inflicts Bleed 1.,,El ataque básico inflige 1 de hemorragia.,Votre attaque de base inflige Saignement +1.,Dein Grundangriff verursacht Blutung&nbsp;1.,Il tuo attacco base infligge Sanguinamento 1.,Seu ataque básico aplica sangramento 1.,,,基本攻撃が​出血1を​与える。,
ITEM_SNAKEEYES_NAME,Snake Eyes,,Ojos de serpiente,Yeux de serpent,Einer-Pasch,Occhi di Serpente,Olhos de Cobra,,,スネークアイ,
ITEM_SNAKEEYES_DESC,"While you are at exactly 2 HP, you have +222 [img:lck]",,"Mientras esta unidad tenga exactamente 2 PS, tiene +222 [img:lck]","Tant que vous avez exactement 2&nbsp;PV, vous bénéficiez de [img:lck] +222.","Wenn du genau 2&nbsp;LP hast, hast du +222&nbsp;[img:lck].","Quando sei esattamente a 2 PS, ricevi +222 alla [img:lck]","Enquanto possuir exatamente 2 PV, obtenha +222 de [img:lck].",,,HP2ちょうどの​時、​+222[img:lck]を​持つ。,
ITEM_SOULJAR_FULL_DESC,Use: Summon a ghost copy of {aux_cat_name}.[s:.7](Usable once per battle.)[/s],,Uso: Invoca una copia fantasmal de {aux_cat_name}.[s:.7](Disponible una vez por combate).[/s],Utilisation&nbsp;: invoque un double spectral de {aux_cat_name}.[s:.7](Utilisable 1&nbsp;fois par combat.)[/s],Benutzen: Beschwöre einen Geisterklon von {aux_cat_name}.[s:.7](Einmal pro Kampf verwendbar.)[/s],Uso: Evoca una copia fantasma di {aux_cat_name}.[s:.7](Utilizzabile una volta per battaglia.)[/s],Uso: invoque uma cópia fantasmagórica de {aux_cat_name}.[s:.7](Um uso por batalha.)[/s],,,使用:{aux_cat_name}の​幽霊コピーを​召喚する。[s:.7](バトルごとに​1回使用可能)[/s],
ITEM_SOULJAR_DESC,"When your body is destroyed, this item is recovered and permanently gains the ability to summon a ghost copy of you.",,"Al destrozar el cadáver de esta unidad, este objeto se recupera y obtiene para siempre la habilidad de invocar una copia fantasmal.","Quand votre corps est détruit, vous récupérez cet objet qui gagne définitivement la capacité d'invoquer votre double spectral.","Wenn dein Körper zerstört wird, bleibt dieser Gegenstand bestehen und erhält dauerhaft die Fähigkeit, einen Geisterklon von dir zu rufen.","Quando il tuo corpo viene distrutto, quest'oggetto viene recuperato e ottiene permanentemente la capacità di evocare una tua copia fantasma.","Quando seu corpo for destruído, este item é recuperado e concede permanentemente a habilidade de invocar uma cópia fantasmagórica de você.",,,体が​破壊されると、​この​アイテムが​回収され、​自分の​幽霊コピーを​召喚する​能力を​永続的に​獲得する。[b][/b],
ITEM_SOULJAR_NAME,Soul Jar,,Tarro de almas,Bocal spirituel,Seelenkrug,Barattolo delle Anime,Pote de Alma,,,魂の​壺,
ITEM_SOULJAR_FULL_NAME,Soul Jar,,Tarro de almas,Bocal spirituel,Seelenkrug,Barattolo delle Anime,Pote de Alma,,,魂の​壺,
ITEM_SOYMILK_NAME,Soy Milk,,Leche de soja,Lait de soja,Sojamilch,Latte di Soia,Leite de Soja,,,豆乳,
ITEM_SOYMILK_DESC,Your basic attack cannot deal more than 1 damage.You can attack 2 extra times each turn.,,El ataque básico no puede infligir más de 1 de daño.Esta unidad puede atacar 2 veces extras cada turno.,Votre attaque de base n'inflige pas plus d'1&nbsp;dégât.Vous pouvez attaquer 2&nbsp;fois de plus chaque tour.,Dein Grundangriff kann nicht mehr als 1&nbsp;Schaden verursachen.Du kannst in jedem Zug 2-mal zusätzlich angreifen.,Il tuo attacco base non può infliggere più di 1 danno.Puoi attaccare 2 volte in più ogni turno.,Seu ataque básico não pode causar mais do que 1 de dano.Você pode atacar 2 vezes adicionais em cada turno.,,,基本攻撃が​1ダメージ以上​与えられなくなる。​各ターン攻撃を​追加で​2回行える。[b][/b],
ITEM_SPELLBOOK_NAME,Spell Book,,Libro de hechizos,Vieux grimoire,Zauberbuch,Libro degli Incantesimi,Livro de Encantamentos,,,魔法書,
ITEM_SPELLBOOK_DESC,Use: Gain 10 mana and conjure a random Mage spell as a bonus ability.,,Uso: Obtiene 10 de maná e invoca un hechizo de mago al azar como habilidad de bonificación.,"Utilisation&nbsp;: Mana +10, compétence bonus lançant un sort de mage aléatoire.",Benutzen: Erhalte 10&nbsp;Mana und beschwöre einen zufälligen Magierzauber als Bonusfähigkeit.,Uso: Ottieni 10 mana ed evochi un incantesimo del Mago casuale come abilità bonus.,Uso: obtenha 10 de mana e conjure um encantamento aleatório de mago como habilidade bônus.,,,使用:10マナ獲得し、​ランダムな​メイジスペルを​ボーナスアビリティと​して​作り出す。[b][/b],
ITEM_SPOONBENDER_NAME,Spoon Bender,,Doblador de cucharas,Tordeur de cuillères,Löffelverbieger,Piegacucchiai,Dobrador de Colheres,,,スプーン曲げ,
ITEM_SPOONBENDER_DESC,Your basic attack can't miss and emits a Sparkle when used.,,El ataque básico no puede fallar y emite un destello al lanzarlo.,Votre attaque de base ne peut pas échouer et émet une étincelle.,Dein Grundangriff kann nicht verfehlen und versprüht Funken.,Il tuo attacco base non può mancare il bersaglio ed emette una Scintilla quando viene usato.,Seu ataque básico não pode errar e emite uma fagulha ao ser utilizado.,,,基本攻撃が​外れなくなり、​使用時に​火花を​1つ​放つ。[b][/b],
ITEM_SPOTTEDMUSHROOM_NAME,Spotted Mushroom,,Seta moteada,Champi à pois,Punktierter Pilz,Fungo Maculato,Cogumelo Pintado,,,斑点キノコ,
ITEM_SPOTTEDMUSHROOM_DESC,,,,,,,,,,,
ITEM_SPRING_NAME,Spring,,Muelle,Ressort,Sprungfeder,Molla,Mola,,,バネ,
ITEM_SPRING_DESC,Your movement action is Jump.,,La acción de movimiento se convierte en un salto.,Votre action de déplacement devient Saut.,Deine Bewegungsaktion wird ein Sprung.,La tua azione di movimento è Salto.,Sua ação de movimento é um salto.,,,移動アクションが​ジャンプに​なる。[b][/b],
ITEM_STEROIDS_NAME,Steroids,,Esteroides,Stéroïdes,Steroide,Steroidi,Esteróides,,,ステロイド,
ITEM_STEROIDS_DESC,"Use: Gain +1 [img:str], permanently. For the rest of the adventure, you have a +2% chance to gain Madness at the start of each turn.",,"Uso: Obtiene +1 [img:str] para siempre. Hasta el final de la aventura, tiene +2 % de probabilidad de obtener locura al inicio de cada turno.","Utilisation&nbsp;: [img:str] +1&nbsp;de façon permanente. Pour le reste de l'aventure, vous avez +2&nbsp;% de chances de subir Folie au début de chaque tour.","Benutzen: Erhalte dauerhaft +1&nbsp;[img:str]. Für den Rest des Abenteuers besteht eine +2%ige Wahrscheinlichkeit, dass du am Anfang eines Zuges wahnsinnig wirst.","Uso: Ottieni +1 alla [img:str], permanentemente. Per il resto dell'avventura, hai un +2% di probabilità di ottenere Follia all'inizio di ogni turno.","Uso: obtenha +1 de [img:str] permanentemente. Pelo resto da aventura, você possui uma chance de 2% de obter insanidade no início de cada turno.",,,使用:永続的に​+1[img:str]を​獲得。​この​冒険の​残りの間、​各ターン開始時に​狂気を​獲得する​確率+2%。,
ITEM_STEVENMARROW_NAME,Steven Marrow,,Steven de médula,Moelle de Steven,Stevens Knochenmark,Midollo di Steven,Medula de Steven,,,スティーブン骨髄,
ITEM_STEVENMARROW_DESC,Any [img:shield] you gain is increased by 4.,,Cualquier [img:shield] obtenido aumenta en 4.,Chaque [img:shield] que vous obtenez est augmenté de 4.,"Jeglicher [img:shield], den du erhältst, ist um 4 erhöht.",Qualsiasi [img:shield] che ottieni è aumentato di 4.,Qualquer [img:shield] que você obtém é aumentado em 4.,,,獲得する​全ての[img:shield]が​4増加する。,
ITEM_STEVENSTONE_NAME,Steven Stone,,Steven de piedra,Pierre de Steven,Stevens Stein,Pietra di Steven,Pedra de Steven,,,スティーブンストーン,
ITEM_STEVENSTONE_DESC,Your collarless spells cost -2 mana.,,Los hechizos sin collar cuestan -2 de maná.,Vos sorts sans collier coûtent -2&nbsp;mana.,Deine klassenlosen Zauber kosten -2&nbsp;Mana.,I tuoi incantesimi dei Senza Collare costano -2 mana.,Seus encantamentos sem coleira custam -2 de mana.,,,カラーなしスペルの​コスト-2マナ。[b][/b],
ITEM_STEVENTRINKET1_NAME,Steven,,Steven,Steven,Steven,Steven,Steven,,,スティーブン,
ITEM_STEVENTRINKET1_DESC,Your basic attack inflicts Slow and has a +10% chance to Freeze.You can damage frozen units.,,El ataque básico inflige ralentización y tiene +10 % de probabilidad de congelar.Puede dañar a las unidades congeladas.,Votre attaque de base inflige Lenteur et a +10&nbsp;% de chances d'infliger Gel.Vous pouvez infliger des dégâts aux unités gelées.,"Dein Grundangriff verursacht Verlangsamung und hat eine +10%ige Wahrscheinlichkeit, Frost zu verursachen.Du kannst Schaden bei eingefrorenen Einheiten verursachen.",Il tuo attacco base infligge Rallentamento e ha un +10% di probabilità di infliggere Congelamento.Puoi infliggere danno alle unità congelate.,Seu ataque básico aplica lentidão e possui +10% de chance de aplicar congelamento.Você pode causar dano a unidades congeladas.,,,基本攻撃が​スロウを​与え、​凍結させる​確率+10%。​凍結した​ユニットに​ダメージを​与えられる。[b][/b],
ITEM_STEVENTRINKET2_NAME,Steven,,Steven,Steven,Steven,Steven,Steven,,,スティーブン,
ITEM_STEVENTRINKET2_DESC,Your basic attack inflicts Confusion.,,El ataque básico inflige confusión.,Votre attaque de base inflige Confusion.,Dein Grundangriff verursacht Verwirrung.,Il tuo attacco base infligge Confusione.,Seu ataque básico aplica confusão.,,,基本攻撃が​混乱を​与える。,
ITEM_STICKMAN_NAME,Stickman,,Monigote,Bonhomme bâton,Astfigur,Stickman,Boneco de Palitinho,,,スティックマン,
ITEM_STICKMAN_DESC,Gain All Stats Up when you deal damage to a party member.,,Obtiene aumento total al infligir daño a un miembro del grupo.,Hausse de stats quand vous infligez des dégâts à un membre de l'équipe.,"Erhalte einen Bonus auf alle Attribute, wenn du Schaden bei einem Gruppenmitglied verursachst.",Ottieni Aumento delle Statistiche quando infliggi danno a un membro del gruppo.,Obtenha todos os atributos aumentados ao causar dano a um membro da sua equipe.,,,パーティーメンバーに​ダメージを​与えると​全ステータス上昇を​獲得する。[b][/b],
ITEM_STRANGEMARBLE_NAME,Strange Marble,,Canica extraña,Bille étrange,Komische Murmel,Strana Biglia,Bolinha de Gude Estranha,,,奇妙な​大理石,
ITEM_STRANGEMARBLE_DESC,Your basic attack inflicts Mana Leech 1.,,El ataque básico inflige 1 de sanguijuela de maná.,Votre attaque de base inflige Sangsue de mana +1.,Dein Grundangriff verursacht Manablutegel&nbsp;1.,Il tuo attacco base infligge Assorbimento Mana 1.,Seu ataque básico aplica sanguessuga de mana 1.,,,基本攻撃が​マナリーチ1を​与える。[b][/b],
ITEM_TANKJUICE_NAME,Tank Juice,,Jugo tanquerizado,Élixir de tank,Tanksaft,Energia Corazzata,Suco de Tanque,,,戦車ジュース,
ITEM_TANKJUICE_DESC,"Use: Gain -1 [img:spd], then, for the rest of the turn, all damage you deal has Knockback 2 and Chain Knockback.",,"Uso: Obtiene -1 [img:spd], luego, hasta el final del turno, todo el daño infligido tiene 2 de retroceso y retroceso encadenado.","Utilisation&nbsp;: [img:spd] -1, puis, pour le reste du tour, les dégâts que vous infligez appliquent Recul +2&nbsp;et Recul en chaîne.",Benutzen: Erhalte -1&nbsp;[img:spd]. Für den Rest des Zuges hat dein Schaden Rückstoß&nbsp;2 und Kettenrückstoß.,"Uso: Ottieni -1 alla [img:spd], poi, per il resto del turno, tutto il danno che infliggi ha Contraccolpo 2 e Contraccolpo a Catena.","Uso: obtenha -1 de [img:spd] e, então, pelo resto do turno, todo o dano causado por você possui empurrão 2 e empurrão encadeado.",,,使用:-1[img:spd]を​獲得し、​その後、​ターン終了まで​与える​全ダ​メージが​ノックバック2と​チェーンノックバックを​持つ。,
ITEM_TANKTOY_NAME,Tank Toy,,Tanque de juguete,Tank miniature,Panzerspielzeug,Giocattolo Corazzato,Brinquedo de Tanque,,,戦車おもちゃ,
ITEM_TANKTOY_DESC,Trample.,,Inflige pisotón.,Piétinement.,Trampel.,Calpestamento.,Atropelamento.,,,踏みつけ。,
ITEM_TAROTDECK_NAME,Tarot Deck,,Baraja del tarot,Jeu de tarot,Tarotkarten,Mazzo di Tarocchi,Baralho de Tarô,,,タロットデッキ,
ITEM_TAROTDECK_DESC,"Use: Conjure a random, single-use spell as a bonus ability.",,Uso: Invoca un hechizo de un solo uso al azar como habilidad de bonificación.,Utilisation&nbsp;: compétence bonus lançant un sort aléatoire à usage unique.,"Benutzen: Beschwöre einen zufälligen Zauber, der einmal verwendet werden kann, als Bonusfähigkeit.",Uso: Evochi un incantesimo casuale monouso come abilità bonus.,Uso: conjure um encantamento aleatório de uso único como habilidade bônus.,,,使用:ランダムな​使い捨て​スペルを​ボーナスアビリティと​して​作り出す。[b][/b],
ITEM_TECHNOLOGY_NAME,Technology,,Tecnología,Technologie,Technokram,Tecnologia,Tecnologia,,,テクノロジー,
ITEM_TECHNOLOGY_DESC,Use: Shoot a laser beam.[s:.7](Usable once per battle.)[/s]Refreshes when affected by Electricity.,,Uso: Dispara un rayo láser.[s:.7](Disponible una vez por combate).[/s]Se restaura con los efectos de la electricidad.,"Utilisation&nbsp;: tire un rayon laser.[s:.7](Utilisable 1&nbsp;fois par combat.)[/s]Affecté par l'électricité, se réinitialise.","Benutzen: Schieße einen Laserstrahl.[s:.7](Einmal pro Kampf verwendbar.)[/s]Wird aufgefrischt, wenn sie mit Elektrizität getroffen wird.",Uso: Spari un raggio laser.[s:.7](Utilizzabile una volta per battaglia.)[/s]Si ricarica quando è sotto effetto di Elettricità.,Uso: dispare um raio laser.[s:.7](Um uso por batalha.)[/s]Reinicia-se ao sofrer efeitos de eletricidade.,,,使用:レーザービームを​撃つ。[s:.7](バトルごとに​1回使用可能)[/s]電気の​影響を​受けると​リフレッシュ。,
ITEM_TELEPORT_NAME,Teleport!,,Teletransporte,Téléporteur,Teleport!,Teletrasporto!,Teletransporte!,,,テレポート!,
ITEM_TELEPORT_DESC,Use: Teleport to any open tile.[s:.7](Usable once per battle.)[/s],,Uso: Se teletransporta a cualquier casilla vacía.[s:.7](Disponible una vez por combate).[/s],Utilisation&nbsp;: vous téléporte sur n'importe quelle case.[s:.7](Utilisable 1&nbsp;fois par combat.)[/s],Benutzen: Teleportiere dich auf ein beliebiges freies Feld.[s:.7](Einmal pro Kampf verwendbar.)[/s],Uso: Ti teletrasporti in qualsiasi casella libera.[s:.7](Utilizzabile una volta per battaglia.)[/s],Uso: teletransporte-se para qualquer espaço aberto.[s:.7](Um uso por batalha.)[/s],,,使用:任​意の​空きタイルに​テレポートする。[s:.7](バトルごとに​1回使用可能)[/s],
ITEM_TINKERTOOLS_NAME,Tinker Tools,,Herramientas de manitas,Outils de bricolo,Bastlerwerkzeug,Attrezzi dell'Inventore,Ferramentas de Artífice,,,修理工具,
ITEM_TINKERTOOLS_DESC,Repair 1 use to your items at the end of each battle.,,Repara 1 uso de los objetos al final de cada combate.,Utilisation +1&nbsp;pour l'un de vos objets à la fin de chaque combat.,Stelle am Ende des Kampfes 1&nbsp;Anwendung deiner Gegenstände wieder her.,Ripristini 1 utilizzo ai tuoi oggetti alla fine di ogni battaglia.,Restaure 1 uso de seus itens no final de cada batalha.,,,各バトル終了時に​アイテムの​使用回数を​1回復する。[b][/b],
ITEM_TINYCAGE_NAME,Tiny Cage,,Jaula diminuta,Cage minuscule,Winziger Käfig,Gabbia Piccola,Gaiola Pequena,,,小さな​檻,
ITEM_TINYCAGE_DESC,Spawn a random animal familiar at the start of each battle.,,Genera un familiar animal al azar al inicio de cada combate.,Invoque un familier aléatoire au début de chaque combat.,Rufe am Anfang jedes Kampfes einen zufälligen Tierbegleiter.,Generi un famiglio animale casuale all'inizio di ogni battaglia.,Gere uma familiar animal aleatório no início de cada batalha.,,,各バトル開始時に​ランダムな​動物の​使い魔を​召喚する。[b][/b],
ITEM_TINYPEBBLE_NAME,Tiny Pebble,,Guijarro chiquitín,Galet minuscule,Winziger Kiesel,Ciottolo Piccolo,Seixo Minúsculo,,,小石,
ITEM_TINYPEBBLE_DESC,+10% Dodge Chance.Gain +2% Dodge Chance when you dodge an attack.,,+10 % de probabilidad de esquiva.Obtiene +2 % de probabilidad de esquiva al esquivar un ataque.,Chances d'esquive +10&nbsp;%.Chances d'esquive +2&nbsp;% quand vous esquivez une attaque.,"+10&nbsp;% Ausweichchance.Erhalte +2&nbsp;% Ausweichchance, wenn du einem Angriff ausweichst.",+10% di probabilità di schivata.Ottieni un +2% di probabilità di schivata quando schivi un attacco.,+10% de chance de esquiva.Obtenha +2% de chance de esquiva ao esquivar-se de um ataque.,,,+10%回避率。​攻撃を​回避する​たびに​+2%回避率を​獲得する。[b][/b],
ITEM_TOOLBOX_NAME,Tool Box,,Caja de herramientas,Boîte à outils,Werkzeugkiste,Cassetta degli Attrezzi,Caixa de Ferramentas,,,工具箱,
ITEM_TOOLBOX_DESC,Your items lose Brittle and Fragile.Your weapons have a 25% chance to repair 1 use when used.,,Los objetos pierden endeblez y fragilidad.Las armas tienen un 25 % de probabilidad de recuperar 1 uso al emplearlas.,"Vos objets ne sont plus Cassants ni Fragiles.En utilisant votre arme, 25&nbsp;% de chances qu'elle récupère 1&nbsp;utilisation.","Deine Gegenstände verlieren Spröde und Zerbrechlich.Deine Waffen stellen mit 25%iger Wahrscheinlichkeit 1&nbsp;Anwendung wieder her, wenn du sie benutzt.",I tuoi oggetti perdono Friabilità e Fragilità.Le tue armi hanno il 25% di probabilità di ripristinare 1 utilizzo quando vengono usate.,Seus itens deixam de ser quebradiços e frágeis.Suas armas possuem 25% de chance de restaurar 1 uso ao serem utilizadas.,,,アイテムの​脆弱と​壊れやすいを​失う。​武器使用時、​25%の​確率で​使用回数を​1回復する。[b][/b],
ITEM_TRIACHNID_NAME,Triachnid,,Triácnido,Triachnide,Triachnid,Triachnid,Triacnídeo,,,トリアクニド,
ITEM_TRIACHNID_DESC,Spawn Triachnid at the start of each battle.,,Genera a Triácnido al inicio de cada combate.,Invoque un triachnide au début de chaque combat.,Rufe am Anfang jedes Kampfes einen Triachniden.,Genera Triachnid all'inizio di ogni battaglia.,Gere um triacnídeo no início de cada batalha.,,,各バトル開始時に​トリアクニドを​召喚する。[b][/b],
ITEM_TV_NAME,TV,,Caja tonta,Télévision,TV,TV,TV,,,テレビ,
ITEM_TV_DESC,Your bonus ability is Waste Time.,,La habilidad de bonificación es la pérdida de tiempo.,Votre compétence bonus devient Procrastination.,Deine Bonusfähigkeit ist Zeit verschwenden.,La tua abilità bonus è Perdita di Tempo.,Obtenha Desperdiçar Tempo como habilidade bônus.,,,ボーナスアビリティが​時間の​無駄に​なる。[b][/b],
ITEM_VIBRATINGSKULL_NAME,Vibrating Skull,,Calavera vibrante,Crâne vibrant,Vibrierender Schädel,Teschio Vibrante,Crânio Vibrante,,,振動する​頭蓋骨,
ITEM_VIBRATINGSKULL_DESC,Your basic attack inflicts Magic Weakness 1.,,El ataque básico inflige 1 de debilidad mágica.,Votre attaque de base inflige Vulnérabilité magique +1.,Dein Grundangriff verursacht Magieschwäche&nbsp;1.,Il tuo attacco base infligge Debolezza Magica 1.,Seu ataque básico aplica fraqueza contra magia 1.,,,基本攻撃が​魔法弱点1を​与える。[b][/b],
ITEM_VIDEOGAMECART_NAME,Video Game Cart,,Cartucho de videojuegos,Cartouche de jeu,Videospielkassette,Cartuccia per Videogiochi,Carrinho de Video Game,,,ビデオゲームカートリッジ,
ITEM_VIDEOGAMECART_DESC,It's broken.,,Se ha escacharrado.,Elle est cassée.,Sie ist kaputt.,È rotta.,Está quebrado.,,,壊れている。,
ITEM_WAFER_NAME,Wafer,,Hostia,Pastille,Hostie,Wafer,Wafer,,,ウエハース,
ITEM_WAFER_DESC,,,,,,,,,,,
ITEM_WATERBOTTLEFULL_NAME,Water Bottle,,Botella de agua,Bouteille d'eau,Wasserflasche,Bottiglia d'Acqua,Garrafa de Água,,,水筒,
ITEM_WATERBOTTLEFULL_DESC,Use: Heal +5 HP and gain Heatwave immunity.Refills when affected by Water Element effects.,,Uso: Esta unidad recupera +5 PS y obtiene inmunidad a las olas de calor.Se recarga con los efectos de elemento de agua.,Utilisation&nbsp;: rend 5&nbsp;PV et confère Immunité aux vagues de chaleur.Se recharge lorsqu'affecté par des effets d'eau.,Benutzen: Heile dich um 5&nbsp;LP und werde immun gegen Hitzewelle.,Uso: Recuperi +5 PS e ottieni immunità a Ondata di Calore.Si ricarica quando sei sotto l'influenza di effetti dell'elemento acqua.,Uso: cure 5 PV e obtenha imunidade contra ondas de calor.Enche-se novamente ao ser afetada por efeitos do elemento água.,,,使用:+5 HP回復し熱​波耐性を​獲得する。​水属性​効果を​受けると​再充填される。[b][/b],
ITEM_WATERBOTTLEHALF_NAME,Water Bottle,,Botella de agua,Bouteille d'eau,Wasserflasche,Bottiglia d'Acqua,Garrafa de Água,,,水筒,
ITEM_WATERBOTTLEHALF_DESC,Use: Heal +5 HP and gain Heatwave immunity.Refills when affected by Water Element effects.,,Uso: Esta unidad recupera +5 PS y obtiene inmunidad a las olas de calor.Se recarga con los efectos de elemento de agua.,Utilisation&nbsp;: rend 5&nbsp;PV et confère Immunité aux vagues de chaleur.Se recharge lorsqu'affecté par des effets d'eau.,Benutzen: Heile dich um 5&nbsp;LP und werde immun gegen Hitzewelle.,Uso: Recuperi +5 PS e ottieni immunità a Ondata di Calore.Si ricarica quando sei sotto l'influenza di effetti dell'elemento acqua.,Uso: cure 5 PV e obtenha imunidade contra ondas de calor.Enche-se novamente ao ser afetada por efeitos do elemento água.,,,使用:+5 HP回復し熱​波耐性を​獲得する。​水属性​効果を​受けると​再充填される。[b][/b],
ITEM_WATERBOTTLEEMPTY_NAME,Empty Water Bottle,,Botella de agua vacía,Bouteille d'eau vide,Leere Wasserflasche,Bottiglia d'Acqua Vuota,Garrafa de Água Vazia,,,空の​水筒,
ITEM_WATERBOTTLEMPTY_DESC,Use: Throw it at something.Refills when affected by Water Element effects.,,Uso: Lánzala contra algo.Se rellena con los efectos de elemento de agua.,"Utilisation&nbsp;: se lance à la tronche des ennemis.Affecté par des effets d'eau, se remplit.","Benutzen: Wirf sie auf etwas.Wird wieder aufgefüllt, wenn sie von Wassereffekten betroffen wird.",Uso: La lanci contro qualcosa.Si ricarica quando sei sotto l'influenza di effetti dell'elemento acqua.,Uso: jogue-a em algo.Enche-se novamente ao ser afetada por efeitos do elemento água.,,,使用:​何かに​投げる。​水属性​効果を​受けると​再充填される。[b][/b],
ITEM_WEIGHT_NAME,Weight,,Pesa,Poids,Gewicht,Peso,Peso,,,重り,
ITEM_WEIGHT_DESC,Trample. Take your turn later.,,Pisotón. Juega el turno más tarde.,Piétinement. Vous jouez votre tour plus tard.,Trampel. Du bist später am Zug.,Calpestamento. Effettui il tuo turno più tardi.,Atropelamento. Use seu turno mais tarde.,,,踏みつけ。​ターンを​遅く​開始する。[b][/b],
ITEM_WEIRDEGG_NAME,Weird Egg,,Huevo raro,Œuf étrange,Komisches Ei,Strano Uovo,Ovo Estranho,,,変な​卵,
ITEM_WEIRDEGG_DESC,10% chance to spawn a controllable Fetus familiar at the end of each turn. It joins your party.,,10 % de probabilidad de generar un familiar feto controlable al final de cada turno que se une al grupo.,10&nbsp;% de chances d'invoquer un fœtus de compagnie contrôlable à la fin de chaque tour. Il se joint à votre équipe.,"10%ige Wahrscheinlichkeit, am Ende der Runde einen Fötusbegleiter zu rufen. Er tritt deiner Gruppe bei.",10% di probabilità di generare un famiglio Feto controllabile alla fine di ogni turno. Si unisce al tuo gruppo.,10% de chance de gerar um familiar feto controlável no final de cada turno. Ele passa a fazer parte da sua equipe.,,,各ターン終了時に​10%の​確率で​操作可能な​胎児の​使い魔を​召喚する。​パーティーに​加わる。[b][/b],
ITEM_WHISTLE_NAME,Whistle,,Silbato,Sifflet,Trillerpfeife,Fischietto,Apito,,,笛,
ITEM_WHISTLE_DESC,"Use: Summon a Fly, Maggot or Flea familiar.[s:.7](Usable once per battle.)[/s]",,"Uso: Invoca un familiar mosca, gusano o pulga.[s:.7](Disponible una vez por combate).[/s]","Utilisation&nbsp;: invoque une mouche, un asticot, ou une puce de compagnie.[s:.7](Utilisable 1&nbsp;fois par combat.)[/s]","Benutzen: Beschwöre einen Fliegen-, Maden- oder Flohbegleiter.[s:.7](Einmal pro Kampf verwendbar.)[/s]","Uso: Evochi un famiglio Mosca, Larva o Pulce.[s:.7](Utilizzabile una volta per battaglia.)[/s]","Uso: invoque um familiar mosca, verme ou pulga.[s:.7](Um uso por batalha.)[/s]",,,使用:ハエ、​ウジ、​または​ノミの​使い魔を​召喚する。[s:.7](バトルごとに​1回使用可能)[/s],
ITEM_WIZCHEESE_NAME,Wiz Cheese,,Queso cremoso,Cheddar à tartiner,Delphia Phil,Formaggio Spalmabile,Queijo Wiz,,,ウィズチーズ,
ITEM_WIZCHEESE_DESC,,,,,,,,,,,
ITEM_THEBOXCARDBOARD_NAME,The Box,,La Caja,La Boîte,Die Box,La Scatola,A Caixa,,,箱,
ITEM_THEBOXCARDBOARD_DESC,Find an extra chapter item at the end of each battle.,,Encuentra un objeto extra del capítulo al final de cada combate.,Vous obtenez un objet de chapitre bonus à la fin de chaque combat.,Finde am Ende jedes Kampfes einen zusätzlichen Gegenstand aus dem jeweiligen Kapitel.,Trovi un oggetto aggiuntivo del capitolo alla fine di ogni battaglia.,Encontre um item de capítulo adicional no final de cada batalha.,,,各バトル終了時に​追加の​チャプターアイテムを​発見する。[b][/b],
ITEM_THEBOXCHEST_NAME,The bOx,,La cAja,La bOîte,Die bOx,La sCATola,A cAiXa,,,函,
ITEM_THEBOXCHEST_DESC,Use: Spawn A lost Spirit. This gains +1 use whenever an allied cat dies.[s:.7](Usable once per battle.)[/s],,Uso: Genera un espíritu perdido. Obtiene +1 uso siempre que muere un gato aliado.[s:.7](Disponible una vez por combate).[/s],Utilisation&nbsp;: invoque un esprit égaré. Utilisation +1&nbsp;à chaque mort d'un chat allié.[s:.7](Utilisable 1&nbsp;fois par combat.)[/s],"Benutzen: Rufe einen verlorenen Geist. Dieser Gegenstand erhält +1&nbsp;Anwendung, wenn eine verbündete Katze stirbt.[s:.7](Einmal pro Kampf verwendbar.)[/s]",Uso: Generi uno Spirito Perduto che ottiene +1 utilizzo ogni volta che un gatto alleato muore.[s:.7](Utilizzabile una volta per battaglia.)[/s],Uso: invoque um espírito perdido. Este item obtém +1 uso sempre que um gato aliado morrer.[s:.7](Um uso por batalha.)[/s],,,使用:失われた​霊を​召喚する。​味方の​猫が​死ぬたびに​使用回数+1。[s:.7](バトルごとに​1回使用可能)[/s],
ITEM_THEBOX_NAME,The boX,,La cajA,La boîtE,Die boX,La scatOLA,A caixA,,,匣,
ITEM_THEBOX_DESC,"Use: Revive all bodies, fully heal all units, and clear all status effects.[s:.7](Usable once per battle.)[/s]",,"Uso: Resucita todos los cadáveres, devuelve todos los PS a todas las unidades y les elimina los efectos de estado.[s:.7](Disponible una vez por combate).[/s]","Utilisation&nbsp;: réanime tous les corps, soigne toutes les unités, dissipe tous les effets.[s:.7](Utilisable 1&nbsp;fois par combat.)[/s]","Benutzen: Belebe alle Leichen wieder, heile alle Einheiten vollständig und entferne alle Statuseffekte.[s:.7](Einmal pro Kampf verwendbar.)[/s]","Uso: Rianimi tutti i corpi, curi completamente tutte le unità e rimuovi tutti gli effetti di stato.[s:.7](Utilizzabile una volta per battaglia.)[/s]","Uso: reviva todos os corpos, cure completamente todas as unidades e purifique todos os efeitos de estado.[s:.7](Um uso por batalha.)[/s]",,,使用:全ての​死体を​蘇生し、​全ユ​ニットを​全快させ、​全状態異常を​除去する。[s:.7](バトルごとに​1回使用可能)[/s],
ITEM_SKULLOFGLORG_NAME,Skull Of Glorg,,Cráneo de Glorg,Crâne de Glorg,Glorgs Schädel,Teschio di Glorg,Crânio de Glorg,,,グロルグの​頭蓋骨,
ITEM_SKULLOFGLORG_DESC,Your spells cost -1 mana for each parasite you have equipped.,,Sus hechizos cuestan -1 de maná por cada parásito que esta unidad tenga equipado.,Vos sorts coûtent -1&nbsp;mana pour chaque parasite équipé.,"Deine Zauber kosten für jeden Parasit, den du ausgerüstet hast, -1&nbsp;Mana.",I tuoi incantesimi costano -1 mana per ogni parassita che hai equipaggiato.,Os seus encantamentos custam -1 de dano para cada parasita que você possui equipado.,,,装備している​寄生虫1つに​つきスペルの​コスト-1マナ。[b][/b],
,,,,,,,,,,,
//consumables,,,,,,,,,,,
ITEM_ANTIDOTE_NAME,Antidote,,Antídoto,Antidote,Gegengift,Antidoto,Antídoto,,,解毒剤,
ITEM_ANTIDOTE_DESC,Use: Cleanse all debuffs.This can be used on adjacent units.,,Uso: Elimina todas las desventajas.Puede usarse con unidades adyacentes.,Utilisation&nbsp;: dissipe tous les malus.Utilisable sur les unités adjacentes.,Benutzen: Reinige alle Schwächungen.Kann auf benachbarte Einheiten angewendet werden.,Uso: Rimuovi tutti i malus.Può essere usato sulle unità adiacenti.,Uso: purifique todos os enfraquecimentos.Este item pode ser usado em unidades adjacentes.,,,使用:全ての​デバフを​浄化する。​隣接する​ユニットにも​使用可能。[b][/b],
ITEM_ASNACK_NAME,A Snack,,Tentempié,Casse-croûte,Snack,Uno Spuntino,Lanchinho,,,おやつ,
ITEM_ASNACK_DESC,Use: Heal {aux} HP.,,Uso: Devuelve {aux} PS.,Utilisation&nbsp;: rend {aux} PV.,Benutzen: Heile {aux}&nbsp;LP.,Uso: Recuperi {aux} PS.,Uso: cure {aux} PV.,,,使用:{aux} HP回復。,
ITEM_BAGOFGRASS_NAME,Bag of Grass,,Bolsa de hierba,Sac d'herbe,Beutel mit Gras,Sacco d'Erba,Saco de Grama,,,草袋,
ITEM_BAGOFGRASS_DESC,Use: Gain {aux} mana.,,Uso: Obtiene {aux} de maná.,Utilisation&nbsp;: rend {aux} mana.,Benutzen: Erhalte {aux}&nbsp;Mana.,Uso: Ottieni {aux} mana.,Uso: obtenha {aux} de mana.,,,使用:{aux}マナ獲得。,
ITEM_BIGTOE_NAME,Big Toe,,Dedo gordo,Gros orteil,Großer Zeh,Alluce,Dedão,,,大きなつま先,
ITEM_BIGTOE_DESC,"Use: Heal 6, gain +1 Health Regen and cleanse your debuffs.",,"Uso: Devuelve 6 PS, obtiene +1 de regeneración de salud y elimina las desventajas.","Utilisation&nbsp;: rend 6&nbsp;PV, Régénération de PV +1, dissipe vos malus.","Benutzen: Heile 6&nbsp;LP, erhalte +1&nbsp;Lebensregeneration und reinige deine Schwächungen.","Uso: Rigeneri 6 PS, ottieni +1 a Rigenerazione Salute e rimuovi i tuoi malus.","Uso: cure 6 PV, obtenha +1 de regeneração de saúde e purifique seus enfraquecimentos.",,,使用:6 HP再生、​+1 HP再生、​デバフを​浄化する。[b][/b],
ITEM_BRAINCANDY_NAME,Brain Candy,,Caramelo cerebral,Nootrope,Hirnbonbon,Caramella Cerebrale,Balinha de Cérebro,,,脳キャンディ,
ITEM_BRAINCANDY_DESC,Use: Gain +{aux} [img:int] for the rest of the battle.,,Uso: Obtiene +{aux} [img:int] durante el resto del combate.,Utilisation&nbsp;: [img:int] +{aux} pour le reste du combat.,Benutzen: Erhalte für den Rest des Kampfes +{aux}&nbsp;[img:int].,Uso: Ottieni +{aux} all'[img:int] per il resto della battaglia.,Uso: obtenha +{aux} de [img:int] pelo resto da batalha.,,,使用:バトル​中ずっと​+{aux}[img:int]を​獲得する。,
ITEM_BULLSEYE_NAME,Bullseye,,Diana,Frappe chirurgicale,Bullseye,Centro Perfetto,Alvo,,,ブルズアイ,
ITEM_BULLSEYE_DESC,Use: All damage you deal until the end of the turn is critical and can't miss.,,Uso: Todo el daño infligido hasta el final del turno resulta crítico y no puede fallar.,Utilisation&nbsp;: les dégâts que vous infligez jusqu'à la fin du tour sont critiques et touchent à tous les coups.,"Benutzen: Jeglicher Schaden, den du bis zum Ende des Zuges verursachst, trifft kritisch und kann nicht verfehlen.",Uso: Tutto il danno che infliggi fino alla fine del turno è critico e non manca mai il bersaglio.,Uso: todo o dano causado por você até o fim do turno é crítico e não pode errar.,,,使用:ターン終了まで​与える​全ダ​メージが​クリティカルと​なり​外れなくなる。[b][/b],
ITEM_BUTCHERSEAL_NAME,Butcher Seal,,Sello de carnicero,Sceau du barbare,Schlachtersiegel,Sigillo del Macellaio,Selo de Açougueiro,,,肉屋の​印章,
ITEM_BUTCHERSEAL_DESC,Use: Permanently turn into a Butcher.,,Uso: Se transforma para siempre en carnicero.,Utilisation&nbsp;: vous change en barbare de façon permanente.,Benutzen: Werde dauerhaft zu einem Schlachter.,Uso: Ti trasformi permanentemente in un Macellaio.,Uso: torne-se um açougueiro permanentemente.,,,使用:永続的に​肉屋に​なる。,
ITEM_CATFOOD_NAME,Cat Food,,Comida para gatos,Bouffe pour chat,Katzenfutter,Cibo per Gatti,Comida de Gato,,,キャットフード,
ITEM_CATFOOD_DESC,Use: Heal {aux} HP.,,Uso: Devuelve {aux} PS.,Utilisation&nbsp;: rend {aux} PV.,Benutzen: Heile {aux}&nbsp;LP.,Uso: Recuperi {aux} PS.,Uso: cure {aux} PV.,,,使用:{aux} HP回復。,
ITEM_CLERICSEAL_NAME,Cleric Seal,,Sello de clérigo,Sceau du sage,Klerikersiegel,Sigillo del Chierico,Selo de Clérigo,,,クレリックの​印章,
ITEM_CLERICSEAL_DESC,Use: Permanently turn into a Cleric.,,Uso: Se transforma para siempre en clérigo.,Utilisation&nbsp;: vous change en sage de façon permanente.,Benutzen: Werde dauerhaft zu einem Kleriker.,Uso: Ti trasformi permanentemente in un Chierico.,Uso: torne-se um clérigo permanentemente.,,,使用:永続的に​クレリックに​なる。[b][/b],
ITEM_CLOVER_NAME,Clover,,Trébol,Trèfle,Kleeblatt,Trifoglio,Trevo,,,クローバー,
ITEM_CLOVER_DESC,Use: Gain +{aux} [img:lck] for the rest of the battle.,,Uso: Obtiene +{aux} [img:lck] durante el resto del combate.,Utilisation&nbsp;: [img:lck] +{aux} pour le reste du combat.,Benutzen: Erhalte für den Rest des Kampfes +{aux}&nbsp;[img:lck].,Uso: Ottieni +{aux} alla [img:lck] per il resto della battaglia.,Uso: obtenha +{aux} de [img:lck] pelo resto da batalha.,,,使用:バトル​中ずっと​+{aux}[img:lck]を​獲得する。,
ITEM_COLORLESSSEAL_NAME,Void Seal,,Sello del vacío,Sceau du vide,Leerensiegel,Sigillo del Vuoto,Selo de Vácuo,,,無の​印章,
ITEM_COLORLESSSEAL_DESC,Use: Permanently turn into a Collarless cat.,,Uso: Se transforma para siempre en gato sin collar.,Utilisation&nbsp;: vous change en chat sans collier de façon permanente.,Benutzen: Werde dauerhaft zu einer klassenlosen Katze.,Uso: Ti trasformi permanentemente in un gatto Senza Collare.,Uso: torne-se permanentemente um gato sem coleira.,,,使用:永続的に​カラーなし猫に​なる。[b][/b],
ITEM_DEADHUMMINGBIRD_NAME,Dead Hummingbird,,Colibrí muerto,Colibri mort,Toter Kolibri,Colibrì Morto,Beija-Flor Morto,,,死んだ​ハチドリ,
ITEM_DEADHUMMINGBIRD_DESC,Use: Gain +20 [img:spd] and +50% Dodge Chance.,,Uso: Obtiene +20 [img:spd] y +50 % de probabilidad de esquiva.,Utilisation&nbsp;: [img:spd] +20&nbsp;et Chances d'esquive +50&nbsp;%.,Benutzen: Erhalte +20&nbsp;[img:spd] and +50&nbsp;% Ausweichchance.,Uso: Ottieni +20 alla [img:spd] e un +50% di probabilità di schivata.,Uso: obtenha +20 de [img:spd] e +50% de chance de esquiva.,,,使用:+20[img:spd]と​+50%回避率を​獲得する。,
ITEM_DISCOBISCUIT_NAME,Disco Biscuit,,Pirula,Biscuit disco,Disco-D,Disco Biscotto,Biscoito Disco,,,ディスコビスケット,
ITEM_DISCOBISCUIT_DESC,Use: Gain +{aux} [img:cha] for the rest of the battle and gain 6 mana.,,Uso: Obtiene +{aux} [img:cha] durante el resto del combate y recibe 6 de maná.,"Utilisation&nbsp;: [img:cha] +{aux} pour le reste du combat, Mana +6.",Benutzen: Erhalte für den Rest des Kampfes +{aux}&nbsp;[img:cha] und erhalte 6&nbsp;Mana.,Uso: Ottieni +{aux} al [img:cha] per il resto della battaglia e ottieni 6 mana.,Uso: obtenha +{aux} de [img:cha] pelo resto da batalha e 6 de mana.,,,使用:バトル​中ずっと​+{aux}[img:cha]を​獲得し、​6マナ獲得する。,
ITEM_DRUIDSEAL_NAME,Druid Seal,,Sello de druida,Sceau du druide,Druidensiegel,Sigillo del Druido,Selo de Druida,,,ドルイドの​印章,
ITEM_DRUIDSEAL_DESC,Use: Permanently turn into a Druid.,,Uso: Se transforma para siempre en druida.,Utilisation&nbsp;: vous change en druide de façon permanente.,Benutzen: Werde dauerhaft zu einem Druiden.,Uso: Ti trasformi permanentemente in un Druido.,Uso: torne-se um druida permanentemente.,,,使用:永続的に​ドルイドに​なる。[b][/b],
ITEM_ENEMA_NAME,Enema,,Enema,Lavement,Einlauf,Clistere,Enema,,,浣腸,
ITEM_ENEMA_DESC,Use: Cleanse all buffs and debuffs.,,Uso: Elimina todas las ventajas y desventajas.,Utilisation&nbsp;: dissipe tous les bonus et malus.,Benutzen: Reinige alle Stärkungen und Schwächungen.,Uso: Rimuovi tutti i bonus e i malus.,Uso: purifique todos os fortalecimentos ou enfraquecimentos.,,,使用:全ての​バフと​デバフを​浄化する。[b][/b],
ITEM_EXPERIMENTX_NAME,Experiment X,,Experimento X,Expérience X,Experiment X,Esperimento X,Experimento X,,,実験X,
ITEM_EXPERIMENTX_DESC,Use: ???,,Uso: ¿?,Utilisation&nbsp;:&nbsp;???,Benutzen: ???,Uso: ???,Uso: ???,,,使用:???,
ITEM_EYEBALL_NAME,Eyeball,,Ojo,Globe oculaire,Augapfel,Bulbo Oculare,Globo Ocular,,,眼球,
ITEM_EYEBALL_DESC,Use: Heal {aux} HP.,,Uso: Devuelve {aux} PS.,Utilisation&nbsp;: rend {aux} PV.,Benutzen: Heile {aux}&nbsp;LP.,Uso: Recuperi {aux} PS.,Uso: cure {aux} PV.,,,使用:{aux} HP回復。,
ITEM_FIGHTERSEAL_NAME,Fighter Seal,,Sello de luchador,Sceau du pugiliste,Kriegersiegel,Sigillo del Guerriero,Selo de Lutador,,,ファイターの​印章,
ITEM_FIGHTERSEAL_DESC,Use: Permanently turn into a Fighter.,,Uso: Se transforma para siempre en luchador.,Utilisation&nbsp;: vous change en pugiliste de façon permanente.,Benutzen: Werde dauerhaft zu einem Krieger.,Uso: Ti trasformi permanentemente in un Guerriero.,Uso: torne-se um lutador permanentemente.,,,使用:永続的に​ファイターに​なる。[b][/b],
ITEM_FORBIDDENFRUIT_NAME,Forbidden Fruit,,Fruta prohibida,Fruit défendu,Verbotene Frucht,Frutto Proibito,Fruto Proibido,,,禁断の​果実,
ITEM_FORBIDDENFRUIT_DESC,"Use: Heal to full, restore all your mana, and gain All Stats Up 2.There will be permanent consequences for eating this fruit...",,"Uso: Recupera todos los PS, restaura todo el maná y obtiene 2 de aumento total.Hay consecuencias permanentes por comer esta fruta...","Utilisation&nbsp;: vous rend tous vos PV et votre mana, vous confère Hausse de stats +2.Manger ce fruit entraînera des conséquences permanentes...","Benutzen: Heile dich vollständig, stelle sämtliches Mana wieder her und erhalte einen Bonus von 2 auf alle Attribute.Für das Essen dieser Frucht gibt es bleibende Konsequenzen&nbsp;…","Uso: Guarisci completamente, ripristini tutto il tuo mana e ottieni Aumento delle Statistiche 2.Ci saranno conseguenze permanenti se mangi questo frutto...","Uso: cure-se completamente, restaure toda a sua mana e obtenha todos os atributos aumentados 2.Haverá consequências permanentes ao comer esta fruta...",,,使用:全快し、​マナを​全回復し、​全ステータス上昇2を​獲得する。​この​果実を​食べると​永続的な​代償が​ある...[b][/b],
ITEM_FORBIDDENPILL_NAME,Forbidden Pill,,Pastilla prohibida,Pilule interdite,Verbotene Pille,Pillola Proibita,Pílula Proibida,,,禁断の​ピル,
ITEM_FORBIDDENPILL_DESC,Use: Temporarily upgrade all of your active abilities.There will be permanent consequences for taking this pill.,,Uso: Mejora temporalmente todas las habilidades activas.Hay consecuencias permanentes por tomar esta pastilla.,Utilisation&nbsp;: améliore temporairement toutes vos compétences actives.Manger cette pilule entraînera des conséquences permanentes.,Benutzen: Werte vorübergehend eine deiner Aktivfähigkeiten auf.Für das Nehmen dieser Pille gibt es bleibende Konsequenzen&nbsp;…,Uso: Potenzi temporaneamente tutte le tue abilità attive.Ci saranno conseguenze permanenti se prendi questa pillola...,Uso: aprimore temporariamente todas as suas habilidades ativas.Haverá consequências permanentes ao tomar esta pílula...,,,使用:全ての​アクティブアビリティを​一時的に​強化する。​この​ピルを​飲むと​永続的な​代償が​ある。[b][/b],
ITEM_GIZZARD_NAME,Gizzard,,Molleja,Gésier,Muskelmagen,Ventriglio,Moela,,,砂嚢,
ITEM_GIZZARD_DESC,Use: Enter Mockingbird Form. Gain a random bird mutation at the end of the battle.,,Uso: Adopta la forma del sinsonte. Obtiene una mutación de pájaro al azar al final del combate.,Utilisation&nbsp;: vous prenez une forme d'oiseau moqueur. Vous obtenez une mutation d'oiseau aléatoire à la fin du combat.,Benutzen: Nimm Drosselgestalt an. Erhalte am Ende des Kampfes eine zufällige Vogelmutation.,Uso: Assumi le Sembianze del Tordo. Ottieni una mutazione casuale da uccello alla fine della battaglia.,Uso: entre na forma de rouxinol. Obtenha uma mutação aleatória de pássaro no final da batalha.,,,使用:モッキンバードフォームに​入る。​バトル終了時に​ランダムな​鳥の​変異を​獲得する。[b][/b],
ITEM_HUNTERSEAL_NAME,Hunter Seal,,Sello de cazador,Sceau de sentinelle,Jägersiegel,Sigillo del Cacciatore,Selo de Caçador,,,ハンターの​印章,
ITEM_HUNTERSEAL_DESC,Use: Permanently turn into a Hunter.,,Uso: Se transforma para siempre en cazador.,Utilisation&nbsp;: vous change en sentinelle de façon permanente.,Benutzen: Werde dauerhaft zu einem Jäger.,Uso: Ti trasformi permanentemente in un Cacciatore.,Uso: torne-se um caçador permanentemente.,,,使用:永続的に​ハンターに​なる。[b][/b],
ITEM_JESTERSEAL_NAME,Jester Seal,,Sello de bufón,Sceau du joker,Narrensiegel,Sigillo del Giullare,Selo de Bobo da Corte,,,ジェスターの​印章,
ITEM_JESTERSEAL_DESC,Use: Permanently turn into a Jester.,,Uso: Se transforma para siempre en bufón.,Utilisation&nbsp;: vous change en joker de façon permanente.,Benutzen: Werde dauerhaft zu einem Narren.,Uso: Ti trasformi permanentemente in un Giullare.,Uso: torne-se um bobo da corte permanentemente.,,,使用:永続的に​ジェスターに​なる。[b][/b],
ITEM_JOKERCARD_NAME,Joker Card,,Carta de comodín,Carte du joker,Jokerkarte,Il Jolly,Selo de Curinga,,,ジョーカーカード,
ITEM_JOKERCARD_DESC,Use: Duplicate one of your equipped items.,,Uso: Duplica uno de los objetos equipados.,Utilisation&nbsp;: vous change en comique de façon permanente.,Benutzen: Dupliziere einen deiner ausgerüsteten Gegenstände.,Uso: Duplichi uno dei tuoi oggetti equipaggiati.,Uso: duplique um dos seus itens equipados.,,,使用:装備アイテムを​1つ複製する。[b][/b],
ITEM_KIDNEY_NAME,Kidney,,Riñón,Rein,Niere,Rene,Rim,,,腎臓,
ITEM_KIDNEY_DESC,"Use: Use to heal 10, gain +2 Health Regen, and cleanse debuffs.",,"Uso: Devuelve 10 de salud, obtiene +2 de regeneración de salud y elimina las desventajas.","Utilisation&nbsp;: rend 10&nbsp;PV, Régénération de PV +2, dissipe vos malus.","Benutzen: Heile 10&nbsp;LP, erhalte +2&nbsp;Lebensregeneration und reinige Schwächungen.","Uso: Recuperi 10 PS, ottieni +2 a Rigenerazione Salute e rimuovi i malus.","Uso: use para curar 10 PV, obter +2 de regeneração de saúde e purificar enfraquecimentos.",,,使用:10 HP再生、​+2 HP再生、​デバフを​浄化する。[b][/b],
ITEM_KILOOFCATNIP_NAME,Kilo of Catnip,,Kilo de hierba gatera,Kilo d'herbe à chat,Ein Kilo Katzenminze,Chilo di Erba Gatta,Um Quilo de Erva-de-Gato,,,1キロの​マタタビ,
ITEM_KILOOFCATNIP_DESC,Use: Restore all your mana.,,Uso: Devuelve todo el maná.,Utilisation&nbsp;: régénère intégralement votre mana.,Benutzen: Stelle dein gesamtes Mana wieder her.,Uso: Ripristini tutto il tuo mana.,Uso: restaure toda a sua mana.,,,使用:マナを​全回復する。,
ITEM_LARD_NAME,Big Bucket of Lard,,Cubo grande de sebo,Gros seau de saindoux,Großer Eimer mit Fett,Secchio di Lardo Grande,Balde de Banha Grande,,,大バケツの​ラード,
ITEM_LARD_DESC,Use: Heal yourself and all adjacent units to full HP.,,Uso: Esta unidad se autocura al completo y devuelve todos los PS a todas las unidades adyacentes.,Utilisation&nbsp;: régénère intégralement vos PV et ceux des unités adjacentes.,Benutzen: Heile dich und alle benachbarten Einheiten vollständig.,Uso: Curi te e tutte le unità adiacenti fino a raggiungere il massimo dei PS.,Uso: cure completamente a si ou todas as unidades adjacentes.,,,使用:自分と​隣接する​全ユ​ニットの​HPを​全快する。[b][/b],
ITEM_LARGECATNIPBAGGY_NAME,Large Catnip Baggy,,Bolsa grande de hierba gatera,Grand sachet d'herbe à chat,Große Tasche mit Katzenminze,Sacchetto di Erba Gatta Grande,Saco de erva-de-gato grande,,,大きな​マタタビ袋,
ITEM_LARGECATNIPBAGGY_DESC,Use: Gain {aux} mana.,,Uso: Obtiene {aux} de maná.,Utilisation&nbsp;: rend {aux} mana.,Benutzen: Erhalte {aux}&nbsp;Mana.,Uso: Ottieni {aux} mana.,Uso: obtenha {aux} de mana.,,,使用:{aux}マナ獲得。,
ITEM_MAGESEAL_NAME,Mage Seal,,Sello de mago,Sceau du mage,Magiersiegel,Sigillo del Mago,Selo de Mago,,,メイジの​印章,
ITEM_MAGESEAL_DESC,Use: Permanently turn into a Mage.,,Uso: Se transforma para siempre en mago.,Utilisation&nbsp;: vous change en mage de façon permanente.,Benutzen: Werde dauerhaft zu einem Magier.,Uso: Ti trasformi permanentemente in un Mago.,Uso: torne-se um mago permanentemente.,,,使用:永続的に​メイジに​なる。[b][/b],
ITEM_METALCOAT_NAME,Metal Coat,,Revestimiento metálico,Blindage métallique,Metallbeschichtung,Rivestimento Metallico,Cobertura de Metal,,,金属コート,
ITEM_METALCOAT_DESC,Use: Make your weapon unbreakable for the rest of the adventure.,,Uso: El arma se vuelve indestructible hasta el final de la aventura.,Utilisation&nbsp;: rend votre arme incassable pour le reste de l'aventure.,Benutzen: Deine Waffe ist für den Rest des Abenteuers unzerstörbar.,Uso: Rendi la tua arma indistruttibile per il resto dell'avventura.,Uso: torna sua arma inquebrável pelo resto da aventura.,,,使用:この​冒険の​残りの間、​武器を​破壊不可に​する。[b][/b],
ITEM_MISSINGNIPPLE_NAME,Missing Nipple,,Tetilla perdida,Téton manquant,Fehlender Nippel,Capezzolo Mancante,Mamilo Desaparecido,,,失われた​乳首,
ITEM_MISSINGNIPPLE_DESC,Use: Give an adjacent unit +1 Health Regen.,,Uso: Otorga +1 de regeneración de salud a una unidad adyacente.,Utilisation&nbsp;: confère Régénération de PV +1&nbsp;à une unité adjacente.,Benutzen: Verleihe einer benachbarten Einheit +1&nbsp;Lebensregeneration.,Uso: Fornisci +1 a Rigenerazione Salute a un'unità adiacente.,Uso: conceda a uma unidade adjacente +1 de regeneração de saúde.,,,使用:隣接する​ユニットに​+1 HP再生を​与える。[b][/b],
ITEM_MONKSEAL_NAME,Monk Seal,,Sello de monje,Sceau du moine,Mönchsiegel,Sigillo del Monaco,Selo de Monge,,,モンクの​印章,
ITEM_MONKSEAL_DESC,Use: Permanently turn into a Monk.,,Uso: Se transforma para siempre en monje.,Utilisation&nbsp;: vous change en moine de façon permanente.,Benutzen: Werde dauerhaft zu einem Mönch.,Uso: Ti trasformi permanentemente in un Monaco.,Uso: torne-se um monge permanentemente.,,,使用:永続的に​モンクに​なる。[b][/b],
ITEM_MUSHROOMS_NAME,Mushrooms,,Setas,Champis,Pilze,Funghi,Cogumelos,,,キノコ,
ITEM_MUSHROOMS_DESC,Use: Gain All Stats Up 2.,,Uso: Obtiene 2 de aumento total.,Utilisation&nbsp;: Hausse de stats +2.,Benutzen: Erhalte einen Bonus von 2 auf alle Attribute.,Uso: Ottieni Aumento delle Statistiche 2.,Uso: obtenha todos os atributos aumentados 2.,,,使用:全ステータス上昇2を​獲得する。[b][/b],
ITEM_NECROMANCERSEAL_NAME,Necromancer Seal,,Sello de nigromante,Sceau de l'occultiste,Totenbeschwörersiegel,Sigillo del Necromante,Selo de Necromante,,,ネクロマンサーの​印章,
ITEM_NECROMANCERSEAL_DESC,Use: Permanently turn into a Necromancer.,,Uso: Se transforma para siempre en nigromante.,Utilisation&nbsp;: vous change en occultiste de façon permanente.,Benutzen: Werde dauerhaft zu einem Totenbeschwörer.,Uso: Ti trasformi permanentemente in un Necromante.,Uso: torne-se um necromante permanentemente.,,,使用:永続的に​ネクロマンサーに​なる。[b][/b],
ITEM_PCP_NAME,PCP,,Fenciclidina,Phencyclidine,PCP,PCP,PCP,,,PCP,
ITEM_PCP_DESC,Use: Gain +5 Damage and Madness 3.This can be used on adjacent units.,,Uso: Obtiene +5 de daño y 3 de locura.Puede usarse con unidades adyacentes.,"Utilisation&nbsp;: Dégâts +5, Folie +3.Utilisable sur les unités adjacentes.",Benutzen: Erhalte +5&nbsp;Schaden und Wahnsinn&nbsp;3.Kann auf benachbarte Einheiten angewendet werden.,Uso: Ottieni +5 al Danno e Follia 3.Può essere usato sulle unità adiacenti.,Uso: obtenha +5 de dano e insanidade 3.Este item pode ser usado em unidades adjacentes.,,,使用:+5ダメージと​狂気3を​獲得する。​隣接する​ユニットにも​使用可能。[b][/b],
ITEM_PEARL_NAME,Pearl,,Perla,Perle,Perle,Perla,Pérola,,,真珠,
ITEM_PEARL_DESC,Use: Gain 10-30 coins.,,Uso: Obtiene 10-30 monedas.,Utilisation&nbsp;: vous obtenez 10&nbsp;à 30&nbsp;pièces.,Benutzen: Erhalte 10&nbsp;– 30 Münzen.,Uso: Ottieni 10-30 monete.,Uso: obtenha 10-30 moedas.,,,使用:10-30コイン獲得。,
ITEM_PERCS_NAME,Percs,,Oxicodona,Oxycodone,Oxy,Paracetamolo,Analgésico,,,鎮痛剤,
ITEM_PERCS_DESC,Use: Gain +{aux} [img:shield].,,Uso: Obtiene +{aux} [img:shield].,Utilisation&nbsp;: [img:shield] +{aux}.,Benutzen: Erhalte +{aux}&nbsp;[img:shield].,Uso: Ottieni +{aux} allo [img:shield].,Uso: obtenha +{aux} de [img:shield].,,,使用:+{aux}[img:shield]を​獲得する。,
ITEM_PSYCHICSEAL_NAME,Psychic Seal,,Sello de ocultista,Sceau du médium,Mediumsiegel,Sigillo dello Psionico,Selo de Psíquico,,,サイキックの​印章,
ITEM_PSYCHICSEAL_DESC,Use: Permanently turn into a Psychic.,,Uso: Se transforma para siempre en ocultista.,Utilisation&nbsp;: vous change en médium de façon permanente.,Benutzen: Werde dauerhaft zu einem Medium.,Uso: Ti trasformi permanentemente in uno Psionico.,Uso: torne-se um psíquico permanentemente.,,,使用:永続的に​サイキックに​なる。[b][/b],
ITEM_RAPTOREGG_NAME,Raptor Egg,,Huevo de velocirraptor,Œuf de raptor,Raptorei,Uovo di Rapace,Ovo de Raptor,,,ラプトルの​卵,
ITEM_RAPTOREGG_DESC,Use: Heal to full.10% chance at the end of each turn to break and summon a Charmed Raptor Kitten.,,Uso: Devuelve toda la salud.10 % de probabilidad al final de cada turno de eclosionar e invocar una cría de velocirraptor embrujada.,"Utilisation&nbsp;: soigne intégralement.À la fin de chaque tour, a 10&nbsp;% de chances de se briser et d'invoquer un chaton raptor envoûté.","Benutzen: Heile dich vollständig.Hat am Ende jedes Zuges eine 10%ige Wahrscheinlichkeit, kaputtzugehen und ein freundliches Raptorkätzchen zu beschwören.",Uso: Guarisci completamente.Ha un 10% di probabilità alla fine di ogni turno di rompersi ed evocare un Gattino Rapace Ammaliato.,Uso: cure-se completamente.10% de chance de quebrar ou invocar um gatinho raptor enfeitiçado no final do turno.,,,使用:全快する。​各ターン終了時に​10%の​確率で​割れて​魅了された​ラプトルの​子猫を​召喚する。[b][/b],
ITEM_ROIDRAGE_NAME,Roid Rage,,Rabia esteroidea,Furioxane,Steroidwut,Rabbia da Steroidi,Roid Rage,,,ステロイド激怒,
ITEM_ROIDRAGE_DESC,Use: Gain +{aux} [img:str] for the rest of the battle.,,Uso: Obtiene +{aux} [img:str] durante el resto del combate.,Utilisation&nbsp;: [img:str] +{aux} pour le reste du combat.,Benutzen: Erhalte für den Rest des Kampfes +{aux}&nbsp;[img:str].,Uso: Ottieni +{aux} alla [img:str] per il resto della battaglia.,Uso: obtenha +{aux} de [img:str] pelo resto da batalha.,,,使用:バトル​中ずっと​+{aux}[img:str]を​獲得する。,
ITEM_ROTISSERIECHICKEN_NAME,Rotisserie Chicken,,Pollo asado,Poulet rôti,Brathähnchen,Pollo allo Spiedo,Galinha de Rotisserie,,,ロティサリーチキン,
ITEM_ROTISSERIECHICKEN_DESC,Use: Heal {aux} HP.,,Uso: Devuelve {aux} PS.,Utilisation&nbsp;: rend {aux} PV.,Benutzen: Heile {aux}&nbsp;LP.,Uso: Recuperi {aux} PS.,Uso: cure {aux} PV.,,,使用:{aux} HP回復。,
ITEM_ROTTENMEAT_NAME,Rotten Meat,,Carne putrefacta,Viande rôtie,Verdorbenes Fleisch,Carne Marcia,Carne Podre,,,腐った​肉,
ITEM_ROTTENMEAT_DESC,"Use: Gain Poison 1, then your basic attack becomes Puke Shot.[s:.7](Usable once per battle.)[/s]",,Uso: Obtiene 1 de veneno y luego el ataque básico se convierte en Disparo de vómito.[s:.7](Disponible una vez por combate).[/s],"Utilisation&nbsp;: vous subissez Poison +1, puis votre attaque de base devient Vomitir.[s:.7](Utilisable 1&nbsp;fois par combat.)[/s]",Benutzen: Erhalte Gift&nbsp;1. Dein Grundangriff wird zu Kotzeschuss.[s:.7](Einmal pro Kampf verwendbar.)[/s],"Uso: Ottieni Veleno 1, poi il tuo attacco base diventa Conato di Vomito.[s:.7](Utilizzabile una volta per battaglia.)[/s]","Uso: obtenha veneno 1, e então seu ataque básico se torna Disparo de Vômito.[s:.7](Um uso por batalha.)[/s]",,,使用:毒1を​獲得し、​基本攻撃が​ゲロショットに​なる。[s:.7](バトルごとに​1回使用可能)[/s],
ITEM_SHOEPOLISH_NAME,Shoe Polish,,Betún,Cirage,Schuhpolitur,Lucido da Scarpe,Cera de Sapato,,,靴磨き,
ITEM_SHOEPOLISH_DESC,Use: Fully repair your weapon. Refresh your weapon action.,,Uso: Repara el arma por completo. Restaura la acción de arma.,Utilisation&nbsp;: répare entièrement votre arme et réinitialise son action.,Benutzen: Repariere deine Waffe vollständig. Deine Waffenaktion wird aufgefrischt.,Uso: Ripari completamente la tua arma. Ricarichi la tua azione arma.,Uso: repare totalmente sua arma. Reinicie sua ação de arma.,,,使用:武器を​完全修理する。​武器アクションを​リフレッシュする。[b][/b],
ITEM_SITRUSBERRY_NAME,Citrus Berry,,Citrobaya,Baie acidulée,Zitrusbeere,Agrume,Fruta Cítrica,,,オレンの​実,
ITEM_SITRUSBERRY_DESC,Use: Heal 25% HP.Automatically eaten if your HP drops below 50%.,,Uso: Devuelve un 25 % de PS.Se la come automáticamente si los PS caen por debajo del 50 %.,Utilisation&nbsp;: soigne 25&nbsp;% de PV.Consommée automatiquement si vos PV descendent sous les 50&nbsp;%.,"Benutzen: Heile 25&nbsp;%&nbsp;LP.Wird automatisch benutzt, wenn deine LP unter 50&nbsp;% fallen.",Uso: Recuperi il 25% dei PS.Viene mangiato automaticamente se i tuoi PS scendono sotto al 50%.,Uso: cure 25% de saúde.Coma automaticamente este item se sua saúde cair abaixo de 50%.,,,使用:25% HP回復。​HPが​50%未満に​なると​自動的に​食べる。[b][/b],
ITEM_SLEEPDART_NAME,Sleep Dart,,Dardo tranquilizante,Fléchette sédative,Schlafpfeil,Dardo Soporifero,Dardo Tranquilizante,,,睡眠ダーツ,
ITEM_SLEEPDART_DESC,Use: A straight ranged attack that inflicts Sleep 1.,,Uso: Lanza un ataque a distancia en línea recta que inflige 1 de sueño.,Utilisation&nbsp;: une attaque à distance en ligne droite qui inflige Sommeil +1.,"Benutzen: Ein gerader Fernkampfangriff, der Schlaf&nbsp;1 verursacht.",Uso: Un attacco diretto a distanza che infligge Sonno 1.,Uso: um ataque à distância em linha reta que aplica sono 1.,,,使用:直線遠距離攻撃で​睡眠1を​与える。[b][/b],
ITEM_SMALLCATNIPBAGGY_NAME,Small Catnip Baggy,,Bolsita de hierba gatera,Petit sachet d'herbe à chat,Kleine Tasche mit Katzenminze,Sacchetto di Erba Gatta Piccolo,Saco de Erva-de-Gato Pequeno,,,小さな​マタタビ袋,
ITEM_SMALLCATNIPBAGGY_DESC,Use: Gain {aux} mana.,,Uso: Obtiene {aux} de maná.,Utilisation&nbsp;: rend {aux} mana.,Benutzen: Erhalte {aux}&nbsp;Mana.,Uso: Ottieni {aux} mana.,Uso: obtenha {aux} de mana.,,,使用:{aux}マナ獲得。,
ITEM_SMELLINGSALTS_NAME,Smelling Salts,,Sales aromáticas,Sels d'ammoniaque,Riechsalz,Sali,Sais de Cheiro,,,気付け薬,
ITEM_SMELLINGSALTS_DESC,Use: Revive an adjacent unit at 1 HP.Automatically used on yourself at the end of the round if you're downed.,,Uso: Resucita a una unidad adyacente con 1 PS.Esta unidad las consume automáticamente al final de la ronda si ha caído abatida.,Utilisation&nbsp;: réanime une unité adjacente avec 1&nbsp;PV.Utilisation automatique sur vous-même en fin de manche si vous êtes K.O.,"Benutzen: Belebe eine benachbarte Einheit mit 1&nbsp;LP wieder.Wird am Ende der Runde automatisch auf dich selbst benutzt, wenn du in Ohnmacht fällst.",Uso: Rianimi un'unità adiacente a 1 PS.Vengono utilizzati automaticamente su di te alla fine del round se sei KO.,Uso: reviva uma unidade adjacente com 1 PV.Este item é usado automaticamente se você estiver inconsciente no final da rodada.,,,使用:隣接する​ユニットを​HP1で​復活させる。​ラウンド終了時に​ダウンしている​場合、​自動的に​自分に​使用。[b][/b],
ITEM_SPEEDBALL_NAME,Speedball,,Anfeta,Caféine,Speedball,Anfetamina,Speedball,,,スピードボール,
ITEM_SPEEDBALL_DESC,Use: Gain +{aux} [img:dex] for the rest of the battle.,,Uso: Obtiene +{aux} [img:dex] durante el resto del combate.,Utilisation&nbsp;: [img:dex] +{aux} pour le reste du combat.,Benutzen: Erhalte für den Rest des Kampfes +{aux}&nbsp;[img:dex].,Uso: Ottieni +{aux} alla [img:dex] per il resto della battaglia.,Uso: obtenha +{aux} de [img:dex] pelo resto da batalha.,,,使用:バトル​中ずっと​+{aux}[img:dex]を​獲得する。,
ITEM_STAR_NAME,Star,,Estrella,Étoile,Stern,Stella,Estrela,,,スター,
ITEM_STAR_DESC,"Use: Gain Invincibility, +10 Thorns, and Trample until the start of your next turn. Refresh your movement action.",,"Uso: Obtiene invencibilidad, +10 de espinas y pisotón hasta el próximo turno. Restaura la acción de movimiento.","Utilisation&nbsp;: vous confère Invincibilité, Épines +10, et Piétinement jusqu'au début de votre prochain tour. Réinitialise votre action de déplacement.","Benutzen: Erhalte bis zum Anfang deines nächsten Zuges Unverwundbarkeit, +10&nbsp;Dornen und Trampel. Frische deine Bewegungsaktion auf.","Uso: Ottieni Invincibilità, +10 Spine e Calpestamento fino all'inizio del tuo prossimo turno. Ricarichi la tua azione di movimento.","Uso: obtenha invencibilidade, +10 de espinhos e atropelamento até o início do próximo turno. Reinicie sua ação de movimento.",,,使用:次の​自分の​ターン開始まで​無敵、​+10棘、​踏みつけを​獲得する。​移動アクションを​リフレッシュ。[b][/b],
ITEM_STEMCELLS_NAME,Stem Cells,,Células madre,Cellules souches,Stammzellen,Cellule Staminali,Células-Tronco,,,幹細胞,
ITEM_STEMCELLS_DESC,Use: Gain +3 Health Regen until the end of the battle.,,Uso: Obtiene +3 de regeneración de salud hasta el final del combate.,Utilisation&nbsp;: Régénération de PV +3&nbsp;jusqu'à la fin du combat.,Benutzen: Erhalte bis zum Ende des Kampfes +3&nbsp;Lebensregeneration.,Uso: Ottieni +3 a Rigenerazione Salute fino alla fine della battaglia.,Uso: obtenha +3 de regeneração de saúde até o final da batalha.,,,使用:バトル終了まで​+3 HP再生を​獲得する。[b][/b],
ITEM_STEVENSCONSUMABLE1_NAME,Steven,,Steven,Steven,Steven,Steven,Steven,,,スティーブン,
ITEM_STEVENSCONSUMABLE1_DESC,Use: Permanently upgrade a random spell or passive ability.,,Uso: Mejora para siempre un hechizo o una habilidad pasiva al azar.,Utilisation&nbsp;: améliore un sort ou une compétence passive aléatoire de façon permanente.,Benutzen: Werte einen zufälligen Zauber oder eine Passivfähigkeit dauerhaft auf.,Uso: Potenzi permanentemente un incantesimo o un'abilità passiva casuale.,Uso: aprimore permanentemente um encantamento aleatório ou habilidade passiva.,,,使用:ランダムな​スペルまたは​パッシブアビリティを​永続的に​強化する。[b][/b],
ITEM_STEVENSCONSUMABLE2_NAME,Steven,,Steven,Steven,Steven,Steven,Steven,,,スティーブン,
ITEM_STEVENSCONSUMABLE2_DESC,Use: Spawn a controllable copy of yourself.,,Uso: Genera una copia controlable de esta unidad.,Utilisation&nbsp;: invoque un double de vous-même contrôlable.,Benutzen: Erstelle eine steuerbare Kopie deiner selbst.,Uso: Generi una tua copia controllabile.,Uso: gere uma cópia controlável de si.,,,使用:操作可能な​自分の​コピーを​召喚する。[b][/b],
ITEM_SUPERBANDAGE_NAME,Super Bandage,,Supervendaje,Super pansement,Superbandage,Super Benda,Super Bandagem,,,スーパー包帯,
ITEM_SUPERBANDAGE_DESC,Use: Cure a random injury.,,Uso: Cura una lesión al azar.,Utilisation&nbsp;: soigne une blessure aléatoire.,Benutzen: Heile eine zufällige Verletzung.,Uso: Curi una ferita casuale.,Uso: cure um ferimento aleatório.,,,使用:ランダムな​ケガを​治癒する。[b][/b],
ITEM_TANKSEAL_NAME,Tank Seal,,Sello de tanque,Sceau du tank,Tanksiegel,Sigillo del Corazzato,Selo de Tanque,,,タンクの​印章,
ITEM_TANKSEAL_DESC,Use: Permanently turn into a Tank.,,Uso: Se transforma para siempre en tanque.,Utilisation&nbsp;: vous change en tank de façon permanente.,Benutzen: Werde dauerhaft zu einem Tank.,Uso: Ti trasformi permanentemente in un Corazzato.,Uso: torne-se um tanque permanentemente.,,,使用:永続的に​タンクに​なる。[b][/b],
ITEM_THIEFSEAL_NAME,Thief Seal,,Sello de ladrón,Sceau du fourbe,Diebessiegel,Sigillo del Ladro,Selo de Ladrão,,,シーフの​印章,
ITEM_THIEFSEAL_DESC,Use: Permanently turn into a Thief.,,Uso: Se transforma para siempre en ladrón.,Utilisation&nbsp;: vous change en fourbe de façon permanente.,Benutzen: Werde dauerhaft zu einem Dieb.,Uso: Ti trasformi permanentemente in un Ladro.,Uso: torne-se um ladrão permanentemente.,,,使用:永続的に​シーフに​なる。[b][/b],
ITEM_TINKERERSEAL_NAME,Tinkerer Seal,,Sello de manitas,Sceau du bricolo,Bastlersiegel,Sigillo dell'Inventore,Selo de Artífice,,,ティンカラーの​印章,
ITEM_TINKERERSEAL_DESC,Use: Permanently turn into a Tinkerer.,,Uso: Se transforma para siempre en manitas.,Utilisation&nbsp;: vous change en bricolo de façon permanente.,Benutzen: Werde dauerhaft zu einem Bastler.,Uso: Ti trasformi permanentemente in un Inventore.,Uso: torne-se um artífice permanentemente.,,,使用:永続的に​ティンカラーに​なる。[b][/b],
ITEM_TURKEY_NAME,Whole Turkey,,Pavo entero,Dinde entière,Ganzer Truthahn,Tacchino Intero,Peru Inteiro,,,丸ごと​七面鳥,
ITEM_TURKEY_DESC,Use: Heal {aux} HP.,,Uso: Devuelve {aux} PS.,Utilisation&nbsp;: rend {aux} PV.,Benutzen: Heile {aux}&nbsp;LP.,Uso: Recuperi {aux} PS.,Uso: cure {aux} PV.,,,使用:{aux} HP回復。,
ITEM_UPPER_NAME,Upper,,Estimulante,Stimulant,Upper,Stimolante,Upper,,,興奮剤,
ITEM_UPPER_DESC,Use: Gain +{aux} [img:spd] for the rest of the battle.,,Uso: Obtiene +{aux} [img:spd] durante el resto del combate.,Utilisation&nbsp;: [img:spd] +{aux} pour le reste du combat.,Benutzen: Erhalte für den Rest des Kampfes +{aux}&nbsp;[img:spd].,Uso: Ottieni +{aux} alla [img:spd] per il resto della battaglia.,Uso: obtenha +{aux} de [img:spd] pelo resto da batalha.,,,使用:バトル​中ずっと​+{aux}[img:spd]を​獲得する。,
ITEM_VIPERBOTTLE_NAME,Viper Bottle,,Botella de Víbora,Fiole de venin,Viper-Flasche,Bottiglia di Vipera,Garrafa de Víbora,,,毒蛇の​瓶,
ITEM_VIPERBOTTLE_DESC,Use: Take 5 damage and gain +1 to a random stat permanently.May have side effects...,wip,Uso: Sufre 5 de daño y obtiene +1 en un atributo al azar para siempre.Puede tener efectos secundarios...,Utilisation&nbsp;: vous subissez 5&nbsp;dégâts et gagnez +1&nbsp;à une stat aléatoire de façon permanente.Peut avoir des effets secondaires...,Benutzen: Erleide 5&nbsp;Schaden und erhalte dauerhaft +1 auf ein zufälliges Attribut.Könnte Nebenwirkungen haben&nbsp;…,Uso: Subisci 5 di danno e ottieni +1 a una statistica casuale in modo permanente.Potrebbe avere effetti collaterali...,Uso: sofra 5 de dano e obtenha +1 em um atributo aleatório permanentemente.Pode causar efeitos colaterais...,,,使用:5ダメージを​受けて​ランダムな能力値を​永続的に​+1獲得する。​副作用が​あるかもしれない...[b][/b],
ITEM_WISHBONE_NAME,Wish Bone,,Hueso de la suerte,Os porte-bonheur,Gabelbein,Osso dei Desideri,Osso do Desejo,,,ウィッシュボーン,
ITEM_WISHBONE_DESC,Use: Gain +99 [img:lck] until the end of the turn.,,Uso: Obtiene +99 [img:lck] hasta el final del turno.,Utilisation&nbsp;: [img:lck] +99&nbsp;jusqu'à la fin du tour.,Benutzen: Erhalte bis zum Ende des Zuges +99&nbsp;[img:lck].,Uso: Ottieni +99 alla [img:lck] fino alla fine del turno.,Uso: obtenha +99 de [img:lck] até o final do turno.,,,使用:ターン終了まで​+99[img:lck]を​獲得する。,
ITEM_WITCHSEYE_NAME,Witch's Eye,,Ojo de bruja,Œil de sorcière,Hexenauge,Occhio della Strega,Olho de Bruxa,,,魔女の​眼,
ITEM_WITCHSEYE_DESC,Use: Gain Backflip 2.,,Uso: Obtiene 2 de mortal hacia atrás.,Utilisation&nbsp;: vous confère Salto arrière +2.,Benutzen: Erhalte Rückwärtssalto&nbsp;2.,Uso: Ottieni Salto Mortale all'Indietro 2.,Uso: obtenha mortal para trás 2.,,,使用:バックフリップ2を​獲得する。[b][/b],
,,,,,,,,,,,
//head armor,,,,,,,,,,,
ARMOR_ALIENSTALK_NAME,Alien Stalk,,Tallo extraterrestre,Antenne d'extraterrestre,Außerirdischer Stängel,Gambo Alieno,Caule Alienígena,,,エイリアンの​茎,
ARMOR_ALIENSTALK_DESC,Cast a random spell each time you take damage.,,Lanza un hechizo al azar cada vez que esta unidad sufre daño.,Lance un sort aléatoire quand vous subissez des dégâts.,"Wirke jedes Mal, wenn du Schaden erleidest, einen zufälligen Zauber.",Lanci un incantesimo casuale ogni volta che subisci danno.,Lance um encantamento aleatório a cada vez que sofrer dano.,,,ダメージを​受ける​たびに​ランダムな​スペルを​唱える。[b][/b],
ARMOR_ANTENNA_NAME,Antenna,,Antena,Antenne,Antenne,Antenna,Antena,,,アンテナ,
ARMOR_ANTENNA_DESC,Units that contact or attack you get hit with a lightning bolt that has a 10% chance to Stun.,,A las unidades que entren en contacto con esta o que la ataquen las alcanza un rayo con un 10 % de probabilidad de aturdirlas.,Les unités qui vous touchent ou vous attaquent sont frappées d'un éclair qui a 10&nbsp;% de chances de leur infliger Étourdissement.,"Einheiten, die dich berühren oder angreifen, werden von einem Blitz getroffen, der mit 10%iger Wahrscheinlichkeit Betäubung verursacht.",Le unità che ti toccano o ti attaccano vengono colpite da un fulmine che ha un 10% di probabilità di infliggere Stordimento.,Unidades que entram em contato com você são atingidas por um raio que possui 10% de chance de atordoar.,,,接触または​攻撃してきた​ユニットが​10%の​確率で​スタンする​稲妻に​打たれる。[b][/b],
ARMOR_ASTEROID_NAME,Asteroid,,Asteroide,Astéroïde,Asteroid,Asteroide,Asteróide,,,小惑星,
ARMOR_ASTEROID_DESC,20% chance to call down a Meteor on a random enemy when you take damage.,,20 % de probabilidad de invocar un meteorito contra un enemigo al azar al sufrir daño.,20&nbsp;% de chances de faire apparaître un météore sur un ennemi aléatoire quand vous subissez des dégâts.,"Wenn du Schaden erleidest, fällt mit 20%iger Wahrscheinlichkeit ein Meteor auf einen zufälligen Gegner.",20% di probabilità di evocare un Meteorite su un nemico casuale quando subisci danno.,20% de chance de invocar um meteoro em um inimigo aleatório ao sofrer dano.,,,ダメージを​受けると​20%の​確率で​ランダムな​敵に​隕石を​落とす。[b][/b],
ARMOR_BLACKCANDLE_NAME,Black Candle,,Vela negra,Bougie noire,Schwarze Kerze,Candela Nera,Vela Preta,,,黒い​蝋燭,
ARMOR_BLACKCANDLE_DESC,"You can remove cursed items equipped on you, except this one.",,"Esta unidad puede quitar objetos malditos que tenga equipados, salvo este.","Vous pouvez retirer les objets maudits que vous avez équipés, excepté celui-ci.",Du kannst verfluchte Gegenstände außer diesem ablegen.,"Puoi rimuovere gli oggetti maledetti che hai equipaggiato, tranne questo.","Você pode remover itens amaldiçoados equipados em você, exceto este.",,,これ以外の​呪われた​アイテムを​外せるようになる。[b][/b],
ARMOR_BLESSEDHALO_NAME,Blessed Halo,,Halo bendito,Auréole bénie,Gesegneter Heiligenschein,Aureola Benedetta,Halo Abençoado,,,祝福の​光輪,
ARMOR_BLESSEDHALO_DESC,50% chance to gain +1 [img:divineshield] when you take damage.,,50 % de probabilidad de obtener +1 [img:divineshield] al sufrir daño.,+50&nbsp;% de chances de gagner [img:divineshield] +1&nbsp;quand vous subissez des dégâts.,"50%ige Wahrscheinlichkeit, +1&nbsp;[img:divineshield] zu erhalten, wenn du Schaden erleidest.",50% di probabilità di ottenere +1 allo [img:divineshield] quando subisci danno.,50% de chance de obter +1 de [img:divineshield] ao sofrer dano.,,,ダメージを​受けると​50%の​確率で​+1[img:divineshield]を​獲得する。,
ARMOR_BORISBRAIN_NAME,Boris' Brain,,Sesos de Boris,Cerveau de Boris,Boris‘ Gehirn,Cervello di Boris,Cérebro de Boris,,,ボリスの​脳,
ARMOR_BORISBRAIN_DESC,"Trample. When you take damage, move 1 tile towards what damaged you.",,"Pisotón. Al sufrir daño, esta unidad se mueve 1 casilla hacia aquello que la ha dañado.","Piétinement. Quand vous subissez des dégâts, vous vous déplacez d'une case vers ce qui vous a infligé ces dégâts.","Trampel. Wenn du Schaden erleidest, bewege dich 1&nbsp;Feld auf die Schadensquelle zu.","Calpestamento. Quando subisci danno, ti muovi di 1 casella verso ciò che ti ha danneggiato.","Atropelamento. Ao sofrer dano, mova-se 1 espaço na direção da fonte do dano.",,,踏みつけ。​ダメージを​受けると、​ダメージ源に​向かって​1タイル移動する。[b][/b],
ARMOR_BRAINCHIP_NAME,Brain Chip,,Chip cerebral,Puce cérébrale,Gehirnchip,Chip Cerebrale,Chip Cerebral,,,脳チップ,
ARMOR_BRAINCHIP_DESC,Become AI controlled.,,Esta unidad pasa a estar bajo control de la IA.,L'IA prend le contrôle.,Du wirst computergesteuert.,Le tue azioni sono controllate dall'IA.,Fique sob controle do computador.,,,AI制御に​なる。,
ARMOR_BROKENMIRROR_NAME,Broken Mirror,,Espejo roto,Miroir brisé,Zerbrochener Spiegel,Specchio Rotto,Espelho Quebrado,,,割れた​鏡,
ARMOR_BROKENMIRROR_DESC,+3 Bleed Thorns. Your basic attack inflicts +1 Bleed and spawns glass.,,+3 de espinas hemorrágicas. El ataque básico inflige +1 de hemorragia y genera cristales.,Épines sanglantes +3. Votre attaque de base inflige Saignement +1&nbsp;et fait apparaître du verre.,+3&nbsp;Blutige Dornen. Dein Grundangriff verursacht +1&nbsp;Blutung und lässt Scherben erscheinen.,+3 Spine Insanguinate. Il tuo attacco base infligge +1 Sanguinamento e genera vetro.,+3 de espinhos de sangramento. Seu ataque básico aplica +1 de sangramento e gera vidro.,,,+3出血棘。​基本攻撃が​+1出血を​与え、​ガラスを​生成する。[b][/b],
ARMOR_BUNGASCROWN_NAME,Bunga's Crown,,Corona de Bunga,Couronne de Bunga,Bungas Krone,Corona di Bunga,Coroa de Bunga,,,ブンガの​王冠,
ARMOR_BUNGASCROWN_DESC,Your weapons always crit.Equip a Bone Club weapon when you kill a unit.,,El arma siempre inflige daño crítico.Se equipa con un garrote de hueso al matar a una unidad.,Les dégâts de vos armes sont toujours critiques.Équipe une batte tibia quand vous tuez une unité.,"Deine Waffen treffen immer kritisch.Rüste eine Knochenkeule aus, wenn du eine Einheit tötest.","Le tue armi mettono sempre a segno un colpo critico.Quando uccidi un'unità, equipaggia un'arma Mazza d'Osso.",Suas armas sempre realizam golpes críticos.Equipe um porrete de osso ao matar uma unidade.,,,武器が​常に​クリティカルに​なる。​ユニットを​倒すと​骨棍棒の​武器を​装備する。[b][/b],
ARMOR_CAMOHAT_NAME,Survivalist Hat,,Sombrero de preparacionista,Chapeau de survivaliste,Überlebenshut,Cappello da Survivalista,Chapéu de Sobrevivente,,,サバイバルハット,
ARMOR_CAMOHAT_DESC,+25% chance to ambush when entering battle.10% chance to gain Stealth 1 at the end of each turn.,,+25 % de probabilidad de atacar por sorpresa al entrar en combate.10 % de probabilidad de obtener 1 de sigilo al final de cada turno.,+25&nbsp;% de chances d'embuscade en début de combat.10&nbsp;% de chances que Furtivité +1&nbsp;vous soit conféré à la fin de chaque tour.,"+25%ige Wahrscheinlichkeit, Gegner zu überraschen, wenn der Kampf beginnt.10%ige Wahrscheinlichkeit, am Ende jedes Zuges Schleichen&nbsp;1 zu erhalten.",+25% di probabilità di tendere un'imboscata quando entri in battaglia.10% di probabilità di ottenere Furtività 1 alla fine di ogni turno.,+25% de chance de emboscar ao entrar na batalha.10% de chance de obter furtividade 1 no final de cada turno.,,,バトル開始時に​奇襲する​確率+25%。​各ターン終了時に​ステルス1を​獲得する​確率10%。[b][/b],
ARMOR_CHILDOFTHEGLOWINGONE_NAME,Child of the Glowing One,,Criatura del ser radiante,Enfant de l'Incandescent,Kind des Leuchtenden,Figlio dello Splendente,Prole do Ser Radiante,,,光る​者の​子,
ARMOR_CHILDOFTHEGLOWINGONE_DESC,Gain +1 [img:divineshield] every time you end your movement.,,Obtiene +1 [img:divineshield] cada vez que termina el movimiento.,[img:divineshield] +1&nbsp;quand vous finissez de vous déplacer.,"Erhalte jedes Mal, wenn du dich bewegt hast, +1&nbsp;[img:divineshield].",Ottieni +1 allo [img:divineshield] ogni volta che termini il tuo movimento.,Obtenha +1 de [img:divineshield] toda vez que finalizar seu movimento.,,,移動を​終了する​たびに​+1[img:divineshield]を​獲得する。,
ARMOR_CHILDSCROWN_NAME,Child's Crown,,Corona de la criatura,Couronne enfantine,Kinderkrone,Corona del Bambino,Coroa Infantil,,,子供の​王冠,
ARMOR_CHILDSCROWN_DESC,Your basic attack becomes holy and can heal allies.,,El ataque básico se convierte en sagrado y puede curar a los aliados.,Votre attaque de base devient de type Saint et soigne les alliés.,Dein Grundangriff wird heilig und kann Verbündete heilen.,Il tuo attacco base diventa sacro e può curare gli alleati.,Seu ataque básico se torna do elemento sagrado e pode curar aliados.,,,基本攻撃が​神聖に​なり、​味方を​回復できる。[b][/b],
ARMOR_CONFUSINGHAT_NAME,Confusing Hat,,Sombrero confundidor,Chapeau déroutant,Verwirrender Hut,Cappello della Confusione,Chapéu Confuso,,,混乱の​帽子,
ARMOR_CONFUSINGHAT_DESC,Apply Confusion 2 to yourself and all enemies at the start of each battle.,,Esta unidad se aplica 2 de confusión a ella misma y a todos los enemigos al inicio de cada combate.,"Vous inflige Confusion +2, ainsi qu'à tous les ennemis, au début de chaque combat.",Verursache am Anfang jedes Kampfes Verwirrung&nbsp;2 bei dir selbst und allen Gegnern.,Applica Confusione 2 a te e a tutti i nemici all'inizio di ogni battaglia.,Aplique confusão 2 a si e em todos os inimigos no início de cada batalha.,,,各バトル開始時に​自分と​全ての​敵に​混乱2を​与える。[b][/b],
ARMOR_CONJOINEDEYE_NAME,Conjoined Eye,,Ojo conjunto,Greffe oculaire,Angewachsenes Auge,Occhio Congiunto,Ciclopia,,,結合した​眼,
ARMOR_CONJOINEDEYE_DESC,+10% Dodge Chance.,,+10 % de probabilidad de esquiva.,Chances d'esquive +10&nbsp;%.,+10&nbsp;% Ausweichchance.,+10% di probabilità di schivata.,+10% de chance de esquiva.,,,+10%回避率。,
ARMOR_COWSKULL_NAME,Cow Skull,,Cráneo de vaca,Crâne bovin,Rinderschädel,Teschio di Mucca,Crânio de Vaca,,,牛の​頭蓋骨,
ARMOR_COWSKULL_DESC,+2 Thorns. Your basic attack is Push Attack.,,+2 de espinas. El ataque básico se convierte en Ataque de empuje.,Épines +2. Votre attaque de base devient Bousculade.,+2&nbsp;Dornen. Dein Grundangriff wird zu Stoßangriff.,+2 Spine. Il tuo attacco base è Attacco a Spinta.,+2 de espinhos. Seu ataque básico é um ataque de empurrão.,,,+2棘。​基本攻撃が​押し攻撃に​なる。[b][/b],
ARMOR_CROWNOFCHAOS_NAME,Crown of Chaos,,Corona del caos,Couronne du chaos,Chaoskrone,Corona del Caos,Coroa do Caos,,,混沌の​王冠,
ARMOR_CROWNOFCHAOS_DESC,+2 level up Rerolls. Abilities from all classes are offered when you level up.,,+2 cambios al azar con subida de nivel. Se ofrecen habilidades de todas las clases al subir de nivel.,+2&nbsp;tirages de nouvelles options par gain de niveau. Les compétences de toutes les classes sont proposées quand vous montez de niveau.,"Du kannst deine Auswahlmöglichkeiten zweimal neu generieren, wenn du ein Level aufsteigst. Dabei erscheinen Fähigkeiten einer beliebigen Klasse.","+2 possibilità di modifica quando sali di livello. Quando sali di livello, possono comparire abilità di tutte le classi.",+2 chances de rolar novamente suas opções ao subir de nível. Habilidades de todas as classes passam a ser oferecidas como opções.,,,+2レベルアップリロール。​レベルアップ時に​全ク​ラスの​アビリティが​提供される。[b][/b],
ARMOR_CROWNOFHORNS_NAME,Crown of Horns,,Corona cornúpeta,Couronne de cornes,Hornkrone,Corona di Corna,Coroa de Chifres,,,角の​王冠,
ARMOR_CROWNOFHORNS_DESC,"+4 Thorns. When you take damage while you have Thorns, lose 1 Thorns, then shoot needles that deal 2 damage in eight directions.",,"+4 de espinas. Al sufrir daño mientras tiene espinas, esta unidad pierde 1 de espinas, luego lanza agujas que infligen 2 de daño en ocho direcciones.","Épines +4. En subissant des dégâts alors que vous souffrez d'Épines, Épines -1, puis vous tirez des aiguilles qui infligent 2&nbsp;dégâts dans huit directions.","+4&nbsp;Dornen. Wenn du Schaden erleidest, während du Dornen hast, verlierst du 1&nbsp;Dornen und verschießt in acht Richtungen Nadeln, die 2&nbsp;Schaden verursachen.","+4 Spine. Quando subisci danno mentre hai Spine, perdi 1 Spine, poi spari degli aghi che infliggono 2 di danno in otto direzioni.","+4 de espinhos. Ao sofrer dano enquanto possui espinhos, perca 1 de espinhos, e então dispare agulhas que causam 2 de dano em oito direções.",,,+4棘。​棘を​持つ状態で​ダメージを​受けると、​棘を​1失い、​その​後8方​向に​2ダメージの​針を​撃つ。[b][/b],
ARMOR_CROWNOFPESTILENCE_NAME,Crown of Pestilence,,Corona de la pestilencia,Couronne pestilentielle,Pestkrone,Corona della Pestilenza,Coroa da Pestilência,,,疫病の​王冠,
ARMOR_CROWNOFPESTILENCE_DESC,Your basic attack becomes Pestilence.,,El ataque básico se convierte en Pestilencia.,Votre attaque de base inflige Pestilence.,Dein Grundangriff wird zu Pestilenz.,Il tuo attacco base diventa Pestilenza.,Seu ataque básico se torna Pestilência.,,,基本攻撃が​疫病に​なる。,
ARMOR_CROWNOFTHORNS_NAME,Crown Of Thorns,,Corona de espinas,Couronne d'épines,Dornenkrone,Corona di Spine,Coroa de Espinhos,,,棘の​王冠,
ARMOR_CROWNOFTHORNS_DESC,+1 Thorns. Gain +1 Thorns whenever you take damage.,,+1 de espinas. Obtiene +1 de espinas al sufrir daño.,Épines +1. Épines +1&nbsp;quand vous subissez des dégâts.,"+1&nbsp;Dornen. Erhalte immer, wenn du Schaden erleidest, +1&nbsp;Dornen.",+1 Spine. Ottieni +1 Spine ogni volta che subisci danno.,+1 de espinhos. Obtenha +1 de espinhos sempre que sofrer dano.,,,+1棘。​ダメージを​受ける​たびに​+1棘を​獲得する。[b][/b],
ARMOR_DEATHSHROUD_NAME,Death Shroud,,Sudario de la muerte,Voile de mort,Todesschleier,Sudario della Morte,Manto da Morte,,,死の​覆い,
ARMOR_DEATHSHROUD_DESC,"When you're downed, permanently gain +1 to a random stat.",,"Cuando esta unidad ha sido abatida, obtiene para siempre +1 en un atributo al azar.",Confère +1&nbsp;à une stat aléatoire de façon permanente quand vous êtes mis K.O.,"Wenn du in Ohnmacht fällst, erhältst du dauerhaft +1 auf ein zufälliges Attribut.","Quando sei KO, ottieni permanentemente +1 a una statistica casuale.","Ao ficar inconsciente, obtenha permanentemente +1 em um atributo aleatório.",,,ダウン時、​ランダムな能力値を​永続的に​+1獲得する。[b][/b],
ARMOR_DUNCECAP_NAME,Dunce Cap,,Capirote,Bonnet d'âne,Deppenkappe,Cappello da Somaro,Chapéu de Burro,,,劣等生の​帽子,
ARMOR_DUNCECAP_DESC,Your spells cost -1 mana.,,Sus hechizos cuestan -1 de maná.,Vos sorts coûtent -1&nbsp;mana.,Deine Zauber kosten -1&nbsp;Mana.,I tuoi incantesimi costano -1 mana.,Seus encantamentos custam -1 de mana.,,,スペルの​コスト-1マナ。,
ARMOR_DUSTDEVILSHORN_NAME,Dust Devil's Horn,,Cuerno del Demonio de Arena,Corne tourbillon,Horn des Staubteufels,Corno del Diavolo della Sabbia,Chifre de Pé-de-Vento,,,ダストデビルの​角,
ARMOR_DUSTDEVILSHORN_DESC,"+1 Thorns. After you use your basic attack, do a dash attack that leaves a tornado behind.",,"+1 de espinas. Tras lanzar el ataque básico, realiza un ataque relámpago que deja un tornado a su paso.","Épines +1. Après avoir utilisé votre attaque de base, vous effectuez une attaque impulsée qui laisse une tornade derrière vous.","+1&nbsp;Dornen. Nach deinem Grundangriff führst du einen Ansturmangriff, der einen Wirbelsturm hinterlässt.","+1 Spine. Dopo aver usato il tuo attacco base, esegui un attacco in scatto che lascia un tornado dietro di te.","+1 de espinhos. Após utilizar seu ataque básico, realize um ataque de impulso que deixa um tornado pelo caminho.",,,+1棘。​基本攻撃使用後、​竜巻を​残すダッシュ攻撃を​行う。[b][/b],
ARMOR_EMOWIG_NAME,Emo Wig,,Peluca de emo,Perruque émo,Emoperücke,Parrucca Emo,Peruca Emo,,,エモカツラ,
ARMOR_EMOWIG_DESC,"Adjacent units get All Stats Down 2.When you take damage, all units within 2 tiles heal 1 HP and gain a temporary +1 Damage.",,"Las unidades adyacentes reciben 2 de reducción total.Cuando esta unidad sufre daño, todas las unidades en un radio de 2 casillas recuperan 1 PS y obtienen +1 de daño temporal.","Les unités adjacentes subissent Baisse de stats +2.Quand vous subissez des dégâts, les unités situées dans un rayon de 2&nbsp;cases récupèrent 1&nbsp;PV et obtiennent Dégâts +1&nbsp;temporairement.","Benachbarte Einheiten erleiden einen Malus von 2 auf alle Attribute.Wenn du Schaden erleidest, heilen sich alle Einheiten innerhalb von 2 Feldern um 1&nbsp;LP und erhalten vorübergehend +1&nbsp;Schaden.","Le unità adiacenti ottengono Diminuzone delle Statistiche 2.Quando subisci danno, tutte le unità entro 2 caselle recuperano 1 PS e ottengono temporaneamente +1 al Danno.","Unidades adjacentes obtêm todos os atributos diminuídos 2.Ao sofrer dano, todas as unidades dentro de 2 espaços de distância curam 1 PV e obtêm +1 de dano temporário.",,,隣接する​ユニットが​全ステータス低下2を​受ける。​ダメージを​受けると、​2タイル以内の​全ユ​ニットが​1 HP回復し一時的に​+1ダメージを​獲得する。[b][/b],
ARMOR_FOCUSBAND_NAME,Focus Band,,Felpa de la concentración,Bandeau de concentration,Fokusband,Fascia della Concentrazione,Tira de Concentração,,,気合の​鉢巻,
ARMOR_FOCUSBAND_DESC,Your crits knock units back 10 tiles with Chain Knockback.,,Los golpes críticos hacen retroceder 10 casillas a las unidades con retroceso encadenado.,Vos coups critiques infligent Recul +10&nbsp;et Recul en chaîne.,Deine kritischen Treffer stoßen Einheiten 10&nbsp;Felder mit Kettenrückstoß zurück.,I tuoi colpi critici respingono le unità di 10 caselle con Contraccolpo a Catena.,Seus golpes críticos empurram unidades 10 espaços para trás com empurrão encadeado.,,,クリティカルが​ユニットを​チェーンノックバックで​10タイルノックバックする。[b][/b],
ARMOR_FRIENDLYAMOEBA_NAME,Friendly Amoeba,,Ameba aliada,Amibe aimable,Amöbenfreund,Ameba Amichevole,Ameba Amiga,,,友好的な​アメーバ,
ARMOR_FRIENDLYAMOEBA_DESC,"Brace 1, +2 Health Regen, Shield 3. Units that contact you get knocked back 1.",,"1 de refuerzo, +2 de regeneración de salud, 3 de escudo. Las unidades que entran en contacto con esta retroceden 1 casilla.","Garde 1, Régénération de PV +2, Défense +3. Les unités qui vous touchent subissent Recul 1.","Wappnen&nbsp;1, +2&nbsp;Lebensregeneration, Schild&nbsp;3. Einheiten, die dich berühren, werden 1&nbsp;Feld zurückgestoßen.","Guardia 1, +2 a Rigenerazione Salute, Scudo 3. Le unità che ti toccano vengono respinte indietro di 1.","Preparação 1, +2 de regeneração de saúde, escudo 3. Unidades que entram em contato com você são empurradas 1 espaço para trás.",,,ガード1、​+2 HP再生、​シールド3。​接触した​ユニットを​1ノックバックする。[b][/b],
ARMOR_FRYINGPAN_NAME,Frying Pan,,Sartén,Poêle à frire,Bratpfanne,Padella,Frigideira,,,フライパン,
ARMOR_FRYINGPAN_DESC,Block and counter Backstabs.,,Bloquea los ataques por la espalda y lanza un contrataque.,Bloque et contre les attaques sournoises.,Blockiere und kontere Angriffe von hinten.,Blocca e contrasta gli Attacchi alle Spalle.,Bloqueie e contra-ataque punhaladas.,,,バック​スタブを​ブロックして​カウンターする。[b][/b],
ARMOR_HALO_NAME,Halo,,Halo,Auréole,Heiligenschein,Aureola,Halo,,,光輪,
ARMOR_HALO_DESC,+33% chance to gain +1 [img:divineshield] when you take damage.,,+33 % de probabilidad de obtener +1 [img:divineshield] al sufrir daño.,+33&nbsp;% de chances de gagner [img:divineshield] +1&nbsp;quand vous subissez des dégâts.,"+33%ige Wahrscheinlichkeit, +1&nbsp;[img:divineshield] zu erhalten, wenn du Schaden erleidest.",+33% di probabilità di ottenere +1 allo [img:divineshield] quando subisci danno.,+33% de chance de obter +1 de [img:divineshield] ao sofrer dano.,,,ダメージを​受けると​33%の​確率で​+1[img:divineshield]を​獲得する。,
ARMOR_HAPPYHELMET_NAME,Happy Helmet,,Casco de la felicidad,Casque joyeux,Fröhlicher Helm,Elmo Felice,Capacete Feliz,,,ハッピーヘルメット,
ARMOR_HAPPYHELMET_DESC,Fragile. Gain Psychosis when this breaks.,,Fragilidad. Obtiene psicosis cuando este objeto se rompe.,"Fragile. Brisé, vous subissez Psychose.","Zerbrechlich. Erleide Psychose, wenn er kaputtgeht.",Fragile. Ottieni Psicosi quando si rompe.,Frágil. Obtenha psicose quando este item se quebrar.,,,壊れやすい。​これが​壊れると​精神病を​獲得する。[b][/b],
ARMOR_HEADCHEESE_NAME,Head Cheese,,Queso cefálico,Couvre-chef fromager,Kopfkäse,Testa a Formaggio,Queijo de Cabeça,,,ヘッドチーズ,
ARMOR_HEADCHEESE_DESC,+2 Health Regen.,,+2 de regeneración de salud.,Régénération de PV +2.,+2&nbsp;Lebensregeneration.,+2 a Rigenerazione Salute.,+2 de regeneração de saúde.,,,+2 HP再生。,
ARMOR_HEADSPRING_NAME,Head Spring,,Muelle cefálico,Ressort crânien,Kopffeder,Testa a Molla,Mola de Cabeça,,,頭バネ,
ARMOR_HEADSPRING_DESC,Units that contact you are knocked back 10 tiles.,,Las unidades que entran en contacto con esta retroceden 10 casillas.,Les unités qui vous touchent subissent Recul +10.,"Einheiten, die dich berühren, werden 10&nbsp;Felder zurückgestoßen.",Le unità che ti toccano vengono respinte indietro di 10 caselle.,Unidades que entram em contato com você são empurradas 10 espaços para trás.,,,接触した​ユニットを​10タイルノックバックする。[b][/b],
ARMOR_HELMET_NAME,Helmet,,Casco,Casque,Helm,Elmo,Capacete,,,ヘルメット,
ARMOR_HELMET_DESC,,,,,,,,,,,
ARMOR_HITLERSTOUPE_NAME,Hitler's Toupe,,Peluquín de Hitler,Toupet d'Hitler,Hitlers Toupet,Parrucchino di Hitler,Peruca de Hitler,,,ヒトラーの​カツラ,
ARMOR_HITLERSTOUPE_DESC,Permanent Madness. Give Madness to a random enemy at the end of your turn.,,Locura permanente. Inflige locura a un enemigo al azar al final del turno.,Folie permanente. Inflige Folie à un ennemi aléatoire à la fin de votre tour.,Dauerhafter Wahnsinn. Verursache am Ende deines Zuges bei einem zufälligen Gegner Wahnsinn.,Follia permanente. Infliggi Follia a un nemico casuale alla fine del tuo turno.,Insanidade permanente. Aplique insanidade em um inimigo aleatório no final do seu turno.,,,永続的な​狂気。​自分の​ターン終了時に​ランダムな​敵に​狂気を​与える。[b][/b],
ARMOR_HORNS_NAME,Horns,,Cuernos,Cornes,Hörner,Corna,Chifres,,,角,
ARMOR_HORNS_DESC,+1 Thorns.,,+1 de espinas.,Épines +1.,+1&nbsp;Dornen.,+1 Spine.,+1 de espinhos.,,,+1棘。,
ARMOR_JESTERCAP_NAME,Jester Cap,,Gorro de bufón,Bonnet de joker,Narrenkappe,Cappello da Giullare,Chapéu de Bobo,,,ジェスターキャップ,
ARMOR_JESTERCAP_DESC,"You can reroll your options twice when you level up.Abilities from all classes are offered after rerolling.",,Se pueden cambiar al azar las opciones dos veces al subir de nivel.Se ofrecen habilidades de todas las clases después de cambiar al azar.,Vous pouvez tirer de nouvelles options 2&nbsp;fois quand vous montez de niveau.Les compétences de toutes les classes sont proposées après un tirage.,"Du kannst deine Auswahlmöglichkeiten zweimal neu generieren, wenn du ein Level aufsteigst.Dabei erscheinen Fähigkeiten einer beliebigen Klasse.","Puoi modificare le scelte due volte quando sali di livello.Dopo la modifica, ti vengono offerte abilità di tutte le classi.",Você pode rolar novamente duas vezes suas opções ao subir de nívelHabilidades de todas as classes são oferecidas ao rolar novamente.,,,レベルアップ時の​選択肢を​2回リロールできる。​リロール後は​全ク​ラスの​アビリティが​提供される。[b][/b],
ARMOR_JEWELOFDROG_NAME,Jewel of Drog,,Joya de Drog,Joyau de Drog,Juwel von Drog,Gioiello di Drog,Jóia de Drog,,,ドログの​宝石,
ARMOR_JEWELOFDROG_DESC,"The first time you reach full mana each battle, gain +1 Magic Damage and reduce the cost of your spells by 1.",,"La primera vez que esta unidad tiene el maná al completo en cada combate, obtiene +1 de daño mágico y el coste de sus hechizos se reduce en 1.",Dégâts magiques +1&nbsp;et coût de vos sorts -1&nbsp;la première fois que vous atteignez le mana max. à chaque combat.,"Du erhältst +1&nbsp;magischen Schaden und verringerst den Kosten deiner Zauber um 1, wenn du zum ersten Mal im Kampf volles Mana erreichst.","La prima volta che raggiungi il massimo del mana in ogni battaglia, ottieni +1 al Danno Magico e riduci il costo dei tuoi incantesimi di 1.","Na primeira vez em que você atinge mana completa em cada batalha, obtenha +1 de dano mágico e o custo de seus encantamentos é reduzido em 1.",,,各バトルで​初めて​マナが​満タンに​なると、​+1魔法ダメージを​獲得しスペルの​コストが​1減少する。[b][/b],
ARMOR_JOHNNYSUNDIES_NAME,Johnny's Undies,,Ropa interior de Johnny,Slip de Johnny,Johnnys Unterwäsche,Mutande di Johnny,Roupa de Baixo de Johnny,,,ジョニーの​パンツ,
ARMOR_JOHNNYSUNDIES_DESC,Spawn a Charmed Cultist at the start of each battle.,,Genera un sectario embrujado al inicio de cada combate.,Invoque un fanatique envoûté au début de chaque combat.,Rufe am Anfang jedes Kampfes einen freundlichen Kultisten.,Generi un Cultista Ammaliato all'inizio di ogni battaglia.,Gere um cultista enfeitiçado no início de cada batalha.,,,各バトル開始時に​魅了された​カルティストを​召喚する。[b][/b],
ARMOR_KINGSCROWN_NAME,King's Crown,,Corona del rey,Couronne du roi,Königskrone,Corona del Re,Coroa Real,,,王の​王冠,
ARMOR_KINGSCROWN_DESC,Become the Alpha at the start of each battle.The Alpha has All Stats Up.Lose Alpha status when you take damage.,,Esta unidad se convierte en alfa al inicio de cada combate.La unidad alfa tiene aumento total.Pierde la condición de alfa al sufrir daño.,Vous devenez l'Alpha au début de chaque combat.L'Alpha bénéficie d'une Hausse de stats.Vous perdez le statut d'Alpha quand vous subissez des dégâts.,"Werde am Anfang jedes Kampfes zum Alpha.Der Alpha hat einen Bonus auf alle Attribute.Verliere den Alphastatus, wenn du Schaden erleidest.",Diventi l'Alfa all'inizio di ogni battaglia.L'Alfa ha Aumento delle Statistiche.Perdi lo stato di Alfa quando subisci danno.,Obtenha o status de alfa no início da batalha.Alfas obtêm todos os atributos aumentados.Perca o status de alfa ao sofrer dano.,,,各バトル開始時に​アルファに​なる。​アルファは​全ステータス上昇を​持つ。​ダメージを​受けると​アルファ状態を​失う。[b][/b],
ARMOR_LEAKYBRAIN_NAME,Leaky Brain,,Sesos chorreantes,Cerveau percé,Auslaufendes Gehirn,Cervello Colante,Cérebro Vazando,,,漏れる​脳,
ARMOR_LEAKYBRAIN_DESC,"When you spend mana, adjacent allies gain that amount of mana.",,"Cuando esta unidad consume maná, los aliados adyacentes obtienen la misma cantidad de maná.","Quand vous dépensez du mana, les alliés adjacents en obtiennent la même quantité.","Wenn du Mana ausgibst, erhalten benachbarte Verbündete Mana in dieser Höhe.","Quando spendi mana, gli alleati adiacenti ottengono la stessa quantità di mana.","Ao gastar mana, aliados adjacentes obtêm uma quantidade equivalente de mana.",,,マナを​使うと、​隣接する​味方が​その量の​マナを​獲得する。[b][/b],
ARMOR_MAGNETO_NAME,Magneto,,Magneto,Magnéto,Magneto,Magneto,Magneto,,,マグネトー,
ARMOR_MAGNETO_DESC,"When you end your movement, pull all adjacent pickups towards you.When you gain coins, gain that much [img:shield].",,"Al terminar el movimiento, esta unidad atrae todos los recogibles adyacentes hacia ella.Al recoger monedas, obtiene la misma cantidad de [img:shield].","À la fin de votre déplacement, vous attirez vers vous tous les objets ramassables adjacents.Vous obtenez autant de [img:shield] que vous récoltez de pièces.","Wenn du dich bewegt hast, werden alle benachbarten Gegenstände an dich herangezogen.Wenn du Münzen einsammelst, erhältst du [img:shield] in dieser Höhe.","Quando termini il movimento, attiri verso di te tutti i raccoglibili adiacenti.Quando guadagni monete, ottieni altrettanto [img:shield].","Ao finalizar seu movimento, puxe todas os coletáveis adjacentes na sua direção.Ao ganhar moedas, obtenha uma quantidade equivalente de [img:shield].",,,移動を​終了すると、​隣接する​全ピックアップを​引き寄せる。​コインを​獲得すると、​その​分[img:shield]を​獲得する。,
ARMOR_MANGYWIG_NAME,Mangy Wig,,Peluca zarrapastrosa,Perruque miteuse,Räudige Perücke,Parrucca Pulciosa,Peruca Sarnenta,,,汚い​カツラ,
ARMOR_MANGYWIG_DESC,Spawn a Spiderling for every 4 [img:lck] you have at the start of each battle.,,Genera una arañita por cada 4 [img:lck] que esta unidad tenga al inicio de cada combate.,Invoque une jeune araignée pour chaque tranche de 4&nbsp;[img:lck] que vous avez au début de chaque combat.,"Rufe pro 4&nbsp;[img:lck], das du am Anfang jedes Kampfes hast, einen Spinnenling.",Generi un Ragnetto per ogni 4 di [img:lck] che hai all'inizio di ogni battaglia.,Gere uma aranhinha para cada 4 de [img:lck] que você possui no início de cada batalha.,,,各バトル開始時に​4[img:lck]ごとに​子蜘蛛を​1体召喚する。,
ARMOR_MEDICHAT_NAME,Medic Hat,,Gorro médico,Coiffe de sage,Notarzthut,Cappello da Medico,Chapéu de Médico,,,衛生兵の​帽子,
ARMOR_MEDICHAT_DESC,-1 Damage. Your basic attack heals allies.,,-1 de daño. El ataque básico cura a los aliados.,Dégâts -1. Votre attaque de base soigne les alliés.,-1&nbsp;Schaden. Dein Grundangriff heilt Verbündete.,-1 al Danno. Il tuo attacco base cura gli alleati.,-1 de dano. Seu ataque básico cura aliados.,,,-1ダメージ。​基本攻撃が​味方を​回復する。[b][/b],
ARMOR_MEDIEVALHELMET_NAME,Medieval Helmet,,Casco medieval,Heaume médiéval,Mittelalterhelm,Elmo Medievale,Capacete Medieval,,,中世の​ヘルメット,
ARMOR_MEDIEVALHELMET_DESC,+2 Brace.,,+2 de refuerzo.,Garde +2.,+2&nbsp;Wappnen.,+2 alla Guardia.,+2 de preparação.,,,+2ガード。,
ARMOR_NIGHTMAREHAT_NAME,Nightmare Hat,,Sombrero de pesadilla,Chapeau cauchemardesque,Alptraumhut,Cappello dell'Incubo,Chapéu de Pesadelo,,,悪夢の​帽子,
ARMOR_NIGHTMAREHAT_DESC,"After you kill 3 units, you can attack an extra time each turn.",,"Tras matar a 3 unidades, esta unidad puede atacar otra vez cada turno.","Après avoir tué 3&nbsp;unités, vous pouvez attaquer une fois de plus chaque tour.","Nachdem du 3&nbsp;Einheiten getötet hast, kannst du ein zusätzliches Mal pro Zug angreifen.","Dopo aver ucciso 3 unità, puoi attaccare una volta in più ogni turno.","Após matar 3 unidades, você pode atacar uma vez adicional em cada turno.",,,3ユニット倒した後、​各ターン追加で​1回攻撃できる。[b][/b],
ARMOR_OAKHELMET_NAME,Oak Helmet,,Casco de roble,Casque en chêne,Eichenhelm,Elmo di Quercia,Capacete de Carvalho,,,オークヘルメット,
ARMOR_OAKHELMET_DESC,Flammable.,,Inflamable.,Inflammable.,Leicht brennbar.,Infiammabile.,Inflamável.,,,可燃性。,
ARMOR_PAPERRAGS_NAME,Paper Rags,,Trozos de papel,Chiffons de papier,Taschentücher,Stracci di Carta,Trapos de Papel,,,紙切れ,
ARMOR_PAPERRAGS_DESC,+20% Dodge Chance.+1 Bleed Thorns.Your basic attack inflicts Bleed.,,+20 % de probabilidad de esquiva.+1 de espinas hemorrágicas.El ataque básico inflige hemorragia.,Chances d'esquive +20&nbsp;%.Épines sanglantes +1.Votre attaque de base inflige Saignement.,+20&nbsp;% Ausweichchance.+1&nbsp;Blutige Dornen.Dein Grundangriff verursacht Blutung.,+20% di probabilità di schivata.+1 Spine Insanguinate.Il tuo attacco base infligge Sanguinamento.,+20% de chance de esquiva.+1 de espinhos de sangramento.Seu ataque básico aplica sangramento.,,,+20%回避率。​+1出血棘。​基本攻撃が​出血を​与える。[b][/b],
ARMOR_POOPHAT_NAME,Crown of Feculence,,Corona de heces,Couronne fétide,Krone der Fäkulenz,Corona di Sedimenti,Coroa da Feculência,,,糞便の​王冠,
ARMOR_POOPHAT_DESC,Poops you spawn are alive!,,¡Las cacas cobran vida!,Les merdes que vous faites apparaître prennent vie&nbsp;!,"Häufchen, die du erscheinen lässt, sind am Leben!",Le feci che generi sono vive!,Cocôs gerados por você estão vivos!,,,生成するうんちが​生きている!,
ARMOR_PROPELLERCAP_NAME,Propeller Cap,,Gorra con hélice,Casquette à hélice,Propellermütze,Cappello a Elica,Chapéu Propulsor,,,プロペラ帽子,
ARMOR_PROPELLERCAP_DESC,Flying.,,Vuela.,Vol.,Du fliegst.,Volo.,Voador.,,,飛行。,
ARMOR_QUEENSCROWN_NAME,Queen's Crown,,Corona de la reina,Couronne de la reine,Königinnenkrone,Corona della Regina,Coroa da Rainha,,,女王の​王冠,
ARMOR_QUEENSCROWN_DESC,Your basic attack has Knockback and Chain Knockback.,,El ataque básico tiene retroceso y retroceso encadenado.,Votre attaque de base inflige Recul et Recul en chaîne.,Dein Grundangriff verursacht Rückstoß und Kettenrückstoß.,Il tuo attacco base ha Contraccolpo e Contraccolpo a Catena.,Seu ataque básico possui empurrão e empurrão encadeado.,,,基本攻撃が​ノックバックと​チェーンノックバックを​持つ。[b][/b],
ARMOR_RAINHAT_NAME,Rain Hat,,Gorro impermeable,Chapeau de pluie,Regenhut,Cappello della Pioggia,Chapéu de Chuva,,,レインハット,
ARMOR_RAINHAT_DESC,You have All Stats Up while wet.,,Esta unidad tiene aumento total cuando está mojada.,"Mouillé, vous confère Hausse de stats.","Während du nass bist, hast du einen Bonus auf alle Attribute.",Hai Aumento delle Statistiche quando ti bagni.,Você possui todos os atributos aumentados ao se molhar.,,,濡れている​間、​全ステータス上昇を​持つ。[b][/b],
ARMOR_RISINGSUNBANDANA_NAME,Nisshōki Bandana,,Pañuelo nisshōki,Bandana Nisshōki,Nisshōki-Stirnband,Bandana Nisshōki,Bandana Nisshōki,,,日章旗バンダナ,
ARMOR_RISINGSUNBANDANA_DESC,"While at 5 or less health, you have +3 Damage and can move an extra time each turn.",,"Con 5 o menos de salud, esta unidad inflige +3 de daño y puede moverse otra vez cada turno.","Quand vous avez 5&nbsp;PV ou moins, vous confère Dégâts +3&nbsp;et vous pouvez vous déplacer une fois de plus chaque tour.","Während du 5 oder weniger LP hast, hast du +3&nbsp;Schaden und kannst dich ein zusätzliches Mal pro Zug bewegen.","Finché hai 5 o meno PS, hai +3 al Danno e puoi muoverti una volta in più ogni turno.","Enquanto estiver com 5 ou menos de saúde, você possui +3 de dano e pode se mover uma vez adicional em cada turno.",,,HP5以下の​時、​+3ダメージを​持ち、​各ターン追加で​1回移動できる。[b][/b],
ARMOR_ROTTENGUTS_NAME,Rotten Guts,,Vísceras putrefactas,Tripes pourries,Verrottete Eingeweide,Viscere Marce,Tripas Podres,,,腐った​内臓,
ARMOR_ROTTENGUTS_DESC,+2 Health Regen. Spawn a Charmed Maggot or Fly when you end your turn.,,+2 de regeneración de salud. Genera una mosca o un gusano embrujados al final del turno.,Régénération de PV +2. Invoque un asticot envoûté ou une mouche à la fin de votre tour.,"+2&nbsp;Lebensregeneration. Rufe eine freundliche Made oder Fliege, wenn du deinen Zug beendest.",+2 a Rigenerazione Salute. Generi una Larva Ammaliata o una Mosca Ammaliata al termine del turno.,+2 de regeneração de saúde. Gere uma mosca ou verme enfeitiçado ao finalizar seu turno.,,,+2 HP再生。​ターン終了時に​魅了された​ウジまたは​ハエを​召喚する。[b][/b],
ARMOR_RUSTINGHELMET_NAME,Rusting Helmet,,Casco oxidado,Casque rouillé,Verrosteter Helm,Elmo Arrugginito,Capacete Enferrujado,,,錆びた​ヘルメット,
ARMOR_RUSTINGHELMET_DESC,Gain +1 [img:shield] at the end of each turn.,,Obtiene +1 [img:shield] al final de cada turno.,[img:shield] +1&nbsp;à la fin de chaque tour.,Erhalte am Ende jedes Zuges +1&nbsp;[img:shield].,Ottieni +1 allo [img:shield] alla fine di ogni turno.,Obtenha +1 de [img:shield] no final de cada turno.,,,各ターン終了時に​+1[img:shield]を​獲得する。,
ARMOR_SABERTOOTHTIGERPELT_NAME,Pale Sabertooth Pelt,,Piel de dientes de sable pálida,Peau de tigre à dents de sabre,Bleiches Säbelzahntigerpelz,Pelle di Tigre dai Denti a Sciabola Pallida,Pele de Tigre Dentes-de-Sabre Branco,,,白い​サーベルタイガーの​毛皮,
ARMOR_SABERTOOTHTIGERPELT_DESC,"When you kill a unit, all nearby cats gain +1 Damage.",,"Al matar a una unidad, todos los gatos cercanos obtienen +1 de daño.","Quand vous tuez une unité, les chats proches bénéficient de Dégâts +1.","Wenn du eine Einheit tötest, erhalten alle Katzen in der Nähe +1&nbsp;Schaden.","Quando uccidi un'unità, tutti i gatti vicini ottengono +1 al Danno.","Ao matar uma unidade, gatos próximos obtêm +1 de dano.",,,ユニットを​倒すと、​近くの​全ての​猫が​+1ダメージを​獲得する。[b][/b],
ARMOR_SKULLCLAMP_NAME,Skull Clamp,,Engrampacráneo,Pince crâne,Schädelstrammer,Morsa Cranica,Grampo Craniano,,,頭蓋骨の​締め具,
ARMOR_SKULLCLAMP_DESC,Brace 2 +25% chance to inflict Stun on units that contact you.,,2 de refuerzo. +25 % de probabilidad de aturdir a las unidades que entren en contacto con esta.,Garde +2.+25&nbsp;% de chances d'infliger Étourdissement aux ennemis qui vous touchent.,"Wappnen&nbsp;2.+25%ige Wahrscheinlichkeit, Betäubung bei Einheiten, die dich berühren, zu verursachen.",Guardia 2.+25% di probabilità di infliggere Stordimento alle unità che ti toccano.,Preparação 2.+25% de chance de aplicar atordoamento em unidades que entram em contato com você.,,,ガード2接触した​ユニットを​25%の​確率で​スタンさせる。[b][/b],
ARMOR_SNAKESKINHAT_NAME,Snakeskin Hat,,Sombrero de piel de serpiente,Chapeau en peau de serpent,Schlangenlederhut,Cappello di Pelle di Serpente,Chapéu de Couro de Cobra,,,蛇皮の​帽子,
ARMOR_SNAKESKINHAT_DESC,Spawn a Charmed Rattlesnek at the start of each battle.,,Genera una cascabela embrujada al inicio de cada combate.,Invoque un serpent à sonnette envoûté au début de chaque combat.,Rufe am Anfang jedes Kampfes eine freundliche Klapperschlange.,Generi un Serpentello a Sonagli Ammaliato all'inizio di ogni battaglia.,Gere uma cascavel enfeitiçada no início de cada batalha.,,,各バトル開始時に​魅了された​ガラガラヘビを​召喚する。[b][/b],
ARMOR_SPAREPARTS_NAME,Spare Parts,,Recambios,Bric-à-brac,Ersatzteile,Pezzi di Ricambio,Peças Sobressalentes,,,スペアパーツ,
ARMOR_SPAREPARTS_DESC,"When you move, spawn a scrap pickup where you moved from.",,"Al moverse, esta unidad genera un recogible de chatarra en la casilla de partida.","Quand vous vous déplacez, un morceau de ferraille apparaît à votre position initiale.","Wenn du dich bewegst, erscheint an deinem ursprünglichen Ort ein Stück Schrott.","Quando ti muovi, generi un raccoglibile Rottame nel punto in cui ti trovavi.","Ao se mover, gere um coletável de sucata no local onde estava.",,,移動すると、​移動元に​スクラップピックアップを​生成する。[b][/b],
ARMOR_SPIDERBABY_NAME,Spider Baby,,Bebé araña,Bébé-araignée,Babyspinne,Ragno Neonato,Bebê Aranha,,,蜘蛛の​赤ちゃん,
ARMOR_SPIDERBABY_DESC,Spawn a Spiderling when you take damage.,,Genera una arañita al sufrir daño.,"Quand vous subissez des dégâts, une jeune araignée est invoquée.","Rufe einen Spinnenling, wenn du Schaden erleidest.",Generi un Ragnetto quando subisci danno.,Gere uma aranhinha ao sofrer dano.,,,ダメージを​受けると​子蜘蛛を​召喚する。[b][/b],
ARMOR_SPLINTEREDCROWN_NAME,Splintered Crown,,Corona astillada,Couronne de fortune,Splitterkrone,Corona Scheggiata,Coroa Estilhaçada,,,砕けた​王冠,
ARMOR_SPLINTEREDCROWN_DESC,Gain +1 Thorns when you take damage.,,Obtiene +1 de espinas al sufrir daño.,Épines +1&nbsp;quand vous subissez des dégâts.,"Erhalte +1&nbsp;Dornen, wenn du Schaden erleidest.",Ottieni +1 Spine quando subisci danno.,Obtenha +1 de espinhos ao sofrer dano.,,,ダメージを​受けると​+1棘を​獲得する。[b][/b],
ARMOR_STEVENHAT1_NAME,Steven,,Steven,Steven,Steven,Steven,Steven,,,スティーブン,
ARMOR_STEVENHAT1_DESC,"Your explosions are much, much bigger!You have explosion immunity.",,¡Las explosiones son muchísimo más potentes!Esta unidad es inmune a las explosiones.,"Vos explosions sont bien, bien plus grosses&nbsp;!Vous confère Immunité aux explosions.","Deine Explosionen sind viel, viel größer!Du bist immun gegen Explosionen.","Le tue esplosioni sono molto, molto più grandi!Hai l'immunità alle esplosioni.","Suas explosões são muito, muito maiores!Você possui imunidade contra explosões.",,,爆発が​とても、​とても​大きくなる!爆​発耐性を​持つ。[b][/b],
ARMOR_STEVENHAT2_NAME,Steven,,Steven,Steven,Steven,Steven,Steven,,,スティーブン,
ARMOR_STEVENHAT2_DESC,"Each time you cast a spell, gain +1 range and +1 reach until the end of the turn.",,"Cada vez que lanza un hechizo, esta unidad obtiene +1 de alcance y +1 de extensión hasta el final del turno.","Quand vous lancez un sort, vous confère Portée +1&nbsp;et Allonge +1&nbsp;jusqu'à la fin du tour.","Jedes Mal, wenn du einen Zauber wirkst, erhältst du +1&nbsp;Reichweite bis zum Ende des Zuges.","Ogni volta che lanci un incantesimo, ottieni +1 al raggio d'azione e +1 alla portata fino alla fine del turno.","A cada vez que você lança um encantamento, obtenha +1 de alcance e +1 de envergadura até o final do turno.",,,スペルを​唱える​たびに、​ターン終了まで​+1射程と​+1リーチを​獲得する。[b][/b],
ARMOR_STEVENSHAT_NAME,Steven's Hat,,Sombrero de Steven,Chapeau de Steven,Stevens Hut,Cappello di Steven,Chapéu de Steven,,,スティーブンの​帽子,
ARMOR_STEVENSHAT_DESC,Your spells cost 0. You can only cast each of your spells once per turn.,,Sus hechizos cuestan 0. Solo puede lanzar cada hechizo una vez por turno.,Vos sorts coûtent 0&nbsp;mana. Vous ne pouvez lancer qu'un sort de chaque type par tour.,Deine Zauber kosten 0&nbsp;Mana. Du kannst nur einen Zauber pro Zug wirken.,I tuoi incantesimi costano 0. Puoi lanciare ciascuno dei tuoi incantesimi solo una volta per turno.,Seus encantamentos custam 0. Só é possível lançar cada um de seus encantamentos uma vez por turno.,,,スペルの​コストが​0に​なる。​各スペルは​1ターンに​1回しか​唱えられない。[b][/b],
ARMOR_STEVENSHELMET_NAME,Steven's Helmet,,Casco de Steven,Casque de Steven,Stevens Helm,Elmo di Steven,Capacete de Steven,,,スティーブンの​ヘルメット,
ARMOR_STEVENSHELMET_DESC,"When you are downed, give another allied cat 2 random disorders, or to yourself if you're alone.",,"Cuando esta unidad cae abatida, le inflige a otro gato aliado 2 trastornos al azar, o se los autoinflige si está sola.","Quand vous êtes mis K.O., donne 2&nbsp;troubles aléatoires à une unité alliée, ou à vous-même si vous êtes seul.","Wenn du in Ohnmacht fällst, verursachst du 2 zufällige Störungen bei einer anderen Katze, oder bei dir selbst, wenn du allein bist.","Quando sei KO, infliggi 2 disturbi casuali a un altro gatto alleato, o a te se non c'è nessuno in tua compagnia.","Ao ficar inconsciente, dê a outro gato aliado 2 transtornos aleatórios, ou para si se estiver só.",,,ダウン時、​別の​味方の​猫に​ランダムな​障害を​2つ​与える。​単独の​場合は​自分に​与える。[b][/b],
ARMOR_STONEHELMET_NAME,Stone Helmet,,Casco pétreo,Casque de pierre,Steinhelm,Elmo di Pietra,Capacete de Pedra,,,石の​ヘルメット,
ARMOR_STONEHELMET_DESC,+1 Brace.,,+1 de refuerzo.,Garde +1.,+1&nbsp;Wappnen.,+1 alla Guardia.,+1 de preparação.,,,+1ガード。,
ARMOR_THERELIC_NAME,The Relic,,Reliquia,La Relique,Das Relikt,La Reliquia,A Relíquia,,,聖遺物,
ARMOR_THERELIC_DESC,"When you lose [img:divineshield], emit a Sparkle for every point of damage blocked.",,"Al perder [img:divineshield], esta unidad emite un destello por cada punto de daño bloqueado.","Quand vous perdez [img:divineshield], vous émettez une étincelle pour chaque dégât bloqué.","Wenn du [img:divineshield] verlierst, versprühst du einen Funken pro Schadenspunkt, den du blockiert hast.","Quando perdi [img:divineshield], emetti una Scintilla per ogni punto danno bloccato.","Ao perder [img:divineshield], emita uma fagulha para cada ponto de dano bloqueado.",,,[img:divineshield]を​失うと、​ブロックした​ダメージ1ポイントに​つき火花を​1つ​放つ。,
ARMOR_THROBBINGCROWN_NAME,Throbbing Crown,,Corona palpitante,Couronne lancinante,Pulsierende Krone,Corona Pulsante,Coroa Pulsante,,,脈動する​王冠,
ARMOR_THROBBINGCROWN_DESC,Tentacles attack all adjacent tiles at the end of your turn.,,Los tentáculos atacan todas las casillas adyacentes al final del turno.,Des tentacules attaquent les cases adjacentes à la fin de votre tour.,Tentakel greifen am Ende deines Zuges alle benachbarten Felder an.,"Alla fine del tuo turno, i tentacoli attaccano tutte le caselle adiacenti.",Tentáculos atacam todos os espaços adjacentes no final do seu turno.,,,自分の​ターン終了時に​触手が​隣接する​全タイルを​攻撃する。[b][/b],
ARMOR_TIEDYEBANDANA_NAME,Tie Dye Bandana,,Pañuelo teñido,Bandana hippie,Selbstgefärbtes Bandana,Bandana Tie Dye,Bandana Tie Dye,,,タイダイバンダナ,
ARMOR_TIEDYEBANDANA_DESC,Spawn a Catnip pickup when you take damage.,,Genera un recogible de hierba gatera al sufrir daño.,"Quand vous subissez des dégâts, de l'herbe à chat apparaît.","Lasse Katzenminze erscheinen, wenn du Schaden erleidest.",Generi un raccoglibile Erba Gatta quando subisci danno.,Gere um coletável de erva-de-gato ao sofrer dano.,,,ダメージを​受けると​マタタビの​ピックアップを​生成する。[b][/b],
ARMOR_TINASBELLYBUTTON_NAME,Tina's Belly Button,,Ombligo de Tina,Nombril de Tina,Tinas Bauchnabel,Ombelico di Tina,Umbigo de Tina,,,ティナの​へ​そ,
ARMOR_TINASBELLYBUTTON_DESC,"When you get a kill, gain +1 Health Regen.",,"Al matar a una unidad, obtiene +1 de regeneración de salud.",Régénération de PV +1&nbsp;quand vous tuez un ennemi.,"Erhalte +1&nbsp;Lebensregeneration, wenn du etwas tötest.","Quando uccidi qualcuno, ottieni +1 a Rigenerazione Salute.","Ao realizar uma baixa, obtenha +1 de regeneração de saúde.",,,キルを​取ると​+1 HP再生を​獲得する。[b][/b],
ARMOR_TINKSBOW_NAME,Fancy Bow,,Lacito coqueto,Ruban élégant,Schicke Schleife,Fiocco Elegante,Arco Refinado,,,おしゃれな​リボン,
ARMOR_TINKSBOW_DESC,It's fancy.,,Es coqueto.,Élégantissime.,Ganz schön schick.,È elegante.,Quanto requinte.,,,おしゃれ。,
ARMOR_TOPHAT_NAME,Top Hat,,Chistera,Haut-de-forme,Zylinder,Cappello a Cilindro,Cartola,,,シルクハット,
ARMOR_TOPHAT_DESC,Start with a bomb if you have no weapon equipped.Your explosions have +1 area.,,Esta unidad empieza con una bomba si no va equipada con ningún arma.Las explosiones tienen +1 de área.,Vous débutez avec une bombe si vous n'avez rien d'équipé.Vos explosions bénéficient de Rayon +1.,"Beginne jeden Kampf mit einer Bombe, wenn du keine Waffe ausgerüstet hast.Deine Explosionen haben +1&nbsp;Fläche.",Inizi con una bomba se non hai un'arma equipaggiata.Le tue esplosioni hanno +1 di area.,Inicie com uma bomba se você não possui nenhuma arma equipada.Suas explosões possuem +1 de área.,,,武器を​装備していない​場合、​爆弾と​共に​開始する。​爆発の​範囲+1。[b][/b],
ARMOR_TOXICCANISTER_NAME,Toxic Canister,,Envase tóxico,Récipient toxique,Giftkanister,Contenitore Tossico,Recipiente Tóxico,,,毒物キャニスター,
ARMOR_TOXICCANISTER_DESC,Inflict Poison 1 on all units at the start of the battle.Your basic attack inflicts Poison 1.Inflict Poison 1 on units that contact you.,,Inflige 1 de veneno a todas las unidades al inicio del combate.El ataque básico inflige 1 de veneno.Inflige 1 de veneno a todas las unidades que entren en contacto.,Inflige Poison +1&nbsp;à toutes les unités au début du combat.Votre attaque de base inflige Poison +1.Inflige Poison +1&nbsp;aux unités qui vous touchent.,"Verursache am Anfang des Kampfes bei allen Einheiten Gift&nbsp;1.Dein Grundangriff verursacht Gift&nbsp;1.Verursache Gift&nbsp;1 bei Einheiten, die dich berühren.",Infliggi Veleno 1 a tutte le unità all'inizio della battaglia.Il tuo attacco base infligge Veleno 1.Infliggi Veleno 1 alle unità che ti toccano.,Aplique veneno 1 em todas as unidades no início da batalha.Seu ataque básico aplica veneno 1.Aplique veneno 1 em unidades que entram em contato com você.,,,バトル開始時に​全ユニットに​毒1を​与える。​基本攻撃が​毒1を​与える。​接触した​ユニットに​毒1を​与える。[b][/b],
ARMOR_TRAININGBAND_NAME,Training Band,,Felpa de entrenamiento,Bandeau d'entraînement,Fitnessband,Fascia da Allenamento,Tira de Treinamento,,,トレーニングバンド,
ARMOR_TRAININGBAND_DESC,+20% Crit Chance.,,+20 % de probabilidad de crítico.,Chances de coup critique +20&nbsp;%.,+20&nbsp;% kritische Trefferchance.,+20% probabilità di colpo critico.,+20% de chance de crítico.,,,+20%クリティカル率。,
ARMOR_TRASHCAN_NAME,TrashCan,,Cubo de basura,Poubelle,Mülleimer,Pattumiera,Lixeira,,,ゴミ箱,
ARMOR_TRASHCAN_DESC,Brace 4. Blind.,,4 de refuerzo. Ceguera.,Garde +4. Cécité.,Wappnen&nbsp;4. Blindheit.,Guardia 4. Accecamento.,Preparação 4. Cegueira.,,,ガード4。​盲目。,
ARMOR_WIG_NAME,Wig,,Peluca,Perruque,Perücke,Parrucca,Peruca,,,カツラ,
ARMOR_WIG_DESC,,,,,,,,,,,
,,,,,,,,,,,
//neck armor,,,,,,,,,,,
ARMOR_ANGELICPROTECTION_NAME,Angelic Protection,,Protección angelical,Protection angélique,Himmlischer Schutz,Protezione Angelica,Proteção Angelical,,,天使の​加護,
ARMOR_ANGELICPROTECTION_DESC,33% chance to teleport to a random tile when targeted by an enemy.,,33 % de probabilidad de teletransportarse a una casilla al azar cuando un enemigo apunta a esta unidad.,"Ciblé par un ennemi, 33&nbsp;% de chances d'être téléporté vers une case aléatoire.","33%ige Wahrscheinlichkeit, sich auf ein zufälliges Feld zu teleportieren, wenn ein Gegner dich anvisiert.",33% di probabilità di teletrasportarti in una casella casuale quando ti prende di mira un nemico.,33% de se teletransportar para um espaço aleatório ao entrar na mira de um inimigo.,,,敵に​狙われると​33%の​確率で​ランダムな​タイルに​テレポートする。[b][/b],
ARMOR_BACKPACK_NAME,Backpack,,Mochila,Sac à dos,Rucksack,Zaino,Mochila,,,バックパック,
ARMOR_BACKPACK_DESC,"50% chance to find an extra consumable item at the end of each battle.When you use up a consumable or trinket, equip a new consumable from your inventory if you have any.",,"50 % de probabilidad de encontrar un consumible extra al final de cada combate.Al gastar un consumible o baratija, se equipa con otro consumible del inventario, si lo hubiera.","50&nbsp;% de chances d'obtenir un objet consommable à la fin de chaque combat.Quand vous utilisez un consommable ou une babiole, un nouveau consommable de votre inventaire s'équipe si vous en possédez.","50%ige Wahrscheinlichkeit, am Ende jedes Kampfes einen zusätzlichen benutzbaren Gegenstand zu finden.Wenn du einen Gegenstand oder Zubehör benutzt, rüstest du automatisch einen neuen aus deinem Inventar aus.","50% di probabilità di trovare un oggetto consumabile aggiuntivo alla fine di ogni battaglia.Quando usi un consumabile o un ciondolo, equipaggi un nuovo consumabile dal tuo inventario, se ne hai a disposizione.","50% de chance de encontrar um item consumível adicional no final de cada batalha.Ao esgotar um consumível ou acessório, equipe um novo consumível do seu inventário, se possuir algum.",,,各バトル終了時に​50%の​確率で​追加の​消耗アイテムを​発見する。​消耗品または​アクセサリーを​使い切ると、​所持している​場合インベントリから​新しい​消耗品を​装備する。[b][/b],
ARMOR_BLING_NAME,Bling,,Blimblín,Bling-bling,Glanzschmuck,Gioiello,Bijuteria,,,ブリンブリン,
ARMOR_BLING_DESC,,,,,,,,,,,
ARMOR_BLUBBER_NAME,Blubber,,Grasa de ballena,Graisse,Blubber,Ciccia,Gordura,,,脂肪,
ARMOR_BLUBBER_DESC,,,,,,,,,,,
ARMOR_BOXINGCHARM_NAME,Boxing Charm,,Amuleto de boxeo,Porte-bonheur de combat,Boxhandschuhe,Amuleto da Boxe,Amuleto de Boxeador,,,ボクシングチャーム,
ARMOR_BOXINGCHARM_DESC,Start with +1 bonus attack.,,Empieza con +1 de bonificación de ataque.,Vous débutez avec Attaque bonus +1.,Beginne jeden Kampf mit +1&nbsp;Bonusangriff.,Inizi con +1 attacco bonus.,Inicie com +1 ataque bônus.,,,+1ボーナス攻撃で​開始する。,
ARMOR_BRAMBLES_NAME,Brambles,,Zarzas,Ronces,Dornengestrüpp,Rovi,Espinheiros,,,イバラ,
ARMOR_BRAMBLES_DESC,+1 Thorns. Spawn brambles in adjacent tiles when you end your turn.You are immune to tile effects.,,+1 de espinas. Genera zarzas en casillas adyacentes al final del turno.Esta unidad es inmune a los efectos de las casillas.,Épines +1. Fait apparaître des ronces sur des cases adjacentes à la fin de votre tour.Immunité aux effets de case.,"+1&nbsp;Dornen. Erschaffe Dornengestrüpp auf benachbarten Feldern, wenn du deinen Zug beendest.Du bist immun gegen Feldeffekte.",+1 Spine. Generi rovi nelle caselle adiacenti quando termini il turno.Sei immune agli effetti delle caselle.,+1 de espinhos. Gere espinheiros em espaços adjacentes ao finalizar seu turno.Você possui imunidade contra efeitos de espaço.,,,+1棘。​ターン終了時に​隣接する​タイルに​イバラを​生やす。​タイル効果を​受けない。[b][/b],
ARMOR_BROKENWINDOW_NAME,Broken Window,,Ventana rota,Fenêtre cassée,Zerbrochenes Fenster,Finestra Rotta,Janela Quebrada,,,割れた​窓,
ARMOR_BROKENWINDOW_DESC,+3 Bleed Thorns. Bleed 1.,,+3 de espinas hemorrágicas. 1 de hemorragia.,Épines sanglantes +3. Saignement +1.,+3&nbsp;Blutige Dornen. Blutung&nbsp;1.,+3 Spine Insanguinate. Sanguinamento 1.,+3 de espinhos de sangramento. Sangramento 1.,,,+3出血棘。​出血1。,
ARMOR_BULLETPROOFVEST_NAME,Bulletproof Vest,,Chaleco antibalas,Gillet pare-balles,Schusssichere Weste,Giubbotto Antiproiettile,Colete à Prova de Balas,,,防弾ベスト,
ARMOR_BULLETPROOFVEST_DESC,Injury immunity.,,Otorga inmunidad a las lesiones.,Immunité aux blessures.,Immun gegen Verletzungen.,Immunità alle ferite.,Imunidade contra ferimentos.,,,負​傷耐性。,
ARMOR_CHEFSAPRON_NAME,Chef's Apron,,Delantal del chef,Tablier de chef,Schürze,Grembiule da Chef,Avental de Chef,,,シェフの​エプロン,
ARMOR_CHEFSAPRON_DESC,"At the end of each turn, gain +1 [img:con] and spawn a random food pickup within 2 tiles.",,"Al final de cada turno, obtiene +1 [img:con] y genera un recogible de comida al azar en un radio de 2 casillas.","À la fin de chaque tour, [img:con] +1&nbsp;et de la nourriture aléatoire apparaît dans un rayon de 2&nbsp;cases.",Erhalte am Ende jedes Zuges +1&nbsp;[img:con] und lasse einen zufälligen Essensgegenstand innerhalb von 2&nbsp;Feldern erscheinen.,"Alla fine di ogni turno, ottieni +1 alla [img:con] e generi un raccoglibile Cibo casuale entro 2 caselle.","No final de cada turno, obtenha +1 de [img:con] e gere um coletável de comida aleatório dentro de 2 espaços de distância.",,,各ターン終了時に​+1[img:con]を​獲得し、​2タイル以内に​ランダムな​食べ物の​ピックアップを​生成する。,
ARMOR_CHUBSCOLLAR_NAME,Chub's Collar,,Collar de Chub,Collier de Chub,Chubs Halsband,Collare di Chub,Coleira de Chub,,,チャブの​首輪,
ARMOR_CHUBSCOLLAR_DESC,Your basic attack is Spin Attack.,,El ataque básico se convierte en un ataque giratorio.,Votre attaque de base devient Attaque tournoyante.,Dein Grundangriff wird zu Wirbelangriff.,Il tuo attacco base è Attacco Rotante.,Seu ataque básico é um ataque giratório.,,,基本攻撃が​回転攻撃に​なる。,
ARMOR_CINDERBLOCK_NAME,Cinder Block,,Bloque de hormigón,Parpaing,Betonblock,Blocco di Cemento,Bloco de Concreto,,,シンダーブロック,
ARMOR_CINDERBLOCK_DESC,,,,,,,,,,,
ARMOR_COFFINARMOR_NAME,Coffin Armor,,Armadura ataúd,Cercueil protecteur,Sargrüstung,Bara-Armatura,Armadura de Caixão,,,棺アーマー,
ARMOR_COFFINARMOR_DESC,+1 Thorns.,,+1 de espinas.,Épines +1.,+1&nbsp;Dornen.,+1 Spine.,+1 de espinhos.,,,+1 棘。,
ARMOR_COLOSTOMYBAG_NAME,Colostomy Bag,,Bolsa de colostomía,Poche de colostomie,Kolostomiebeutel,Sacca per Colostomia,Bolsa de Colostomia,,,人工肛門バッグ,
ARMOR_COLOSTOMYBAG_DESC,"Spawn Charmed Dips randomly when you move over tiles.While downed, spawn a Charmed Dip at the end of each round.",,"Genera catalinos embrujados al azar al moverse de una casilla a otra.Mientras esta unidad está abatida, genera un catalino embrujado al final de cada ronda.","Invoque aléatoirement des cacas envoûtés quand vous vous déplacez sur des cases.Si vous êtes K.O., un caca envoûté est invoqué à la fin de chaque manche.","Rufe zufällige freundliche Köttel, wenn du dich über Felder bewegst.Rufe während du ohnmächtig bist am Ende jeder Runde einen freundlichen Köttel.","Generi Cacchette Ammaliate in modo casuale quando ti muovi sulle caselle.Mentre sei KO, generi una Cacchetta Ammaliata alla fine di ogni round.","Gere caquinhas enfeitiçadas aleatoriamente ao se mover por espaços.Ao ficar inconsciente, gere uma caquinha enfeitiçada no final de cada rodada.",,,タイルを​移動する​際に​ランダムで​魅了された​ディップを​出現させる。​ダウン中は、​各ラウンド終了時に​魅了された​ディップを​出現させる。[b][/b],
ARMOR_CRUCIFIX_NAME,Crucifix,,Crucifijo,Crucifix,Kruzifix,Crocifissione,Crucifixo,,,十字架,
ARMOR_CRUCIFIX_DESC,,,,,,,,,,,
ARMOR_CRUSTYSOCK_NAME,Crusty Sock,,Calcetín tieso,Chaussette miteuse,Klebrige Socke,Calzino Incrostato,Meia Endurecida,,,汚れた​靴下,
ARMOR_CRUSTYSOCK_DESC,Spawn a Gamete familiar at the start of each battle.,,Genera un familiar gameto al inicio de cada combate.,Invoque un gamète de compagnie au début que chaque combat.,Rufe am Anfang jedes Kampfes einen freundlichen Gameten.,Generi un famiglio Gamete all'inizio di ogni battaglia.,Gere um familiar gameta no início de cada batalha.,,,各バトル開始時に​ガメート(配偶子)使い魔を​出現させる。[b][/b],
ARMOR_DARKFRIEND_NAME,Dark Friend,,Amigo oscuro,Ami sombre,Dunkler Freund,Amico Oscuro,Amigo Sombrio,,,闇の​友,
ARMOR_DARKFRIEND_DESC,"At the start of your turn, spawn a Shadow copy that mimics your basic attack and fades at the end of the turn.Units that contact or attack you have a 15% chance to be Feared.",,"Al inicio del turno, genera una sombra que copia el ataque básico y que desaparece al final del turno.Las unidades que entren en contacto con esta o que la ataquen tienen un 15 % de probabilidad de sufrir miedo.","Au début de votre tour, invoque un double spectral qui copie votre attaque de base avant de disparaître en fin de tour.Les unités qui vous touchent ou vous attaquent ont +15&nbsp;% de chances de subir Peur.","Rufe am Anfang deines Zuges einen Schattenklon, der deinen Grundangriff nachahmt und am Ende des Zuges verschwindet.Einheiten, die dich berühren oder angreifen erleiden mit 15%iger Wahrscheinlichkeit Angst.","All'inizio del tuo turno, generi una copia ombra che imita il tuo attacco base e svanisce alla fine del turno.Le unità che ti toccano o ti attaccano hanno unl 15% di probabilità di generare Paura.","No início do seu turno, gere uma cópia sombria que copia seu ataque básico e desaparece no final do turno.Unidades que atacam ou entram em contato com você possuem 15% de chance de aplicar medo.",,,ターン開始時に、​基本攻撃を​模倣しターン終了時に​消える​シャドウコピーを​出現させる。​あなたに​接触または​攻撃した​ユニットは​15%の​確率で​恐怖状態に​なる。[b][/b],
ARMOR_DIRTYBIONICARMOR_NAME,Dirty Bionic Armor,,Armadura biónica sucia,Armure bionique sale,Dreckige Bionikrüstung,Armatura Bionica Sporca,Armadura Biônica Suja,,,汚れた​バイオニックアーマー,
ARMOR_DIRTYBIONICARMOR_DESC,"+2 Mana Regen, +2 Health Regen.",,"+2 de regeneración de maná, +2 de regeneración de salud.","Régénération de mana +2, Régénération de PV +2.","+2 Mana Regen, +2 Lebensregeneration.","+2 a Rigenerazione Mana, +2 a Rigenerazione Salute.",+2 de regeneração de mana. +2 de regeneração de saúde.,,,+2 マナ回復、​+2 HP再生。[b][/b],
ARMOR_DNAMULTIPLIER_NAME,DNA Multiplier,,Multiplicador de ADN,Multiplicateur d'ADN,DNA-Multiplikator,Moltiplicatore di DNA,Multiplicador de DNA,,,DNAマルチプライヤー,
ARMOR_DNAMULTIPLIER_DESC,Double all status effects that get applied to you.,,Duplica todos los efectos de estado que se aplican a esta unidad.,Double tous les effets qui vous sont appliqués.,"Verdopple alle Statuseffekte, die du erleidest.",Raddoppi tutti gli effetti di stato che ti vengono applicati.,Dobra todos os efeitos de estado que são aplicados a você.,,,自分に​適用される​すべての​ステータス効果を​2倍に​する。[b][/b],
ARMOR_EMPTYGENERATOR_NAME,Empty Generator,,Generador vacío,Générateur vide,Leerer Generator,Generatore Vuoto,Gerador Vazio,,,空の​ジェネレーター,
ARMOR_EMPTYGENERATOR_DESC,"When you spend 12 or more mana in a turn, refresh your basic attack.",,"Al consumir 12 de maná o más en un turno, esta unidad restaura el ataque básico.","Quand vous dépensez 12&nbsp;points de mana ou plus en un tour, votre attaque de base est réinitialisée.","Frische deinen Grundangriff auf, wenn du 12 oder mehr Mana in einem Zug verbrauchst.","Quando spendi 12 o più mana in un turno, ricarichi il tuo attacco base.","Ao gastar 12 ou mais de mana em um turno, reinicie seu ataque básico.",,,1ターンに​12以上の​マナを​消費すると、​基本攻撃を​リフレッシュする。[b][/b],
ARMOR_ETHEREALRINGS_NAME,Ethereal Rings,,Anillos etéreos,Anneaux éthérés,Ätherische Ringe,Anelli Eterei,Anéis Etéreos,,,エーテルリング,
ARMOR_ETHEREALRINGS_DESC,Kinetic Spikes 3. Emit 3 Sparkles when you use your basic attack.,,3 de pinchos cinéticos. Emite 3 destellos al lanzar el ataque básico.,Pics cinétiques +3. Émet 3&nbsp;étincelles quand vous utilisez votre attaque de base.,Kinetiknadeln&nbsp;3. Versprühe 3&nbsp;Funken wenn du deinen Grundangriff verwendest.,Spuntoni Cinetici 3. Emetti 3 Scintille quando usi il tuo attacco base.,Espinhos cinéticos 3. Emita 3 fagulhas ao utilizar seu ataque básico.,,,運動棘3。​基本攻撃使用時に​3つの​輝きを​放つ。[b][/b],
ARMOR_EXTRASETOFEYES_NAME,Extra Set of Eyes,,Par de ojos extra,Yeux bonus,Zusätzliches Paar Augen,Due Occhi Aggiuntivi,Par de Olhos Adicionais,,,予備の​目,
ARMOR_EXTRASETOFEYES_DESC,"At the end of each turn, gain +1 Preemptive Counterattack.",,"Al final de cada turno, obtiene +1 de contrataque preventivo.","À la fin de chaque tour, Riposte préventive +1.",Erhalte am Ende jedes Zuges +1&nbsp;präventiver Konter.,"Alla fine di ogni turno, ottieni +1 Contrattacco Preventivo.","No final de cada turno, obtenha +1 contra-ataque preventivo.",,,各ターン終了時に​+1 先制反撃を​得る。[b][/b],
ARMOR_FANNYPACK_NAME,Fanny Pack,,Riñonera,Sac banane,Gürteltasche,Marsupio,Pochete,,,ウエストポーチ,
ARMOR_FANNYPACK_DESC,"Spawn 1-2 extra pickups at the start of each battle.After you collect your 3rd pickup, you can move an extra time each turn.",,"Genera 1-2 recogibles extras al inicio de cada combate.Tras llevarse el tercer recogible, esta unidad puede moverse otra vez cada turno.","Fait apparaître 1&nbsp;à 2&nbsp;ressources bonus au début de chaque combat.Après avoir récolté votre 3e ressource, vous pouvez vous déplacer une fois de plus chaque tour.","Lasse am Anfang jedes Kampfes 1&nbsp;– 2 zusätzliche Gegenstände erscheinen.Du kannst dich ein zusätzliches Mal pro Zug bewegen, nachdem du deinen dritten Gegenstand eingesammelt hast.","Generi 1-2 raccoglibili aggiuntivi all'inizio di ogni battaglia.Dopo aver preso il tuo terzo raccoglibile, puoi muoverti una volta in più per turno.","Gere 1-2 coletáveis adicionais no início de cada batalha.Após coletar seu terceiro coletável, você pode se mover uma vez adicional a cada turno.",,,各バトル開始時に​1-2個の​追加ピックアップを​出現させる。​3個目の​ピックアップを​回収後、​毎ターン追加で​1回移動できる。[b][/b],
ARMOR_FISHNECKLACE_NAME,Fish Necklace,,Gargantilla de pez,Collier poisson,Fischhalsband,Collana di Pesci,Colar de Peixe,,,魚の​ネックレス,
ARMOR_FISHNECKLACE_DESC,Damage you deal inflicts Rot 1.Inflict Poison 1 on units that contact you.Allied flies have +2 Damage.,,El daño inflige 1 de putrefacción.Inflige 1 de veneno a las unidades que entren en contacto con esta.Las moscas aliadas tienen +2 de daño.,Vos dégâts infligent Décomposition +1.Inflige Poison +1&nbsp;aux unités qui vous touchent.Les mouches alliées bénéficient de Dégâts +2.,"Schaden, den du verursachst, verursacht Fäulnis&nbsp;1.Verursache Gift&nbsp;1 bei Einheiten, die dich berühren.Verbündete Fliegen haben +2&nbsp;Schaden.",Il danno che infliggi genera Putrefazione 1.Infliggi Veleno 1 alle unità che ti toccano.Le mosche alleate hanno +2 al Danno.,O dano que você causa aplica apodrecimento 1.Aplique veneno 1 em unidades que entrarem em contato com você.Moscas aliadas possuem +2 de dano.,,,与える​ダメージは​腐敗1を​付与する。​あなたに​接触した​ユニットに​毒1を​付与する。​味方の​ハエは​+2 ダメージ。[b][/b],
ARMOR_FORTUNENECKLACE_NAME,Fortune Necklace,,Gargantilla de la fortuna,Collier de fortune,Glückskette,Collana della Fortuna,Colar da Fortuna,,,幸運の​ネックレス,
ARMOR_FORTUNENECKLACE_DESC,"Spawn 3-6 coins at the start of each battle.Fragile.",,Genera 3-6 monedas al inicio de cada combate.Fragilidad.,Fait apparaître 3&nbsp;à 6&nbsp;pièces au début de chaque combat.Fragile.,Lasse am Anfang jedes Kampfes 3&nbsp;– 6 Münzen erscheinen.Zerbrechlich.,Generi 3-6 monete all'inizio di ogni battaglia.Fragile.,Gere 3-6 moedas no início de cada batalha.Frágil.,,,各バトル開始時に​3-6コインを​出現させる。​脆弱。[b][/b],
ARMOR_FRANKBOLTS_NAME,Frank Bolts,,Tornillos de Frank,Boulons de Frank,Franks Schrauben,Dardi di Frank,Parafusos de Frank,,,フランクボルト,
ARMOR_FRANKBOLTS_DESC,Electric immunity.Electric damage revives you when downed.,,"Inmunidad a la electricidad.Cuando esta unidad cae abatida, el daño eléctrico la resucita.","Immunité à l'électricité.Quand vous êtes K.O., les dégâts électriques vous réaniment.","Immun gegen Elektrizität.Elektrischer Schaden belebt dich wieder, wenn du ohnmächtig bist.",Immunità all'elettricità.Il danno elettrico ti rianima quando sei KO.,"Imunidade contra eletricidade.Enquanto estiver inconsciente, reviva ao sofrer dano elétrico.",,,電撃無効。​電撃ダメージを​受けると​ダウン時に​復活する。[b][/b],
ARMOR_FURYDICE_NAME,Furry Dice,,Dados peludos,Dés en peluche,Pelzige Würfel,Dadi pelosi,Dados Peludos,,,ファーリーダイス,
ARMOR_FURYDICE_DESC,You can reroll your options when you level up.,,Se pueden cambiar al azar las opciones al subir de nivel.,Vous pouvez tirer de nouvelles options quand vous montez de niveau.,"Du kannst deine Auswahlmöglichkeiten neu generieren, wenn du ein Level aufsteigst.",Puoi modificare le tue opzioni quando sali di livello.,Você pode rolar novamente suas opções ao subir de nível.,,,レベルアップ時の​選択肢を​振り直せる。[b][/b],
ARMOR_GLOWINGPELT_NAME,Glowing Pelt,,Pellejo resplandeciente,Pelage scintillant,Leuchtender Pelz,Pelliccia Luminescente,Pele Brilhante,,,輝く​毛皮,
ARMOR_GLOWINGPELT_DESC,"+5 Health Regen.When you're downed, revive at the end of the round.",,"+5 de regeneración de salud.Cuando esta unidad cae abatida, resucita al final de la ronda.",Régénération de PV +5.Vous réanime en fin de manche si vous êtes mis K.O.,"+5&nbsp;Lebensregeneration.Wenn du in Ohnmacht fällst, wirst du am Ende der Runde wiederbelebt.","+5 a Rigenerazione Salute.Quando sei KO, ti rianimi alla fine del round.","+5 de regeneração de saúde.Ao ficar inconsciente, reviva no final da rodada.",,,+5 HP再生。​ダウンすると、​ラウンド終了時に​復活する。[b][/b],
ARMOR_GOBBLER_NAME,Gobbler,,Engullidor,Glouton,Puter,Deglutitore,Peru,,,ゴブラー,
ARMOR_GOBBLER_DESC,Units that contact you are knocked back 2 tiles.,,Las unidades que entren en contacto con esta retroceden 2 casillas.,Les unités qui vous touchent subissent Recul +2.,"Einheiten, die dich berühren, werden 2&nbsp;Felder zurückgestoßen.",Le unità che ti toccano vengono respinte indietro di 2 caselle.,Unidades que entram em contato com você são empurradas 2 espaços para trás.,,,あなたに​接触した​ユニットを​2タイルノックバックする。[b][/b],
ARMOR_HEALINGGAUZE_NAME,Healing Gauze,,Apósito de gasa,Bandage curatif,Heilende Mullbinde,Garza Curativa,Gaze Curativa,,,治癒ガーゼ,
ARMOR_HEALINGGAUZE_DESC,You have +3 Health Regen as long as you have [img:shield].,,Esta unidad obtiene +3 de regeneración de salud siempre que tenga [img:shield].,Régénération de PV +3&nbsp;tant que vous avez de la [img:shield].,"Du hast +3&nbsp;Lebensregeneration, solange du [img:shield] hast.",Hai +3 a Rigenerazione Salute finché hai [img:shield].,Você possui +3 de regeneração de saúde enquanto possuir [img:shield].,,,[img:shield]が​ある​限り+3 HP再生。,
ARMOR_LEATHERJACKET_NAME,Leather Jacket,,Chaqueta de cuero,Veste en cuir,Lederjacke,Giacca di Pelle,Jaqueta de Couro,,,レザージャケット,
ARMOR_LEATHERJACKET_DESC,"If you would take exactly 1 damage, take 0 instead.",,"Si esta unidad fuese a sufrir exactamente 1 de daño, sufriría 0.","Si vous devez subir exactement 1&nbsp;dégât, vous en subissez 0.","Wenn du genau 1&nbsp;Schaden erleiden würdest, erleidest du 0&nbsp;Schaden.","Nei casi in cui dovresti subire esattamente 1 di danno, ne subisci 0.","Se você for sofrer exatamente 1 de dano, sofra 0.",,,ちょうど​1ダメージを​受ける​場合、​代わりに​0ダメージに​する。[b][/b],
ARMOR_LIONMANE_NAME,Lion Mane,,Melena de león,Hydne hérisson,Löwenmähne,Criniera di Leone,Juba de Leão,,,ライオンの​たてが​み,
ARMOR_LIONMANE_DESC,,,,,,,,,,,
ARMOR_LOSTSOUL_NAME,Lost Soul,,Alma perdida,Âme égarée,Verlorene Seele,Anima Perduta,Alma Perdida,,,失われた​魂,
ARMOR_LOSTSOUL_DESC,"The first time you are downed each battle, revive to full HP.",,"La primera vez que esta unidad cae abatida en cada combate, resucita con todos los PS.","La première fois que vous êtes mis K.O. durant chaque combat, vous êtes réanimé avec tous vos PV.","Das erste Mal, dass du in einem Kampf in Ohnmacht fallen würdest, wirst du stattdessen mit vollen LP wiederbelebt.","La prima volta che vai KO in ogni battaglia, ti rianimi fino a raggiungere il massimo dei PS.","Na primeira vez em que você fica inconsciente em cada batalha, reviva com a saúde completa.",,,各バトルで​最初に​ダウンした​時、​最大HPで​復活する。[b][/b],
ARMOR_LUCKYTOE_NAME,Lucky Toe,,Dedo de la suerte,Orteil porte-bonheur,Glückszeh,Dito Fortunato,Dedão da Sorte,,,幸運の​つま先,
ARMOR_LUCKYTOE_DESC,,,,,,,,,,,
ARMOR_LUCKYTWINE_NAME,Lucky Twine,,Cuerda de la suerte,Fil chanceux,Glücksgarn,Spago Fortunato,Barbante da Sorte,,,幸運の​麻紐,
ARMOR_LUCKYTWINE_DESC,75% chance to Grapple units that make contact with you.,,75 % de probabilidad de sujetar a las unidades que entren en contacto.,75&nbsp;% de chances d'agripper les unités au contact.,"75%ige Wahrscheinlichkeit, Einheiten zu packen, die dich berühren.",75% di probabilità di agganciare le unità che entrano in contatto con te.,75% de chance de agarrar unidades que entram em contato com você.,,,あなたに​接触した​ユニットを​75%の​確率で​グラップルする。[b][/b],
ARMOR_MAMALEECH_NAME,Mama Leech,,Mamá sanguijuela,Maman sangsue,Mama Blutegel,Mamma Sanguisuga,Mamãe Sanguessuga,,,ママリーチ,
ARMOR_MAMALEECH_DESC,"After every third spell you cast, spawn a Leech familiar.",,"Tras cada tercer hechizo, esta unidad genera un familiar sanguijuela.","Après avoir lancé votre 3e sort, une sangsue de compagnie est invoqué.","Nach jedem dritten Zauber, den du wirkst, rufst du einen Blutegelbegleiter.","Dopo ogni terzo incantesimo che lanci, generi un famiglio Sanguisuga.","Após cada terceiro encantamento lançado, gere um familiar sanguessuga.",,,3回目の​スペル詠唱ごとに、​リーチ​使い魔を​出現させる。[b][/b],
ARMOR_MARKIV_NAME,Mark IV,,Marca IV,Marque IV,Mark IV,Mark IV,Mark IV,,,マークIV,
ARMOR_MARKIV_DESC,"After every fourth spell you cast, gain +2 [img:int].",,"Tras cada cuarto hechizo, esta unidad obtiene +2 [img:int].",[img:int] +2&nbsp;après chaque 4e sort que vous lancez.,"Nach jedem vierten Zauber, den du wirkst, erhältst du +2&nbsp;[img:int].","Dopo ogni quarto incantesimo lanciato, ottieni +2 all'[img:int].","Após cada quarto encantamento lançado, obtenha +2 de [img:int].",,,4回目の​スペル詠唱ごとに、​+2 [img:int]を​得る。,
ARMOR_MEEKSTONE_NAME,Meek Stone,,Piedra mansa,Pierre résiliente,Stein des Sanftmuts,Pietra Mite,Pedra da Docilidade,,,弱者の​石,
ARMOR_MEEKSTONE_DESC,You have All Stats Up while at 10 or less health.,,Esta unidad obtiene aumento total mientras tenga 10 PS o menos.,"Quand vous avez 10&nbsp;PV ou moins, vous confère Hausse de stats.","Du hast einen Bonus auf alle Attribute, wenn du 10 oder weniger LP hast.",Ottieni Aumento delle Statistiche quando hai 10 o meno punti salute.,Você possui todos os atributos aumentados enquanto estiver com 10 ou menos PV.,,,HP10以下の​時、​全ステータスアップを​得る。[b][/b],
ARMOR_MEGAPOOP_NAME,Mega Poop,,Megacaca,Mégamerde,Megahäufchen,Mega Cacca,Mega Cocô,,,メガうんち,
ARMOR_MEGAPOOP_DESC,Leave poop behind when you move.Spawn 2-3 pickups whenever you destroy a poop.,,Deja un rastro de caca al moverse.Genera 2-3 recogibles siempre que destruye una caca.,Vous laissez de la merde derrière vous en bougeant.2&nbsp;à 3&nbsp;ressources apparaissent quand vous détruisez une merde.,"Du hinterlässt Häufchen, wenn du dich bewegst.Wenn du ein Häufchen zerstörst, erscheinen 2&nbsp;– 3 Gegenstände.",Lasci della cacca dietro di te quando ti muovi.Generi 2-3 raccoglibili ogni volta che distruggi una cacca.,Deixe cocô para trás ao se mover.Gere 2-3 coletáveis sempre que destruir um cocô.,,,移動時に​うんちを​残す。​うんちを​破壊すると​2-3個の​ピックアップを​出現させる。[b][/b],
ARMOR_MORPHINEDRIP_NAME,Morphine Drip,,Chute de morfina,Perfusion de morphine,Morphininfusion,Flebo di Morfina,Conta-Gotas de Morfina,,,モルヒネ点滴,
ARMOR_MORPHINEDRIP_DESC,"Damage you take is reduced by 3.Damage prevented this way is delayed and taken at the end of your turn, all at once. ",,"El daño sufrido se reduce en 3.El daño evitado así se retrasa y se sufre al final del turno, todo de una vez. ","Les dégâts que vous subissez sont réduits de 3.Les dégâts ainsi évités sont différés et subis à la fin de votre tour, en une seule fois. ","Schaden, den du erleidest, ist um 3&nbsp;reduziert.Schaden, der auf diese Art verhindert wird, wird aufsummiert und dir am Ende des Zuges zugefügt. ","Il danno che subisci viene ridotto di 3.Il danno prevenuto in questo modo viene ritardato e subito alla fine del tuo turno, tutto in una volta.",O dano que você sofre é reduzido em 3.O dano que é bloqueado desta forma é atrasado e sofrido no início do seu turno de uma vez só.,,,受ける​ダメージを​3軽減する。​この​方法で​防いだダメージは​遅延され、​ターン終了時に​まとめて​受ける。[b][/b],
ARMOR_MOTHERSTEETH_NAME,Mother's Teeth,,Dientes maternos,Dent de maman,Mutters Zähne,Denti della Madre,Dentes da Mãe,,,母の​歯,
ARMOR_MOTHERSTEETH_DESC,"+6 Bleed Thorns, +6 Thorns, +6 Bleed.",,"+6 de espinas hemorrágicas, +6 de espinas, +6 de hemorragia.","Épines sanglantes +6, Épines +6, Saignement +6.","+6&nbsp;Blutige Dornen, +6&nbsp;Dornen, +6&nbsp;Blutung.","+6 Spine Insanguinate, +6 Spine, +6 Sanguinamento.","+6 de espinhos de sangramento, +6 de espinhos, +6 de sangramento.",,,+6 出血棘、​+6 棘、​+6 出血。[b][/b],
ARMOR_NUBSCOLLAR_NAME,Nubs Collar,,Collar de Nub,Collier de Nub,Nubs Halsband,Collare di Nubs,Coleira de Nubs,,,ナブスの​首輪,
ARMOR_NUBSCOLLAR_DESC,Your movement action is Belly Flop.,,La acción de movimiento se convierte en un panzazo.,Votre action de déplacement devient Saut plat.,Deine Bewegungsaktion wird zu Bauchklatscher.,La tua azione di movimento è Tuffo di Pancia.,Sua ação de movimento é uma barrigada.,,,移動アクションが​ベリーフロップに​なる。[b][/b],
ARMOR_ODDMEDALLION_NAME,Odd Medallion,,Medallón raro,Médaillon étrange,Komisches Medaillon,Strano Medaglione,Medalhão Estranho,,,奇妙な​メダリオン,
ARMOR_ODDMEDALLION_DESC,"Deal 1 electric damage to units that contact or attack you.25% chance to poop every time you take damage.",,Inflige 1 de daño eléctrico a las unidades que entren en contacto con esta o que la ataquen.25 % de probabilidad de plantar una caca cada vez que sufre daño.,Inflige 1&nbsp;dégât électrique aux unités qui vous touchent ou vous attaquent.25&nbsp;% de chances de chier quand vous subissez des dégâts.,"Verursache 1&nbsp;elektrischen Schaden bei Einheiten, die dich berühren oder angreifen.25%ige Wahrscheinlichkeit, ein Häufchen zu legen, wenn du Schaden erleidest.",Infliggi 1 di danno elettrico alle unità che ti toccano o ti attaccano.25% di probabilità di fare la cacca ogni volta che subisci danno.,Cause 1 de dano elétrico a unidades que atacaram ou entrarem em contato com você.25% de chance de fazer cocô ao sofrer dano.,,,あなたに​接触または​攻撃した​ユニットに​1電撃ダメージを​与える。​ダメージを​受ける​たびに​25%の​確率で​うんちを​する。[b][/b],
ARMOR_PACKOFBLADES_NAME,Pack of Blades,,Paquete de cuchillas,Set de lames,Packung mit Klingen,Confezione di Lame,Pacote de Lâminas,,,刃の​束,
ARMOR_PACKOFBLADES_DESC,"Whenever you backstab, gain +1 Serrated Claws.",,"Al lanzar un ataque por la espalda, obtiene +1 de garras serradas.",Griffes acérées +1&nbsp;quand vous effectuez une attaque sournoise.,"Immer, wenn du von hinten angreifst, erhältst du +1&nbsp;gezackte Klauen.","Ogni volta che colpisci alle spalle, ottieni +1 Artigli Seghettati.","Sempre que você realizar uma punhalada, obtenha +1 garras serradas.",,,バック​スタブする​たびに​+1 鋸歯状の​爪を​得る。[b][/b],
ARMOR_PEACESYMBOLFACEPAINT_NAME,Peace Symbol Face Paint,,Pintacaras de la paz,Maquillage hippie,Friedenssymbol-Schminke,Pittura Facciale con Simbolo della Pace,Pintura Facial do Símbolo da Paz,,,ピースシンボルフェイスペイント,
ARMOR_PEACESYMBOLFACEPAINT_DESC,Damage you deal to allies is reduced to 0.,,El daño infligido a los aliados se reduce a 0.,Les dégâts que vous infligez à vos alliés sont réduits à 0.,"Schaden, den du bei Verbündeten verursachst, wird auf 0 reduziert.",Il danno inflitto agli alleati è ridotto a 0.,O dano que você causa a aliados é reduzido a 0.,,,味方に​与える​ダメージを​0に​軽減する。[b][/b],
ARMOR_POLYP_NAME,Glowing Pelt,,Pellejo resplandeciente,Pelage scintillant,Leuchtender Pelz,Pelliccia Luminescente,Pele Brilhante,,,輝く​毛皮,
ARMOR_POLYP_DESC,+1 Health Regen. 25% chance to spawn a Charmed Clot when you take damage.,,+1 de regeneración de salud. 25 % de probabilidad de generar un coágulo embrujado al sufrir daño.,Régénération de PV +1. 25&nbsp;% de chances d'invoquer un caillot envoûté quand vous subissez des dégâts.,"+1&nbsp;Lebensregeneration. 25%ige Wahrscheinlichkeit, ein freundliches Blutgerinnsel zu rufen, wenn du Schaden erleidest.",+1 a Rigenerazione Salute. 25% di probabilità di generare un Grumo Ammaliato quando subisci danno.,"+1 de regeneração de saúde, 25% de chance de gerar um coágulo enfeitiçado ao sofrer dano.",,,+1 HP再生。​ダメージを​受けると​25%の​確率で​魅了された​血栓を​出現させる。[b][/b],
ARMOR_PYROPHINASTOENAIL_NAME,Pryophina's Toenail,,Uña del pie de Pyrophina,Ongle de pied de Pyrophina,Pyrophinas Zehennagel,Unghia del Piede di Pyrophina,Unha do Pé de Pyrophina,,,パイロフィナの​足の​爪,
ARMOR_PYROPHINASTOENAIL_DESC,Fire Immunity.,,Inmunidad al fuego.,Immunité au feu.,Immun gegen Feuer.,Immunità al fuoco.,Imunidade contra fogo.,,,火炎無効。,
ARMOR_QUARTZNECKLACE_NAME,Quartz Necklace,,Gargantilla de cuarzo,Collier de quartz,Quarzkette,Collana di Quarzo,Colar de Quartzo,,,クォーツネックレス,
ARMOR_QUARTZNECKLACE_DESC,+1 Brace.,,+1 de refuerzo.,Garde +1.,+1&nbsp;Wappnen.,+1 alla Guardia.,+1 de preparação,,,+1 防御。,
ARMOR_RADARDISH_NAME,Radar Dish,,Antena parabólica,Antenne parabolique,Radarscheibe,Antenna Radar,Antena de Radar,,,レーダーディッシュ,
ARMOR_RADARDISH_DESC,One random enemy becomes Marked at the start of each turn.,,Un enemigo al azar aparece en el punto de mira al inicio de cada turno.,Un ennemi aléatoire subit Marquage au début de chaque tour.,Ein zufälliger Gegner wird am Anfang jedes Zuges markiert.,All'inizio di ogni turno un nemico casuale subisce Marchio.,Um inimigo aleatório é marcado no início de cada turno.,,,各ターン開始時に​ランダムな​敵1体が​マーク状態に​なる。[b][/b],
ARMOR_RAVENFEATHER_NAME,Raven Feather,,Pluma de cuervo,Plume de corbeau,Rabenfeder,Piuma di Corvo,Pena de Gralha,,,カラスの​羽,
ARMOR_RAVENFEATHER_DESC,Inflict Soul Link on 2 random enemies at the start of each battle.,,Inflige vínculo de alma a 2 enemigos al azar al inicio de cada combate.,Inflige Lien spirituel à 2&nbsp;ennemis aléatoires au début de chaque combat.,Verursache am Anfang jedes Kampfes bei 2 zufälligen Gegnern Seelenverbindung.,All'inizio di ogni battaglia infliggi Collegamento Spirituale a 2 nemici casuali.,Aplique conexão de alma em 2 inimigos aleatórios no início de cada batalha.,,,各バトル開始時に​ランダムな​敵2体に​魂リンクを​付与する。[b][/b],
ARMOR_ROBOARM_NAME,Robo Arm,,Robobrazo,Bras robotique,Roboterarm,Robo-Braccio,Braço Robótico,,,ロボアーム,
ARMOR_ROBOARM_DESC,Start with +1 bonus attack. Collect all adjacent pickups when you end your turn.,,Empieza con +1 de bonificación de ataque. Se lleva todos los recogibles adyacentes al final del turno.,Vous débutez avec Attaque bonus +1. Vous collectez les ressources sur des cases adjacentes à la fin de votre tour.,"Beginne jeden Kampf mit +1&nbsp;Bonusangriff. Sammle alle benachbarten Gegenstände ein, wenn du deinen Zug beendest.",Inizi con +1 attacco bonus. Prendi tutti i raccoglibili adiacenti alla fine del turno.,Inicie com +1 ataque bônus. Pegue todos os coletáveis adjacentes ao finalizar seu turno.,,,+1 ボーナス攻撃で​開始。​ターン終了時に​隣接する​すべての​ピックアップを​回収する。[b][/b],
ARMOR_SCAPULAR_NAME,Scapular,,Escapulario,Scapulaire,Schulter,Scapolare,Escapulário,,,スカプラー,
ARMOR_SCAPULAR_DESC,,,,,,,,,,,
ARMOR_SCARF_NAME,Scarf,,Bufanda,Écharpe,Schal,Sciarpa,Cachecol,,,スカーフ,
ARMOR_SCARF_DESC,Ice immunity.,,Inmunidad al hielo.,Immunité à la glace.,Immun gegen Eis.,Immunità al ghiaccio.,Imunidade contra gelo.,,,氷無効。,
ARMOR_SCRUBS_NAME,Scrubs,,Pijama sanitario,Blouse,OP-Outfit,Camici,Jaleco,,,スクラブ,
ARMOR_SCRUBS_DESC,Heals heal you for 2 extra.,,Las acciones curativas devuelven 2 PS extras.,Les soins vous rendent +2&nbsp;PV.,Heilungen heilen dich um 2 zusätzliche LP.,Le cure rigenerano 2 PS aggiuntivi.,Cure 2 PV adicionais ao se curar.,,,回復効果が​2追加で​回復する。[b][/b],
ARMOR_SHARKTOOTH_NAME,Large Shark Tooth,,Colmillo de tiburón grande,Grosse dent de requin,Großer Haizahn,Dente di Squalo Grande,Dente de Tubarão Grande,,,大きな​サメの​歯,
ARMOR_SHARKTOOTH_DESC,Your basic attack inflicts +1 Bleed. Take an extra turn at the end of the round for each Bleeding enemy. You are uncontrollable during these turns.,,El ataque básico inflige +1 de hemorragia. Juega un turno extra al final de la ronda por cada enemigo con hemorragia. Esta unidad es incontrolable durante esos turnos.,"Votre attaque de base inflige Saignement +1. En fin de manche, vous bénéficiez d'un tour bonus pour chaque ennemi affecté par Saignement. Vous êtes alors incontrôlable.",Dein Grundangriff verursacht +1&nbsp;Blutung. Am Ende der Runde erhältst du pro blutendem Gegner einen zusätzlichen Zug. Während dieser Züge bist du nicht steuerbar.,Il tuo attacco base infligge +1 Sanguinamento. Effettui un turno aggiuntivo alla fine del round per ogni nemico con Sanguinamento. Non sei controllabile durante questi turni.,Seu ataque básico aplica +1 de sangramento. Obtenha um turno adicional no final da rodada para cada inimigo com sangramento. Você se torna incontrolável nesses turnos.,,,基本攻撃が​+1 出血を​付与する。​出血中の​敵1体ごとに​ラウンド終了時に​追加ターンを​得る。​これらの​ターン中は​制御不能。[b][/b],
ARMOR_SMALLRUNE_NAME,Small Rune,,Runa pequeña,Petite rune,Kleine Rune,Runa Piccola,Runa Pequena,,,小さな​ルーン,
ARMOR_SMALLRUNE_DESC,+10% Dodge Chance.,,+10 % de probabilidad de esquiva.,Chances d'esquive +10&nbsp;%.,+10&nbsp;% Ausweichchance.,+10% di probabilità di schivata.,+10% de chance de esquiva.,,,+10% 回避率。,
ARMOR_SPIKEDCOLLAR_NAME,Spiked Collar,,Collar de pinchos,Collier à pics,Dornenhalsband,Collare Chiodato,Coleira de Espinhos,,,棘付き首輪,
ARMOR_SPIKEDCOLLAR_DESC,+2 Thorns.,,+2 de espinas.,Épines +2.,+2&nbsp;Dornen.,+2 Spine.,+2 de espinhos.,,,+2 棘。,
ARMOR_STEVENNECK1_NAME,Steven,,Steven,Steven,Steven,Steven,Steven,,,スティーブン,
ARMOR_STEVENNECK1_DESC,Your Holy Element spells cost -1 mana.,,Los hechizos de elemento sagrado cuestan -1 de maná.,Vos sorts sacrés coûtent -1&nbsp;mana.,Deine heiligen Zauber kosten -1&nbsp;Mana.,I tuoi incantesimi di elemento sacro costano -1 mana.,Seus encantamentos do elemento sagrado custam -1 de mana.,,,神​聖属性の​スペルが​-1 マナコストに​なる。[b][/b],
ARMOR_STEVENNECK2_NAME,Steven,,Steven,Steven,Steven,Steven,Steven,,,スティーブン,
ARMOR_STEVENNECK2_DESC,"While you're downed, receiving any damage revives you.",,"Mientras esta unidad está abatida, el daño la resucita.","Une fois K.O., subir des dégâts vous réanime.","Wenn du ohnmächtig bist, belebt dich Schaden wieder.","Quando sei KO, qualsiasi danno ti rianima.","Ao ficar inconsciente, sofrer qualquer dano revive você.",,,ダウン中、​いかなる​ダメージを​受けても​復活する。[b][/b],
ARMOR_STEVENSFRIEND_NAME,Steven's Friend,,Colega de Steven,Ami de Steven,Stevens Freund,Amico di Steven,Colega de Steven,,,スティーブンの​友,
ARMOR_STEVENSFRIEND_DESC,"Each time you cast a spell, spawn a Shadow copy of yourself that mimics your basic attack and fades at the end of your turn.",,"Cada vez que esta unidad lanza un hechizo, genera una sombra que copia su ataque básico y que desaparece al final del turno.","Quand vous lancez un sort, invoque un double spectral qui copie votre attaque de base avant de disparaître en fin de tour.","Jedes Mal, wenn du einen Zauber wirkst, rufst du einen Schattenklon, der deinen Grundangriff nachahmt und am Ende des Zuges verschwindet.","Ogni volta che lanci un incantesimo, generi una tua copia ombra che imita il tuo attacco base e svanisce alla fine del tuo turno.","A cada vez que lançar um encantamento, gere uma cópia de si que imita seu ataque básico e desaparece no final do seu turno.",,,スペル詠唱ごとに、​基本攻撃を​模倣しターン終了時に​消える​シャドウコピーを​出現させる。[b][/b],
ARMOR_STEVENSGOBBLER_NAME,Steven's Gobbler,,Engullidor de Steven,Glouton de Steven,Stevens Puter,Deglutitore di Steven,Gogó de Steven,,,スティーブンの​ゴブラー,
ARMOR_STEVENSGOBBLER_DESC,Units that contact you get knocked back. Knockback you deal is increased by 10 and inflicts Bruise 1.,,Las unidades que entren en contacto con esta retroceden. El retroceso infligido aumenta en 10 e inflige 1 de moratón.,Les unités qui vous touchent subissent Recul +1. Le Recul que vous infligez est multiplié par 10&nbsp;et inflige Contusion +1.,"Einheiten, die dich berühren, werden zurückgestoßen. Dein Rückstoß ist um 10 erhöht und verursacht Beulen&nbsp;1.",Le unità che entrano in contatto con te vengono respinte. Il Contraccolpo che infliggi aumenta di 10 e infligge Livido 1.,Unidades que entram em contato com você são empurradas para trás. Empurrões causados por você são aumentados em 10 e aplicam contusão 1.,,,あなたに​接触した​ユニットを​ノックバックする。​与える​ノックバックが​10増加し、​打撲1を​付与する。[b][/b],
ARMOR_STOMACH_NAME,Stomach,,Estómago,Estomac,Magen,Stomaco,Estômago,,,胃,
ARMOR_STOMACH_DESC,Consumables you use have double the effect.,,Los consumibles duplican el efecto.,Les effets de vos consommables sont doublés.,"Gegenstände, die du benutzt, haben verdoppelte Effekte.",I consumabili che usi hanno il doppio dell'effetto.,Consumíveis que você usa têm seu efeito dobrado.,,,使用する​消耗品の​効果が​2倍に​なる。[b][/b],
ARMOR_STONEORBIT_NAME,Stone Orbit,,Piedra orbital,Orbite de pierre,Steinorbit,Orbitale di Pietra,Órbita rochosa,,,石の​軌道,
ARMOR_STONEORBIT_DESC,Spawn a small rock when you take damage.,,Genera una roca pequeña al sufrir daño.,"Quand vous subissez des dégâts, un caillou est invoqué.","Lasse einen kleinen Stein erscheinen, wenn du Schaden erleidest.",Quando subisci danno generi una roccia piccola.,Gere uma pedra pequena ao sofrer dano.,,,ダメージを​受けると​小さな​岩を​出現させる。[b][/b],
ARMOR_SURVIVALISTGAITER_NAME,Survivalist's Gaiter,,Polaina de preparacionista,Guêtre de survivaliste,Pfadfindergamaschen,Ghetta del Survivalista,Polaina de Sobrevivente,,,サバイバリストの​ゲートル,
ARMOR_SURVIVALISTGAITER_DESC,+40% Dodge Chance while standing in tall grass.Start each battle with Stealth 1. Lose this stealth when you use your basic attack.,,+40 % de probabilidad de esquiva en la hierba alta.Empieza cada combate con 1 de sigilo. Pierde ese sigilo al lanzar el ataque básico.,"Chances d'esquive +40&nbsp;% dans les hautes herbes.Vous débutez chaque combat avec Furtivité 1, que vous perdez en utilisant votre attaque de base.","+40&nbsp;% Ausweichchance, wenn du in hohem Gras bist.Beginne jeden Kampf mit Schleichen&nbsp;1. Dieser Effekt geht verloren, wenn du deinen Grundangriff verwendest.",+40% di probabilità di schivata mentre ti trovi nell'erba alta.Inizi ogni battaglia con Furtività 1. Perdi questa furtività quando usi il tuo attacco base.,+40% de chance de esquiva enquanto estiver em grama alta.Inicie cada batalha com furtividade 1. Perca essa furtividade ao utilizar seu ataque básico.,,,背の​高い​草の​中では​+40% 回避率。​各バトルを​ステルス1で​開始。​基本攻撃使用時に​この​ステルスを​失う。[b][/b],
ARMOR_TATTEREDSCRAP_NAME,Tattered Scrap,,Chatarra escacharrada,Bout de ferraille,Ramponierter Schrott,Rottame Sbrindellato,Sucata Esfarrapada,,,ボロボロの​スクラップ,
ARMOR_TATTEREDSCRAP_DESC,"When you take damage, spawn a scrap pickup.",,"Al sufrir daño, genera un recogible de chatarra.","Quand vous subissez des dégâts, un morceau de ferraille apparaît.","Lasse Schrott erscheinen, wenn du Schaden erleidest.","Quando subisci danno, generi un raccoglibile Rottame.","Ao sofrer dano, gere um coletável de sucata.",,,ダメージを​受けると、​スクラップピックアップを​出現させる。[b][/b],
ARMOR_THICKHIDE_NAME,Thick Hide,,Pieles gruesas,Peau dure,Dicke Haut,Pelle Spessa,Couro Grosso,,,厚い​皮,
ARMOR_THICKHIDE_DESC,+1 Brace. Immunity to Slow and Freeze.,,+1 de refuerzo. Inmunidad a la ralentización y la congelación.,Garde +1. Immunité à la Lenteur et au Gel.,+1&nbsp;Wappnen. Immun gegen Verlangsamung und Frost.,+1 alla Guardia. Immunità a Rallentamento e Congelamento.,+1 de preparação. Imunidade contra lentidão e congelamento.,,,+1 防御。​鈍足と​凍結へ​の​耐性。[b][/b],
ARMOR_TOMBSTONE_NAME,Tombstone,,Lápida,Pierre tombale,Grabstein,Lapide,Lápide,,,墓石,
ARMOR_TOMBSTONE_DESC,Your basic attack has +2 Knockback and a +10% chance to Stun.,,El ataque básico inflige +2 de retroceso y tiene +10 % de probabilidad de aturdir.,Votre attaque de base bénéficie de Recul +2&nbsp;et a +10&nbsp;% de chances d'infliger Étourdissement.,"Dein Grundangriff hat +2&nbsp;Rückstoß und +10&nbsp% Wahrscheinlichkeit, Betäubung zu verursachen.",Il tuo attacco base ha +2 Contraccolpo e +10% di probabilità di Stordimento.,Seu ataque básico possui +2 de empurrão e +10% de chance de atordoar.,,,基本攻撃に​+2 ノックバックと​+10% スタン確率。[b][/b],
ARMOR_TWOOFSPADES_NAME,Two of Spades,,Dos de picas,Deux de pique,Pik-Zwei,Due di Picche,Dois de Espadas,,,スペードの​2,
ARMOR_TWOOFSPADES_DESC,Double cast spells that cost 1 or 2 mana.,,Duplica los hechizos que cuestan 1 o 2 de maná.,Les sorts coûtant 1&nbsp;ou 2&nbsp;mana sont lancés deux fois.,"Zauber, die 1 oder 2&nbsp;Mana kosten, werden doppelt gewirkt.",Lanci due volte gli incantesimi che costano 1 o 2 mana.,Encantamentos que custam 1 ou 2 de mana são lançados duas vezes.,,,1または​2マナコストの​スペルを​2回詠唱する。[b][/b],
ARMOR_WATERFEEDER_NAME,Water Feeder,,Bebedero,Abreuvoir,Wasserversorger,Abbeveratoio,Bebedouro,,,給水器,
ARMOR_WATERFEEDER_DESC,+1 Health Regen.Become wet at the start of your turn.,,+1 de regeneración de salud.Se moja al inicio del turno.,Régénération de PV +1.Vous devenez Mouillé au début de votre tour.,+1&nbsp;Lebensregeneration.Am Anfang des Zuges wirst du nass.,+1 a Rigenerazione Salute.Ti bagni all'inizio del turno.,+1 de regeneração de saúde.Molhe-se no início do seu turno.,,,+1 HP再生。​ターン開始時に​濡れる。[b][/b],
ARMOR_WHITERABBITPAW_NAME,White Rabbit Paw,,Pata de conejo blanco,Patte de lapin blanc,Weiße Rabenpfote,Zampa di Coniglio Bianca,Pata de Coelho Branco,,,白ウサギの​足,
ARMOR_WHITERABBITPAW_DESC,,,,,,,,,,,
ARMOR_ZARATANATURD_NAME,Zaratana's Turd,,Zurullo de Zaratana,Étron de Zaratana,Zaratanas Kackwurst,Escremento di Zaratana,Cocô de Zaratana,,,ザラタナの​うんち,
ARMOR_ZARATANATURD_DESC,Knockback immunity.,,Inmunidad al retroceso.,Immunité au Recul.,Immun gegen Rückstoß.,Immunità al Contraccolpo.,Imunidade contra empurrões.,,,ノックバック無効。,
ARMOR_ZODIACSPONCHO_NAME,Zodiacs Poncho,,Poncho de Zodiaco,Poncho du zodiac,Zodiacs Poncho,Poncho dello Zodiaco,Poncho do Zodíaco,,,ゾディアックの​ポンチョ,
ARMOR_ZODIACSPONCHO_DESC,"+1 Range. During your turn, one random enemy has a Bounty.",,"+1 de alcance. Durante el turno de esta unidad, un enemigo al azar recibe una recompensa.","Portée +1. Durant votre tour, un ennemi aléatoire a une Prime.",+1&nbsp;Reichweite. Während deines Zuges hat ein zufälliger Gegner ein Kopfgeld.,"+1 al raggio d'azione. Durante il tuo turno, un nemico casuale ha una Taglia.","+1 de alcance. Durante seu turno, um inimigo aleatório passa a conceder uma recompensa.",,,+1 射程。​自分の​ターン中、​ランダムな​敵1体に​賞金が​かかる。[b][/b],
ARMOR_AFRIENDSFOOT_NAME,A Friends Foot,,Pie amigo,Pied d'un ami,Fuß eines Freundes,Piede di un Amico,Pé de Amigo,,,友達の​足,
ARMOR_AFRIENDSFOOT_DESC,Gain +1 [img:lck] when you get a kill.,,Obtiene +1 [img:lck] al matar a una unidad.,[img:lck] +1&nbsp;quand vous tuez un ennemi.,"Erhalte +1&nbsp;[img:lck], wenn du eine Einheit umbringst.",Ottieni +1 alla [img:lck] quando uccidi qualcuno.,Obtenha +1 de [img:lck] ao realizar uma baixa.,,,キルを​取得すると​+1 [img:lck]を​得る。,
,,,,,,,,,,,
//face armor,,,,,,,,,,,
ARMOR_ATTRACTIVEHAIRCLIP_NAME,Attractive Hair Clip,,Horquilla atractiva,Jolie barrette à cheveux,Schicke Haarspange,Fermaglio Attraente,Presilha de Cabelo Atraente,,,魅力的な​ヘアクリップ,
ARMOR_ATTRACTIVEHAIRCLIP_DESC,"After you're downed, the next time an allied cat takes a turn, they take an extra turn.",,"Después de que esta unidad caiga abatida, un gato aliado juega un turno extra cuando le toque.","Quand vous êtes K.O., la prochaine fois qu'un chat allié joue son tour, il peut en jouer un de plus.","Wenn du in Ohnmacht fällst, erhält die nächste verbündete Katze einen zusätzlichen Zug.","Dopo che vai KO, la prossima volta che un gatto alleato effettua un turno, ne effettua uno aggiuntivo.","Após você ficar inconsciente, na próxima vez em que um gato aliado usar um turno, ele recebe um turno adicional.",,,ダウン後、​次に​味方の​猫が​ターンを​取ると、​その猫は​追加ターンを​得る。[b][/b],
ARMOR_BANDAGE_NAME,Bandage,,Venda,Pansement,Bandage,Benda,Bandagem,,,包帯,
ARMOR_BANDAGE_DESC,+2 Health Regen.,,+2 de regeneración de salud.,Régénération de PV +2.,+2&nbsp;Lebensregeneration.,+2 a Rigenerazione Salute.,+2 de regeneração de saúde.,,,+2 HP再生。,
ARMOR_BANDAGES_NAME,Bandages,,Vendas,Pansements,Bandagen,Bende,Bandagens,,,包帯,
ARMOR_BANDAGES_DESC,Heals heal you for twice as much.,,Las acciones curativas le devuelven el doble de salud.,Les soins vous soignent 2&nbsp;fois plus.,Heilungen heilen dich doppelt so viel.,Le cure rigenerano il doppio dei PS.,Curas têm sua eficiência dobrada em você.,,,回復効果が​2倍に​なる。,
ARMOR_BANDITMASK_NAME,Bandit Mask,,Máscara de bandido,Masque de bandit,Räubermaske,Maschera da Bandito,Máscara de Bandido,,,山賊マスク,
ARMOR_BANDITMASK_DESC,Your basic attack spawns 1 coin when it deals damage.,,El ataque básico genera 1 moneda cuando inflige daño.,Votre attaque de base fait apparaître 1&nbsp;pièce quand elle inflige des dégâts.,"Dein Grundangriff lässt 1&nbsp;Münze erscheinen, wenn er Schaden verursacht.",Il tuo attacco base genera 1 moneta quando infligge danno.,Seu ataque básico gera 1 moeda ao causar dano.,,,基本攻撃が​ダメージを​与えると​1コインを​出現させる。[b][/b],
ARMOR_BARBEDSCRAP_NAME,Barbed Scrap,,Chatarra de espino,Feraille barbelée,Spitzer Schrott,Rottame Spinato,Sucata Farpada,,,棘付きスクラップ,
ARMOR_BARBEDSCRAP_DESC,"+1 Thorns, +1 Damage.",,"+1 de espinas, +1 de daño.","Épines +1, Dégâts +1.","+1&nbsp;Dornen, +1&nbsp;Schaden.","+1 Spine, +1 al Danno.","+1 de espinhos, +1 de dano.",,,+1 棘、​+1 ダメージ。,
ARMOR_BEARTRAPMASK_NAME,Bear Trap Mask,,Máscara de cepo para osos,Masque piège à ours,Bärenfallenmaske,Maschera da Trappola per Orsi,Máscara de Armadilha de Urso,,,罠マスク,
ARMOR_BEARTRAPMASK_DESC,+1 Bleed Thorns.,,+1 de espinas hemorrágicas.,Épines sanglantes +1.,+1&nbsp;Blutige Dornen.,+1 Spine Insanguinate.,+1 de espinhos de sangramento.,,,+1 出血棘。,
ARMOR_BLACKBELT_NAME,Black Belt,,Cinturón negro,Ceinture noire,Schwarzer Gürtel,Cintura Nera,Faixa Preta,,,黒帯,
ARMOR_BLACKBELT_DESC,25% chance to block attacks and counter attack.,,25 % de probabilidad de bloquear los ataques y contratacar.,25&nbsp;% de chances de bloquer les attaques et de contre-attaquer.,"25%ige Wahrscheinlichkeit, Angriffe zu blockieren und sie zu kontern.",25% di probabilità di bloccare gli attacchi e contrattaccare.,25% de chance de bloquear ataques e contra-atacar.,,,25%の​確率で​攻撃を​ブロックして​反撃する。[b][/b],
ARMOR_BLESSEDASHES_NAME,Blessed Ashes,,Cenizas benditas,Cendre bénies,Gesegnete Asche,Ceneri Benedette,Cinzas Abençoadas,,,祝福された​灰,
ARMOR_BLESSEDASHES_DESC,Gain +3 [img:shield] once per battle when your HP is 3 or less.,,Obtiene +3 [img:shield] una vez por combate cuando tiene 3 o menos PS.,[img:shield] +3&nbsp;une fois par combat quand vos PV sont de 3&nbsp;ou moins.,"Erhalte einmal pro Kampf +3&nbsp;[img:shield], wenn du 3 oder weniger LP hast.",Ottieni +3 allo [img:shield] una volta per battaglia quando i tuoi PS sono pari o inferiori a 3.,Obtenha +3 de [img:shield] uma vez por batalha quando sua saúde atingir 3 ou menos.,,,HPが​3以下の​時、​バトルごとに​1回+3 [img:shield]を​得る。,
ARMOR_BOZO_NAME,Bozo,,Bozo,Nez rouge,Clownsnase,Buffone,Bozo,,,ボゾ,
ARMOR_BOZO_DESC,Your basic attack has a +15% chance to inflict Fear.,,El ataque básico tiene un 15 % de probabilidad de infligir miedo.,Votre attaque de base a +15&nbsp;% de chances d'infliger Peur.,"Dein Grundangriff hat eine +15%ige Wahrscheinlichkeit, Angst zu verursachen.",Il tuo attacco base ha una probabilità del +15% di infliggere Paura.,Seu ataque básico possui +15% de chance de aplicar medo.,,,基本攻撃に​+15% 恐怖付与確率。[b][/b],
ARMOR_BROWNBELT_NAME,Brown Belt,,Cinturón marrón,Ceinture marron,Brauner Gürtel,Cintura Marrone,Faixa Marrom,,,茶帯,
ARMOR_BROWNBELT_DESC,"+1 Damage.If you end your turn with unused basic attacks, gain that many Backflips.",,"+1 de daño.Si termina el turno sin gastar los ataques básicos, obtiene la misma cantidad de mortales hacia atrás.",Dégâts +1.Vous gagnez autant de Saltos arrière que vous avez d'attaques de base inutilisées à la fin de votre tour.,"+1&nbsp;Schaden.Wenn du deinen Zug mit unbenutzten Grundangriffen beendest, erhältst du Rückwärtssalti in dieser Höhe.","+1 al Danno.Se termini il turno con attacchi base inutilizzati, ottieni altrettanti Salti Mortali all'Indietro.","+1 de dano.Se você finalizar seu turno com ataques básicos não utilizados, obtenha uma quantidade equivalente de mortais para trás.",,,+1 ダメージ。​未使用の​基本攻撃で​ターンを​終えると、​その​数だけバックフリップを​得る。[b][/b],
ARMOR_CHAMPIONSMASK_NAME,Champion's Mask,,Máscara de adalid,Masque de champion,Championmaske,Maschera del Campione,Máscara de Campeão,,,チャンピオンマスク,
ARMOR_CHAMPIONSMASK_DESC,Gain +1 [img:{str_aux}] until the end of the battle each time you kill a unit.,,Obtiene +1 [img:{str_aux}] hasta el final del combate cada vez que mata a una unidad.,[img:{str_aux}] +1&nbsp;jusqu'à la fin du combat chaque fois que vous tuez une unité.,"Erhalte bis zum Ende des Kampfes jedes Mal, wenn du eine Einheit tötest, +1&nbsp;[img:{str_aux}].","Ottieni +1 alla [img:{str_aux}] fino alla fine della battaglia, ogni volta che uccidi un'unità.",Obtenha +1 de [img:{aux}] até o final da batalha sempre que realizar uma baixa contra uma unidade.,,,ユニットを​キルする​たびに、​バトル終了まで​+1 [img:{str_aux}]を​得る。,
ARMOR_CONJOINEDAMEOBA_NAME,Conjoined Ameoba,,Ameba conjunta,Paire d'amibes,Angewachsene Amöbe,Ameba Congiunta,Ameba Unida,,,結合​アメーバ,
ARMOR_CONJOINEDAMEOBA_DESC,Brace 2. +2 Health Regen. Units that contact you are knocked back 2 tiles.20% chance to spawn a Charmed Ameoba at the end of the turn.,,"2 de refuerzo, +2 de regeneración de salud. Las unidades que entren en contacto con esta retroceden 2 casillas.20 % de probabilidad de generar una ameba embrujada al final del turno.",Garde 2. Régénération de PV +2. Les unités qui vous touchent subissent Recul +2.20&nbsp;% de chances d'invoquer une amibe envoûtée en fin de tour.,"Wappnen&nbsp;2. +2&nbsp;Lebensregeneration. Einheiten, die dich berühren, werden 2&nbsp;Felder zurückgestoßen.20%ige Wahrscheinlichkeit, am Ende des Zuges eine freundliche Amöbe zu rufen.",Guardia 2. +2 a Rigenerazione Salute. Le unità che ti toccano vengono respinte di 2 caselle.20% di probabilità di generare un'Ameba Ammaliata alla fine del turno.,Preparação 2. +2 de regeneração de saúde. Unidades que entrarem em contato com você são empurradas 2 espaços para trás.20% de chance de gerar uma ameba enfeitiçada no final do turno.,,,防御2。​+2 HP再生。​あなたに​接触した​ユニットを​2タイルノックバックする。​20%の​確率で​ターン終了時に​魅了された​アメーバを​出現させる。[b][/b],
ARMOR_COOLROCKS_NAME,Cool Rocks,,Rocas molonas,Pierres stylées,Coole Steine,Rocce Fantastiche,Pedras Legais,,,かっこいい​石,
ARMOR_COOLROCKS_DESC,"Your basic attack has +1 Knockback.When you are downed, gain coins.",,"El ataque básico inflige +1 de retroceso.Cuando esta unidad está abatida, obtiene monedas.",Cassant. Votre attaque de base inflige Recul +1.Vous obtenez des pièces quand vous êtes mis K.O.,"Dein Grundangriff hat +1&nbsp;Rückstoß.Du erhältst Münzen, wenn du in Ohnmacht fällst.","Il tuo attacco base ha +1 Contraccolpo.Quando sei KO, ottieni monete.","Seu ataque básico possui +1 de empurrão.Ao ficar inconsciente, obtenha moedas.",,,基本攻撃に​+1 ノックバック。​ダウンすると、​コインを​得る。[b][/b],
ARMOR_DEBRIS_NAME,Debris,,Escombros,Récup',Schutt,Detriti,Escombros,,,破片,
ARMOR_DEBRIS_DESC,+1 Brace.,,+1 de refuerzo.,Garde +1.,+1&nbsp;Wappnen.,+1 alla Guardia.,+1 de preparação,,,+1 防御。,
ARMOR_DOODIEMASK_NAME,Doodie Mask,,Máscara de mojoncito,Masquétron,Pupsmaske,Maschera da Cacchina,Máscara de Cocô,,,うんちマスク,
ARMOR_DOODIEMASK_DESC,Spawn a Charmed Fly at the end of your turn.,,Genera una mosca embrujada al final del turno.,Invoque une mouche envoûtée à la fin de votre tour.,Rufe am Ende deines Zuges eine freundliche Fliege.,Generi una Mosca Ammaliata alla fine del tuo turno.,Gere uma mosca enfeitiçada no fim do seu turno.,,,ターン終了時に​魅了された​ハエを​出現させる。[b][/b],
ARMOR_ETHEREALEYES_NAME,Ethereal Eyes,,Ojos etéreos,Yeux éthérés,Ätherische Augen,Occhi Eterei,Olhos Etéreos,,,エーテルの​目,
ARMOR_ETHEREALEYES_DESC,+15% Dodge Chance.Gain +5% Dodge Chance each time you take damage.,,+15 % de probabilidad de esquiva.Obtiene +5 % de probabilidad de esquiva cada vez que sufre daño.,Chances d'esquive +15&nbsp;%.Chances d'esquive +5&nbsp;% quand vous subissez des dégâts.,"+15&nbsp;% Ausweichchance.Erhalte jedes Mal, wenn du Schaden erleidest, +5&nbsp;% Ausweichchance.",+15% di probabilità di schivata.Ottieni +5% di probabilità di schivata ogni volta che subisci danno.,+15% de chance de esquiva.Obtenha +5% de chance de esquiva sempre que sofrer dano.,,,+15% 回避率。​ダメージを​受ける​たびに​+5% 回避率を​得る。[b][/b],
ARMOR_EYEOFGOD_NAME,Eye Of God,,Ojo de Dios,Œil de Dieu,Das Auge Gottes,Occhio di Dio,Olho de Deus,,,神の​目,
ARMOR_EYEOFGOD_DESC,+10 range. Your ranged attacks can't miss.,,+10 de alcance. Los ataques a distancia no pueden fallar.,Portée +10.Vos attaques à distance ne peuvent pas échouer.,+10&nbsp;Reichweite. Deine Fernkampfangriffe können nicht verfehlen.,+10 al raggio d'azione.I tuoi attacchi a distanza non possono mancare il bersaglio.,+10 de alcance.Seus ataques à distância não podem errar.,,,+10 射程。​遠距離攻撃は​外れない。[b][/b],
ARMOR_EYEOFRA_NAME,Eye of Ra,,Ojo de Ra,Œil de Râ,Augen von Ra,Occhio di Ra,Olho de Ra,,,ラーの​目,
ARMOR_EYEOFRA_DESC,Your basic attack inflicts Burn 1 and Blind 1.Inflict Burn 1 and Blind 1 on units that contact or attack you.,,El ataque básico inflige 1 de quemadura y 1 de ceguera.Inflige 1 de quemadura y 1 de ceguera a las unidades en entren en contacto con esta o que la ataquen.,Votre attaque de base inflige Brûlure +1&nbsp;et Cécité +1.Vous infligez Brûlure +1&nbsp;et Cécité +1&nbsp;aux unités qui vous touchent ou vous attaquent.,"Dein Grundangriff verursacht Verbrennung&nbsp;1 und Blindheit&nbsp;1.Verursache Verbrennung&nbsp;1 und Blindheit&nbsp;1 bei Einheiten, die dich berühren oder angreifen.",Il tuo attacco base infligge Bruciatura 1 e Accecamento 1.Infliggi Bruciatura 1 e Accecamento 1 alle unità che ti toccano o ti attaccano.,Seus ataques básicos aplicam queimadura 1 e cegueira 1.Aplique queimadura 1 e cegueira 1 em unidades que atacarem ou entrarem em contato com você.,,,基本攻撃が​燃焼1と​盲目1を​付与する。​あなたに​接触または​攻撃した​ユニットに​燃焼1と​盲目1を​付与する。[b][/b],
ARMOR_FACECOVERING_NAME,Face Covering,,Mascarilla,Masque médical,Gesichtsbedeckung,Copertura del Viso,Cobertura Facial,,,顔カバー,
ARMOR_FACECOVERING_DESC,,,,,,,,,,,
ARMOR_FEATHEREDMASK_NAME,Feathered Mask,,Máscara emplumada,Masque de plumes,Federmaske,Maschera Piumata,Máscara de Penas,,,羽マスク,
ARMOR_FEATHEREDMASK_DESC,+10% Dodge Chance.,,+10 % de probabilidad de esquiva.,Chances d'esquive +10&nbsp;%.,+10&nbsp;% Ausweichchance.,+10% di probabilità di schivata.,+10% de chance de esquiva.,,,+10% 回避率。,
ARMOR_FLESHKID_NAME,Flesh Kid,,Chaval en carne viva,Enfant de chair,Fleischkind,Giovanotto di Carne,Criança Carnuda,,,肉の​子,
ARMOR_FLESHKID_DESC,"You can't get injuries.When you're downed, revive at the end of the round.Your movement action is Jump.",,"Esta unidad nunca sufre lesiones.Cuando está abatida, resucita al final de la ronda.La acción de movimiento se convierte en un salto.",Vous ne pouvez pas subir de blessure.Vous réanime en fin de manche si vous êtes K.O.Votre action de déplacement devient Saut.,"Du kannst keine Verletzungen erleiden.Wenn du in Ohnmacht fällst, wirst du am Ende der Runde wiederbelebt.Deine Bewegungsaktion ist Sprung.","Non puoi subire ferite.Quando sei a terra, ti rianimi alla fine del round.La tua azione di movimento è Salto.","Você não pode sofrer ferimentos.Ao ficar inconsciente, reviva no final da rodada.Sua ação de movimento é um salto.",,,ケガを​受けない。​ダウンすると、​ラウンド終了時に​復活する。​移動アクションが​ジャンプに​なる。[b][/b],
ARMOR_FLOWER_NAME,Flower,,Flor,Fleur,Blume,Fiore,Flor,,,花,
ARMOR_FLOWER_DESC,Spawn flowers under you when you end your turn.+1 Health Regen.,,Genera flores debajo de esta unidad al final del turno.+1 de regeneración de salud.,Des fleurs poussent sur votre case à la fin de votre tour.Régénération de PV +1.,"Blumen erscheinen unter dir, wenn du deinen Zug beendest.+1&nbsp;Lebensregeneration.",Generi fiori sotto di te alla fine del tuo turno.+1 a Rigenerazione Salute.,Gere flores sob seus pés ao finalizar seu turno.+1 de regeneração de saúde.,,,ターン終了時に​足元に​花を​出現させる。​+1 HP再生。[b][/b],
ARMOR_GEMSTONEBONES_NAME,Gemstone Bones,,Huesos de gemas,Os précieux,Edelsteinknochen,Ossa di Gemma,Ossos de Pedra Preciosa,,,宝石の​骨,
ARMOR_GEMSTONEBONES_DESC,"+1 Kinetic Spikes. When you take damage, gain +1 [img:str]. When you are downed, emit 6 Sparkles.",,"+1 de pinchos cinéticos. Al sufrir daño, obtiene +1 [img:str]. Cuando esta unidad está abatida, emite 6 destellos.","Pics cinétiques +1. [img:str] +1&nbsp;quand vous subissez des dégâts. K.O., vous émettez 6&nbsp;étincelles.","+1&nbsp;Kinetiknadeln. Erhalte +1&nbsp;[img:str], wenn du Schaden erleidest. Versprühe 6&nbsp;Funken, wenn du in Ohnmacht fällst.","+1 Spuntoni Cinetici. Quando subisci danno, ottieni +1 alla [img:str]. Quando sei KO, emetti 6 Scintille.","+1 de espinhos cinéticos. Ao sofrer dano, obtenha +1 de [img:str]. Ao ficar inconsciente, emita 6 fagulhas.",,,+1 運動棘。​ダメージを​受けると​+1 [img:str]を​得る。​ダウンすると​6つの​輝きを​放つ。,
ARMOR_GLASSES_NAME,Glasses,,Gafas,Lunettes,Brille,Occhiali,Óculos,,,メガネ,
ARMOR_GLASSES_DESC,,,,,,,,,,,
ARMOR_GLYPHOFPROTECTION_NAME,Glyph of Protection,,Glifo protector,Glyphe protecteur,Schutzglyphe,Glifo di Protezione,Glifo de Proteção,,,守護の​グリフ,
ARMOR_GLYPHOFPROTECTION_DESC,Gain +1 [img:shield] each time you cast a spell.,,Obtiene +1 [img:shield] cada vez que lanza un hechizo.,[img:shield] +1&nbsp;quand vous lancez un sort.,"Erhalte jedes Mal, wenn du einen Zauber wirkst, +1&nbsp;[img:shield].",Ottieni +1 allo [img:shield] ogni volta che lanci un incantesimo.,Obtenha +1 de [img:shield] a cada vez que lançar um encantamento.,,,スペル詠唱ごとに​+1 [img:shield]を​得る。,
ARMOR_HITLERSMUSTACHE_NAME,Hitler's Mustache,,Bigote de Hitler,Moustache d'Hitler,Hitlers Schnurrbart,Baffi di Hitler,Bigode de Hitler,,,ヒトラーの​口ひげ,
ARMOR_HITLERSMUSTACHE_DESC,Permanent Madness.Take 2 extra turns at the start of each round.,,Locura permanente.Juega 2 turnos extras al inicio de cada ronda.,Folie permanente.Vous jouez 2&nbsp;tours bonus au début de chaque manche.,Dauerhafter Wahnsinn.Am Anfang jeder Runde hast du 2 zusätzliche Züge.,Follia Permanente.Effettui 2 turni aggiuntivi all'inizio di ogni round.,Insanidade permanente.Obtenha 2 turnos adicionais no início de cada rodada.,,,永続狂気。​各ラウンド開始時に​2回の​追加ターンを​得る。[b][/b],
ARMOR_HOCKEYMASK_NAME,Hockey Mask,,Máscara de hockey,Masque de hockey,Hockeymaske,Maschera da Hockey,Máscara de Hóquei,,,ホッケーマスク,
ARMOR_HOCKEYMASK_DESC,"While downed, you have a 25% chance to revive with 1 HP at the end of the round.",,"Cuando está abatida, esta unidad tiene un 25 % de probabilidad de resucitar con 1 PS al final de la ronda.",Vous avez 25&nbsp;% de chances d'être réanimé avec 1&nbsp;PV en fin de manche si vous êtes K.O.,"Während du ohnmächtig bist, besteht eine 25%ige Wahrscheinlichkeit, dass du am Ende der Runde mit 1&nbsp;LP wiederbelebt wirst.","Quando sei KO, hai un 25% di probabilità di rianimarti con 1 PS alla fine del round.","Enquanto estiver inconsciente, você possui 25% de chance de reviver com 1 PV no final da rodada.",,,ダウン中、​ラウンド終了時に​25%の​確率で​HP1で​復活する。[b][/b],
ARMOR_HOLYTEARS_NAME,Holy Tears,,Lágrimas sagradas,Larmes saintes,Heilige Tränen,Lacrime Sacre,Lágrimas Sagradas,,,聖なる​涙,
ARMOR_HOLYTEARS_DESC,Allies gain 2 [img:divineshield] when you are downed.Your spells cost -1 mana.,,Los aliados obtienen 2 [img:divineshield] cuando esta unidad está abatida.Sus hechizos cuestan -1 de maná.,Vos alliés bénéficient de [img:divineshield] +2&nbsp;quand vous êtes mis K.O.Vos sorts coûtent -1&nbsp;mana.,"Verbündete erhalten 2&nbsp;[img:divineshield], wenn du in Ohnmacht fällst.Deine Zauber kosten -1&nbsp;Mana.",Gli alleati ottengono 2 allo [img:divineshield] quando sei a terra.I tuoi incantesimi costano -1 mana.,Aliados obtêm 2 de [img:divineshield] quando você fica inconsciente.Seus encantamentos custam -1 de mana.,,,ダウンすると​味方は​2 [img:divineshield]を​得る。​スペルが​-1 マナコストに​なる。,
ARMOR_HORSEBLINDERS_NAME,Horse Blinders,,Anteojeras,Œillères pour chevaux,Scheuklappen,Paraocchi,Viseira de Cavalo,,,馬の​遮眼革,
ARMOR_HORSEBLINDERS_DESC,Your abilities have 100% accuracy and +50% Crit Chance.You are unable to hit any unit that isn't in a straight line directly in front of you.,,Las habilidades tienen un 100 % de precisión y +50 % de probabilidad de crítico.Esta unidad no puede golpear a ninguna otra que no esté en línea recta justo delante.,Vos compétences ont 100&nbsp;% de précision et Chances de coup critique +50&nbsp;%.Vous ne pouvez toucher que les unités qui se trouve dans une ligne droite devant vous.,"Deine Fähigkeiten haben 100&nbsp;% Genauigkeit und +50&nbsp;% kritische Trefferchance.Du kannst nur Einheiten angreifen, die sich in einer geraden Linie vor dir befinden.",Le tue abilità hanno il 100% di precisione e un +50% di probabilità di colpo critico.Non puoi colpire unità che non siano direttamente davanti a te in linea retta.,Suas habilidades possuem 100% de precisão e +50% de chance de crítico.Você não pode golpear nenhuma unidade que não esteja diretamente em uma linha reta na sua frente.,,,アビリティは​100%命中率と​+50% クリティカル率を​持つ。​正面直線上に​ない​ユニットは​攻撃できない。[b][/b],
ARMOR_INFAMOUSMASK_NAME,Infamous Mask,,Máscara infame,Masque horrible,Berüchtigte Maske,Maschera Malfamata,Máscara Infame,,,悪名高きマスク,
ARMOR_INFAMOUSMASK_DESC,Block attacks from the front.,,Bloquea los ataques de frente.,Bloque les attaques frontales.,Blockiert Angriffe von vorn.,Blocchi gli attacchi frontali.,Bloqueia ataques pela frente.,,,前方からの​攻撃を​ブロックする。[b][/b],
ARMOR_LEATHERHIDEMASK_NAME,Leather Hide Mask,,Máscara de cuero de gato,Masque en cuir de chat,Ledermaske,Maschera di Cuoio,Máscara de Couro,,,レザーハイドマスク,
ARMOR_LEATHERHIDEMASK_DESC,"+1 Brace, +1 Health Regen, 5% chance to spawn a Charmed Flea each turn.",,"+1 de refuerzo, +1 de regeneración de salud, 5 % de probabilidad de generar una pulga embrujada cada turno.","Garde +1, Régénération de PV +1, 5&nbsp;% de chances d'invoquer une puce chaque tour.","+1&nbsp;Wappnen, +1&nbsp;Lebensregeneration, 5%ige Wahrscheinlichkeit, in jedem Zug einen freundlichen Floh zu rufen.","+1 alla Guardia, +1 a Rigenerazione Salute, 5% di probabilità di generare una Pulce Ammaliata ogni turno.","+1 de preparação, +1 de regeneração de saúde, 5% de chance de gerar uma pulga enfeitiçada a cada turno.",,,+1 防御、​+1 HP再生、​各ターン5%の​確率で​魅了された​ノミを​出現させる。[b][/b],
ARMOR_LEECHBROOD_NAME,Leech Brood,,Crías de sanguijuelas,Couvée de sangsue,Blutegelbrut,Covata di Sanguisughe,Ninhada de Sanguessugas,,,リーチの​群れ,
ARMOR_LEECHBROOD_DESC,Inflict Leech 1 to all enemies at the start of each battle.Start each battle at 50% health.,,Inflige 1 de sanguijuela a todos los enemigos al inicio de cada combate.Comienza cada combate con un 50 % de salud.,Inflige Sangsue +1&nbsp;à tous les ennemis au début de chaque combat.Vous débutez chaque combat avec 50&nbsp;% de PV.,Verursache bei allen Gegnern am Anfang des Kampfes Blutegel&nbsp;1.Beginne jeden Kampf mit 50&nbsp;% LP.,Infliggi Sanguisuga 1 a tutti i nemici all'inizio di ogni battaglia.Inizi ogni battaglia con il 50% di salute.,Aplique sanguessuga 1 em todos os inimigos no início de cada batalha.Inicie cada batalha com 50% de saúde.,,,各バトル開始時に​すべての​敵に​リーチ1を​付与する。​各バトルを​50%の​HPで​開始する。[b][/b],
ARMOR_LILTUMOR_NAME,Lil' Tumor,,Tumorcillo,Petite tumeur,Kleiner Tumor,Tumore Piccolo,Tumor Pequeno,,,小さな​腫瘍,
ARMOR_LILTUMOR_DESC,"At the end of each battle, gain -1 to three random stats, then gain a mutation.",,"Al final de cada combate, obtiene -1 en tres atributos al azar y luego obtiene una mutación.","À la fin de chaque combat, vous perdez 1&nbsp;point sur 3&nbsp;stats aléatoires, puis vous gagnez une mutation.",Erhalte am Ende jedes Kampfes -1 auf drei zufällige Attribute und eine Mutation.,"Alla fine di ogni battaglia, subisci -1 a tre statistiche casuali, poi ottieni una mutazione.","No fina de cada batalha, obtenha -1 em três atributos aleatórios, e então ganhe uma mutação.",,,各バトル終了時に、​ランダムな​3つの​ステータスに​-1を​得た後、​突然変異を​得る。[b][/b],
ARMOR_MINERIMPLANT_NAME,Miner Implant,,Implante minero,Implant de mineur,Zwergenimplantant,Impianto del Minatore,Implante de Mineração,,,鉱夫インプラント,
ARMOR_MINERIMPLANT_DESC,"+1 range, +1 reach.Poison Immunity.",,"+1 de alcance, +1 de extensión.Inmunidad al veneno.","Portée +1, Allonge +1.Immunité au Poison.",+1&nbsp;Reichweite.Immun gegen Gift.,"+1 al raggio d'azione, +1 alla portata.Immunità al Veleno.",+1 de alcance. +1 de envergadura.Imunidade contra veneno.,,,+1 射程、​+1 リーチ。​毒無効。[b][/b],
ARMOR_MINERSBEARD_NAME,Miner's Beard,,Barba de minero,Barbe de mineur,Zwergenbart,Barba del Minatore,Barba de Mineiro,,,鉱夫の​ひげ,
ARMOR_MINERSBEARD_DESC,"When you take damage, spawn scrap.When you end turn, spawn a coin on a random tile.",,"Al sufrir daño, genera chatarra.Al terminar el turno, genera una moneda en una casilla al azar.","Quand vous subissez des dégâts, un morceau de ferraille apparaît.À la fin de votre tour, une pièce apparaît sur une case aléatoire.","Wenn du Schaden erleidest, erscheint Schrott.Wenn du deinen Zug beendest, erscheint eine Münze auf einem zufälligen Feld.","Quando subisci danno, generi rottami.Alla fine del turno, generi una moneta su una casella casuale.","Ao sofrer dano, gere sucata.Ao finalizar seu turno, gere uma moeda em um espaço aleatório.",,,ダメージを​受けると、​スクラップを​出現させる。​ターン終了時に、​ランダムな​タイルに​コインを​出現させる。[b][/b],
ARMOR_MONOCLE_NAME,Monocle,,Monóculo,Monocle,Monokel,Monocolo,Monóculo,,,モノクル,
ARMOR_MONOCLE_DESC,Your physical attacks can't miss.,,Los ataques físicos no pueden fallar.,Vos attaques physiques ne peuvent pas échouer.,Deine physischen Angriffe können nicht verfehlen.,I tuoi attacchi fisici non possono mancare il bersaglio.,Seus ataques físicos não podem errar.,,,物理攻撃は​外れない。,
ARMOR_MUDMASK_NAME,Mud Mask,,Máscara de lodo,Masque de boue,Schlammmaske,Maschera di Fango,Máscara de Lama,,,泥マスク,
ARMOR_MUDMASK_DESC,Fragile and Brittle while wet.,,Esta unidad sufre fragilidad y endeblez mientras está mojada.,"Mouillé, devient Fragile et Cassant.","Zerbrechlich und spröde, wenn sie nass ist.",Fragile e Friabile quando ti bagni.,Frágil e quebradiça quando molhada.,,,濡れている​間、​脆弱かつ脆い。[b][/b],
ARMOR_MUERTOSMASK_NAME,Muertos Mask,,Máscara de los muertos,Masque mexicain,Muertosmaske,Maschera dei Muertos,Máscara de Dia dos Mortos,,,ムエルトスマスク,
ARMOR_MUERTOSMASK_DESC,+6 Corpse Health.,,+6 de salud de cadáver.,PV de cadavre +6.,+6&nbsp;Leichenlebenspunkte.,+6 a Salute del Cadavere.,+6 de saúde de cadáver.,,,+6 死体HP。,
ARMOR_MUSTACHE_NAME,Mustache,,Bigote,Moustache,Schnurrbart,Baffi,Bigode,,,口ひげ,
ARMOR_MUSTACHE_DESC,,,,,,,,,,,
ARMOR_MUZZLE_NAME,Muzzle,,Bozal,Muselière,Maulkorb,Museruola,Mordaça,,,口輪,
ARMOR_MUZZLE_DESC,,,,,,,,,,,
ARMOR_MYSTICALBLINDFOLD_NAME,Mystical Blindfold,,Venda mística,Bandeau mystique,Mystische Augenbinde,Benda Mistica,Venda Mística,,,神秘の​目隠し,
ARMOR_MYSTICALBLINDFOLD_DESC,Your physical attacks and abilities always miss.,,Los ataques físicos y las habilidades siempre fallan.,Vos attaques physiques et compétences échouent à coup sûr.,Deine physischen Angriffe und Fähigkeiten verfehlen immer.,I tuoi attacchi fisici e le tue abilità fisiche mancano sempre il bersaglio.,Seus ataques e habilidades físicos sempre erram.,,,物理攻撃と​アビリティは​常に​外れる。[b][/b],
ARMOR_NINJABANDANA_NAME,Ninja Bandana,,Pañuelo ninja,Bandeau de ninja,Ninjakopfband,Bandana Ninja,Bandana de Ninja,,,忍者バンダナ,
ARMOR_NINJABANDANA_DESC,You have a 10% chance to gain a bonus attack when you use your basic attack.,,Tiene un 10 % de probabilidad de obtener una bonificación de ataque al lanzar el ataque básico.,10&nbsp;% de chances d'obtenir une attaque bonus quand vous utilisez votre attaque de base.,"Du erhältst mit 10%iger Wahrscheinlichkeit einen Bonusangriff, wenn du deinen Grundangriff verwendest.",Hai un 10% di probabilità di ottenere un attacco bonus quando usi il tuo attacco base.,Você possui 10% de chance de obter um ataque bônus ao utilizar seu ataque básico.,,,基本攻撃使用時に​10%の​確率で​ボーナス攻撃を​得る。[b][/b],
ARMOR_PEACESYMBOL_NAME,Peace Symbol,,Símbolo de la paz,Symbole hippie,Friedenssymbol,Simbolo della Pace,Símbolo da Paz,,,平和の​シンボル,
ARMOR_PEACESYMBOL_DESC,"If you end your turn without dealing damage, gain +1 [img:divineshield].",,"Si esta unidad termina el turno sin infligir daño, obtiene +1 [img:divineshield].",[img:divineshield] +1&nbsp;si vous terminez votre tour sans infliger de dégâts.,"Wenn du deinen Zug beendest, ohne Schaden zu verursachen, erhältst du +1&nbsp;[img:divineshield].","Se termini il tuo turno senza infliggere danno, ottieni +1 allo [img:divineshield].","Se você finalizar seu turno sem causar dano, obtenha +1 de [img:divineshield].",,,ダメージを​与えずに​ターンを​終えると、​+1 [img:divineshield]を​得る。,
ARMOR_PHANTOMMASK_NAME,Phantom Mask,,Máscara fantasmal,Phantômasque,Phantommaske,Maschera Fantasma,Máscara de Fantasma,,,ファントムマスク,
ARMOR_PHANTOMMASK_DESC,"+10% chance to Block attacks.When you take damage, this becomes an invincible familiar.",,"+10 % de probabilidad de bloquear ataques.Al sufrir daño, se transforma en un familiar invencible.","+10&nbsp;% de chances de bloquer les attaques.Quand vous subissez des dégâts, se change en familier invincible.","+10&nbsp;% Wahrscheinlichkeit, Angriffe zu blockieren.Wenn du Schaden erleidest, wird dieser Gegenstand zu einem unverwundbaren Begleiter.","+10% di probabilità di bloccare gli attacchi.Quando subisci danno, diventa un famiglio invincibile.","+10% de chance de bloquear ataques.Ao sofrer dano, este item se torna um familiar invencível.",,,+10% 攻撃ブロック確率。​ダメージを​受けると、​これが​無敵の​使い魔に​なる。[b][/b],
ARMOR_PINSANDNEEDLES_NAME,Pins and Needles,,Alfileres y agujas,Aiguilles,Reißzwecken und Nadeln,Spilli e Aghi,Agulhas e Alfinetes,,,ピンと​ニードル,
ARMOR_PINSANDNEEDLES_DESC,"+1 Thorns.Gain +1 Charge when you deal damage.",,+1 de espinas.Obtiene +1 de carga al infligir daño.,Épines +1.Charge +1&nbsp;quand vous infligez des dégâts.,"+1&nbsp;Dornen.Erhalte +1&nbsp;Ladung, wenn du Schaden verursachst.",+1 Spine.Ottieni +1 Carica quando infliggi danno.,+1 de espinhos.Obtenha +1 carga ao sofrer dano.,,,+1 棘。​ダメージを​与える​たびに​+1 チャージを​得る。[b][/b],
ARMOR_RADGLASSES_NAME,Rad Glasses,,Gafas alucinantes,Lunettes mortelles,Krasse Brille,Occhiali da Sballo,Óculos Radicais,,,ラッドグラス,
ARMOR_RADGLASSES_DESC,Your explosions deal +1 damage and have +1 area.,,Las explosiones infligen +1 de daño y tienen +1 de área.,Vos explosions infligent Dégâts +1&nbsp;et bénéficient de Rayon +1.,Deine Explosionen verursachen +1&nbsp;Schaden und haben +1&nbsp;Fläche.,Le tue esplosioni infliggono +1 di danno e hanno +1 di area.,Suas explosões causam +1 de dano e possuem +1 de área.,,,爆発が​+1 ダメージと​+1 範囲を​得る。[b][/b],
ARMOR_RECYCLEDGIMPMASK_NAME,Recycled Ball Gag,,Mordaza reciclada,Bâillon-boule recyclé,Recycelter Ballknebel,Bavaglio Riciclato,Mordaça de Bola Reciclada,,,リサイクルボールギャグ,
ARMOR_RECYCLEDGIMPMASK_DESC,Gain +2 Charge when you take damage.Find a common item when you are downed.,,Obtiene +2 de carga al sufrir daño.Esta unidad encuentra un objeto común cuando está abatida.,Charge +2&nbsp;quand vous subissez des dégâts.Vous obtenez un objet commun quand vous êtes mis K.O.,"Erhalte +2&nbsp;Ladung, wenn du Schaden erleidest.Du findest einen gewöhnlichen Gegenstand, wenn du in Ohnmacht fällst.",Ottieni +2 Carica quando subisci danno.Trovi un oggetto comune quando sei KO.,Obtenha +2 cargas ao sofrer dano.Encontre um item comum ao ficar inconsciente.,,,ダメージを​受けると​+2 チャージを​得る。​ダウンすると​コモンアイテムを​見つける。[b][/b],
ARMOR_RHINESTONESTICKERS_NAME,Rhinestone Stickers,,Adhesivos de diamante falso,Strass collants,Strasssticker,Adesivi con Strass,Adesivos de Strass,,,ラインストーンステッカー,
ARMOR_RHINESTONESTICKERS_DESC,Emit 4 Sparkles at the start of each battle.,,Emite 4 destellos al inicio de cada combate.,Émet 4&nbsp;étincelles au début de chaque combat.,Versprühe am Anfang jedes Kampfes 4&nbsp;Funken.,Emetti 4 Scintille all'inizio di ogni battaglia.,Emita 4 fagulhas no início de cada batalha.,,,各バトル開始時に​4つの​輝きを​放つ。[b][/b],
ARMOR_RUBBERBAND_NAME,Rubber Band,,Goma elástica,Bracelet en caoutchouc,Gummiband,Elastico,Elástico,,,輪ゴム,
ARMOR_RUBBERBAND_DESC,+1 reach.,,+1 de extensión.,Allonge +1.,+1&nbsp;Reichweite.,+1 alla portata.,+1 de alcance.,,,+1 リーチ。,
ARMOR_STEVENMASK1_NAME,Steven,,Steven,Steven,Steven,Steven,Steven,,,スティーブン,
ARMOR_STEVENMASK1_DESC,Your musical abilities are always double cast.,,Las habilidades musicales siempre se duplican.,Vos compétences musicales sont toujours lancées deux fois.,Deine Musikfähigkeiten werden immer zweimal gewirkt.,Le tue abilità musicali vengono sempre lanciate due volte.,Suas habilidade musicais são sempre lançadas duas vezes.,,,音楽アビリティは​常に​2回詠唱される。[b][/b],
ARMOR_STEVENMASK2_NAME,Steven,,Steven,Steven,Steven,Steven,Steven,,,スティーブン,
ARMOR_STEVENMASK2_DESC,"While you're downed, spawn a random charmed enemy familiar at the end of each round.",,"Mientras está abatida, esta unidad genera un familiar enemigo embrujado al azar al final de cada ronda.","Tant que vous êtes K.O., un familier envoûté ennemi aléatoire est invoqué à la fin de chaque manche.","Während du ohnmächtig bist, rufst du am Ende jeder Runde einen zufälligen freundlichen Gegner.","Mentre sei KO, generi un famiglio nemico ammaliato casuale alla fine di ogni round.","Enquanto estiver inconsciente, gere um familiar inimigo enfeitiçado aleatório no final de cada rodada.",,,ダウン中、​各ラウンド終了時に​ランダムな​魅了された​敵使い魔を​出現させる。[b][/b],
ARMOR_STEVENSFARTFACE_NAME,Steven's Fart Face,,Caraculo de Steven,Face de pet de Steven,Stevens Furzgesicht,Faccia da Peto di Steven,Cara de Pum de Steve,,,スティーブンの​屁顔,
ARMOR_STEVENSFARTFACE_DESC,"At the end of your turn, inflict Poison 1 on all units. Repeat for each turn you've taken this battle.",,"Al final del turno, inflige 1 de veneno a todas las unidades. Se repite en cada turno que haya jugado en ese combate.","À la fin de votre tour, inflige Poison +1&nbsp;à toutes les unités. Se répète pour chaque tour que vous avez joué ce combat-ci.","Am Ende deiner Runde verursachst du bei allen Einheiten Gift&nbsp;1. Wird für jeden Zug, den du in diesem Kampf ausgeführt hast, wiederholt.","Alla fine del tuo turno, infliggi Veleno 1 a tutte le unità. Ripeti per ogni turno che hai completato in questa battaglia.","No final do seu turno, aplique veneno 1 em todas as unidades. Repita isto para cada turno que você utilizou nesta batalha.",,,ターン終了時に​すべての​ユニットに​毒1を​付与する。​この​バトルで​取った​各ターンごとに​繰り返す。[b][/b],
ARMOR_STEVENSMUSTACHE_NAME,Steven's Mustache,,Bigote de Steven,Moustache de Steven,Stevens Schnurrbart,Baffi di Steven,Bigode de Steven,,,スティーブンの​口ひげ,
ARMOR_STEVENSMUSTACHE_DESC,,,,,,,,,,,
ARMOR_SURVIVALISTMASK_NAME,Survivalist's Mask,,Máscara de preparacionista,Masque de survivaliste,Überlebenskünstlermaske,Maschera del Survivalista,Máscara de Sobrevivente,,,サバイバリストマスク,
ARMOR_SURVIVALISTMASK_DESC,"Bodies you destroy spawn food, catnip and a coin.",,"Los cadáveres que destruya esta unidad generan comida, hierba gatera y una moneda.","Les cadavres que vous détruisez font apparaître de la nourriture, de l'herbe à chat et une pièce.","Leichen, die du zerstörst, lassen Essen, Katzenminze und eine Münze fallen.","I corpi che distruggi generano cibo, erba gatta e una moneta.","Corpos que você destrói geram comida, erva-de-gato e uma moeda.",,,破壊した死体から​食料、​マタタビ、​コインを​出現させる。[b][/b],
ARMOR_THIRDEYE_NAME,Third Eye,,Tercer ojo,Troisième œil,Drittes Auge,Terzo Occhio,Terceiro Olho,,,第三の​目,
ARMOR_THIRDEYE_DESC,+1 range.Your ranged attacks can't miss.,,+1 de alcance.Los ataques a distancia no pueden fallar.,Portée +1.Vos attaques à distance ne peuvent pas échouer.,+1&nbsp;Reichweite.Deine Fernkampfangriffe können nicht verfehlen.,+1 al raggio d'azione.I tuoi attacchi a distanza non possono mancare il bersaglio.,+1 de alcance.Seus ataques à distância não podem errar.,,,+1 射程。​遠距離攻撃は​外れない。[b][/b],
ARMOR_TINASFRIEND_NAME,Tina's Best Friend,,Mejor amiga de Tina,Meilleur ami de Tina,Tinas bester Freund,Migliore Amica di Tina,Melhor Amiga de Tina,,,ティナの​親友,
ARMOR_TINASFRIEND_DESC,Spawn a large Charmed Fly at the start of each battle.,,Genera una mosca embrujada enorme al inicio de cada combate.,Fait apparaître une grande mouche envoûtée au début de chaque combat.,Ruft am Anfang jedes Kampfes eine große freundliche Fliege.,Generi una Mosca Ammaliata grande all'inizio di ogni battaglia.,Gere uma mosca enfeitiçada grande no início de cada batalha.,,,各バトル開始時に​大きな​魅了された​ハエを​出現させる。[b][/b],
ARMOR_VISIONPLUGIN_NAME,Vision Plugin,,Enchufe de visión,Module de vision,Sichtplugin,Plugin Visivo,Plugin de Visão,,,視覚プラグイン,
ARMOR_VISIONPLUGIN_DESC,+1 range.,,+1 de alcance.,Portée +1.,+1&nbsp;Reichweite.,+1 al raggio d'azione.,+1 de alcance.,,,+1 射程。,
ARMOR_WHITEBELT_NAME,White Belt,,Cinturón blanco,Ceinture blanche,Weißer Gürtel,Cintura Bianca,Faixa Branca,,,白帯,
ARMOR_WHITEBELT_DESC,+1 Brace.,,+1 de refuerzo.,Garde +1.,+1&nbsp;Wappnen.,+1 alla Guardia.,+1 de preparação.,,,+1 防御。,
ARMOR_INVADER_NAME,Intruder,,Intruso,Intrus,Eindringling,Intruso,Intruso,,,侵入者,
ARMOR_INVADER_DESC,Is it your baby?,,¿De quién es este bebé?,C'est votre bébé&nbsp;?,Ist das dein Baby?,È il tuo bambino?,É o seu bebê?,,,あなたの​赤ちゃん?,
ARMOR_CHILDOFTHEGLOWINGONE2_NAME,Child of the Glowing One,,Criatura del ser radiante,Enfant de l'Incandescent,Kind des Leuchtenden,Figlio dello Splendente,Prole do Ser Radiante,,,輝く​者の​子,
ARMOR_CHILDOFTHEGLOWINGONE2_DESC,Gain +1 Damage and heal 1 HP every time you use your basic attack.,,Obtiene +1 de daño y recupera 1 PS cada vez que lanza el ataque básico.,Dégâts +1&nbsp;et vous rend 1&nbsp;PV quand vous utilisez votre attaque de base.,"Erhalte jedes Mal, wenn du deinen Grundangriff benutzt, +1&nbsp;Schaden und heile dich um 1&nbsp;LP.",Ottieni +1 al Danno e rigeneri 1 PS ogni volta che usi il tuo attacco base.,Obtenha +1 de dano e cure 1 PV sempre que utilizar seu ataque básico.,,,基本攻撃を​使用する​たびに​+1 ダメージと​HP1回復を​得る。[b][/b],
,,,,,,,,,,,
//armor sets,,,,,,,,,,,
ARMOR_ADVANCEDHAT_NAME,Advanced Alloy Hat,,Sombrero de aleación avanzada,Chapeau en alliage avancé,Fortschrittlich legierter Helm,Cappello in Lega Avanzato,Chapéu de Liga Avançada,,,先進合金ハット,
ARMOR_ADVANCEDHAT_DESC,"+2 Brace, +2 Thorns.Brittle.",,"+2 de refuerzo, +2 de espinas.Endeblez.","Garde +2, Épines +2.Cassant.","+2&nbsp;Wappnen, +2&nbsp;Dornen.Spröde.","+2 alla Guardia, +2 Spine.Friabile.","+2 de preparação, +2 de espinhos.Quebradiço.",,,+2 防御、​+2 棘。​脆い。[b][/b],
ARMOR_ADVANCEDMASK_NAME,Advanced Alloy Mask,,Máscara de aleación avanzada,Masque en alliage avancé,Fortschrittlich legierte Maske,Maschera in Lega Avanzata,Máscara de Liga Avançada,,,先進合金マスク,
ARMOR_ADVANCEDMASK_DESC,"+2 Brace, +2 Thorns.Brittle.",,"+2 de refuerzo, +2 de espinas.Endeblez.","Garde +2, Épines +2.Cassant.","+2&nbsp;Wappnen, +2&nbsp;Dornen.Spröde.","+2 alla Guardia, +2 Spine.Friabile.","+2 de preparação, +2 de espinhos.Quebradiço.",,,+2 防御、​+2 棘。​脆い。[b][/b],
ARMOR_ADVANCEDARMOR_NAME,Advanced Alloy Armor,,Armadura de aleación avanzada,Armure en alliage avancé,Fortschrittlich legierte Rüstung,Armatura in Lega Avanzata,Armadura de Liga Avançada,,,先進合金アーマー,
ARMOR_ADVANCEDARMOR_DESC,"+2 Brace, +2 Thorns.Brittle.",,"+2 de refuerzo, +2 de espinas.Endeblez.","Garde +2, Épines +2.Cassant.","+2&nbsp;Wappnen, +2&nbsp;Dornen.Spröde.","+2 alla Guardia, +2 Spine.Friabile.","+2 de preparação, +2 de espinhos.Quebradiço.",,,+2 防御、​+2 棘。​脆い。[b][/b],
SETBONUS_ADVALLOY_NAME,Advanced Alloy Set Bonus!,,¡Bonificación de conjunto de aleación avanzada!,Bonus d'ensemble&nbsp;: alliage avancé&nbsp;!,Setbonus: Fortschrittlich legierte Rüstung!,Bonus Set: Lega Avanzata!,Bônus de Conjunto de Liga Avançada!,,,先進合金セットボーナス!,
SETBONUS_ADVALLOY_DESC,Advanced Alloy Set Pieces are no longer Brittle.,,Las piezas de aleación avanzada ya no sufren endeblez.,Les éléments de l'ensemble en alliage avancé ne sont plus Cassants.,Die fortschrittlich legierten Rüstungsteile sind nicht mehr spröde.,I pezzi del set in Lega Avanzata non sono più friabili.,Peças do conjunto de liga avançada não são mais quebradiças.,,,先進合金セットピースは​もは​や​脆くない。[b][/b],
,,,,,,,,,,,
ARMOR_ALLOYHAT_NAME,Alloy Hat,,Sombrero de aleación,Chapeau en alliage,Legierter Helm,Cappello in Lega,Chapéu de Liga,,,合金ハット,
ARMOR_ALLOYHAT_DESC,"+1 Brace, +2 Thorns.Brittle.",,"+1 de refuerzo, +2 de espinas.Endeblez.","Garde +1, Épines +2.Cassant.","+1&nbsp;Wappnen, +2&nbsp;Dornen.Spröde.","+1 alla Guardia, +2 Spine.Friabile.","+1 de preparação, +2 de espinhos.Quebradiço.",,,+1 防御、​+2 棘。​脆い。[b][/b],
ARMOR_ALLOYMASK_NAME,Alloy Mask,,Máscara de aleación,Masque en alliage,Legierte Maske,Maschera in Lega,Máscara de Liga,,,合金マスク,
ARMOR_ALLOYMASK_DESC,"+1 Brace, +2 Thorns.Brittle.",,"+1 de refuerzo, +2 de espinas.Endeblez.","Garde +1, Épines +2.Cassant.","+1&nbsp;Wappnen, +2&nbsp;Dornen.Spröde.","+1 alla Guardia, +2 Spine.Friabile.","+1 de preparação, +2 de espinhos.Quebradiço.",,,+1 防御、​+2 棘。​脆い。[b][/b],
ARMOR_ALLOYARMOR_NAME,Alloy Armor,,Armadura de aleación,Armure en alliage,Legierte Rüstung,Armatura in Lega,Armadura de Liga,,,合金アーマー,
ARMOR_ALLOYARMOR_DESC,"+1 Brace, +2 Thorns.Brittle.",,"+1 de refuerzo, +2 de espinas.Endeblez.","Garde +1, Épines +2.Cassant.","+1&nbsp;Wappnen, +2&nbsp;Dornen.Spröde.","+1 alla Guardia, +2 Spine.Friabile.","+1 de preparação, +2 de espinhos.Quebradiço.",,,+1 防御、​+2 棘。​脆い。[b][/b],
SETBONUS_ALLOY_NAME,Alloy Set Bonus!,,¡Bonificación de conjunto de aleación!,Bonus d'ensemble&nbsp;: alliage&nbsp;!,Setbonus: Legierte Rüstung!,Bonus Set: Lega!,Bônus de Conjunto de Liga!,,,合金セットボーナス!,
SETBONUS_ALLOY_DESC,Alloy Set Pieces are no longer Brittle.,,Las piezas de aleación ya no sufren endeblez.,Les éléments de l'ensemble en alliage ne sont plus Cassants.,Die legierten Rüstungsteile sind nicht mehr spröde.,I pezzi del set in Lega non sono più friabili.,Peças do conjunto de liga não são mais quebradiças.,,,合金セットピースは​もは​や​脆くない。[b][/b],
,,,,,,,,,,,
ARMOR_ANCESTORSSKULL_NAME,Ancestor's Skull,,Cráneo ancestral,Crâne ancestral,Schädel der Urahnen,Teschio dell'Antenato,Crânio Ancestral,,,先祖の​頭蓋骨,
ARMOR_ANCESTORSSKULL_DESC,"- {str_aux_passive_name} -{str_aux_passive_desc}",,- {str_aux_passive_name} -{str_aux_passive_desc},- {str_aux_passive_name} -{str_aux_passive_desc},– {str_aux_passive_name} –{str_aux_passive_desc},- {str_aux_passive_name} -{str_aux_passive_desc},- {str_aux_passive_name} -{str_aux_passive_desc},,,- {str_aux_passive_name} -{str_aux_passive_desc},
ARMOR_ANCESTORSJAW_NAME,Ancestor's Jaw,,Mandíbula ancestral,Mâchoire ancestrale,Kiefer der Urahnen,Mascella dell'Antenato,Mandíbula Ancestral,,,先祖の​顎,
ARMOR_ANCESTORSJAW_DESC,"- {str_aux_passive_name} -{str_aux_passive_desc}",,- {str_aux_passive_name} -{str_aux_passive_desc},- {str_aux_passive_name} -{str_aux_passive_desc},– {str_aux_passive_name} –{str_aux_passive_desc},- {str_aux_passive_name} -{str_aux_passive_desc},- {str_aux_passive_name} -{str_aux_passive_desc},,,- {str_aux_passive_name} -{str_aux_passive_desc},
ARMOR_ANCESTORSBONES_NAME,Ancestor's Bones,,Huesos ancestrales,Os ancestraux,Knochen der Urahnen,Ossa dell'Antenato,Ossos Ancestrais,,,先祖の​骨,
ARMOR_ANCESTORSBONES_DESC,"- {str_aux_passive_name} -{str_aux_passive_desc}",,- {str_aux_passive_name} -{str_aux_passive_desc},- {str_aux_passive_name} -{str_aux_passive_desc},– {str_aux_passive_name} –{str_aux_passive_desc},- {str_aux_passive_name} -{str_aux_passive_desc},- {str_aux_passive_name} -{str_aux_passive_desc},,,- {str_aux_passive_name} -{str_aux_passive_desc},
SETBONUS_ANCESTOR_NAME,Ancestor Set Bonus!,,¡Bonificación de conjunto ancestral!,Bonus d'ensemble&nbsp;: ancestral&nbsp;!,Setbonus: Rüstung der Urahnen!,Bonus Set: Antenato!,Bônus de Conjunto Ancestral!,,,先祖セットボーナス!,
SETBONUS_ANCESTOR_DESC,Spawn a spectral copy of yourself when you die.The copy dies at the end of its turn.,,Genera una copia espectral al morir.La copia muere al final del turno.,Votre double spectral apparaît quand vous êtes mis K.O.Le double meure à la fin de son tour.,"Wenn du stirbst, erscheint ein Geisterklon von dir.Der Klon stirbt am Ende seines Zuges.",Genera una tua copia spettrale quando muori.La copia muore alla fine del suo turno.,Gere uma cópia espectral sua ao morrer.Essa cópia morre no final de seu turno.,,,死亡時に​自分の​スペクトルコピーを​出現させる。​コピーは​自身の​ターン終了時に​死ぬ。[b][/b],
,,,,,,,,,,,
ARMOR_SCARYBABY_NAME,Scary Baby,,Bebé espantoso,Bébé flippant,Gruseliges Baby,Bebè Spaventoso,Bebê Assustador,,,怖い​赤ちゃん,
ARMOR_SCARYBABY_DESC,Inflict Fear 2 on a random enemy at the start of each battle.,,Inflige 2 de miedo a un enemigo al azar al inicio de cada combate.,Inflige Peur 2&nbsp;à un ennemi aléatoire au début de chaque combat.,Verursache am Anfang jedes Kampfes bei einem zufälligen Gegner Angst&nbsp;2.,Infliggi Paura 2 a un nemico casuale all'inizio di ogni battaglia.,Aplique medo 2 em um inimigo aleatório no início de cada batalha.,,,各バトル開始時に​ランダムな​敵に​恐怖2を​付与する。[b][/b],
ARMOR_CHARMINGBABY_NAME,Charming Baby,,Bebé cautivador,Bébé envoûtant,Charmantes Baby,Bebè Ammaliante,Bebê Charmoso,,,魅力的な​赤ちゃん,
ARMOR_CHARMINGBABY_DESC,Inflict Charmed 2 on a random enemy at the start of each battle.,,Inflige 2 de embrujo a un enemigo al azar al inicio de cada combate.,Inflige Envoûtement 2&nbsp;à un ennemi aléatoire au début de chaque combat.,Verursache am Anfang jedes Kampfes bei einem zufälligen Gegner Charme&nbsp;2.,Infliggi Fascino 2 a un nemico casuale all'inizio di ogni battaglia.,Aplique feitiço 2 em um inimigo aleatório no início de cada batalha.,,,各バトル開始時に​ランダムな​敵に​魅了2を​付与する。[b][/b],
ARMOR_FREEZINGBABY_NAME,Freezing Baby,,Bebé glacial,Bébé gelé,Frostbaby,Bebè Gelido,Bebê Congelante,,,凍結赤ちゃん,
ARMOR_FREEZINGBABY_DESC,Inflict Freeze 2 on a random enemy at the start of each battle.,,Inflige 2 de congelación a un enemigo al azar al inicio de cada combate.,Inflige Gel 2&nbsp;à un ennemi aléatoire au début de chaque combat.,Verursache am Anfang jedes Kampfes bei einem zufälligen Gegner Frost&nbsp;2.,Infliggi Congelamento 2 a un nemico casuale all'inizio di ogni battaglia.,Aplique congelamento 2 em um inimigo aleatório no início de cada batalha.,,,各バトル開始時に​ランダムな​敵に​凍結2を​付与する。[b][/b],
SETBONUS_BABY_NAME,Baby Set Bonus!,,¡Bonificación de conjunto de bebé!,Bonus d'ensemble&nbsp;: bébé&nbsp;!,Setbonus: Babys!,Bonus Set: Bebè!,Bônus de Conjunto de Bebê!,,,赤ちゃん​セットボーナス!,
SETBONUS_BABY_DESC,Start battle with a baby version of yourself.,,Empieza el combate con una versión propia en bebé.,Vous débutez le combat avec une version bébé de vous-même.,Beginne jeden Kampf mit einer Babyversion deiner selbst.,Inizi la battaglia con una tua versione bebè.,Inicie a batalha com uma versão sua bebê.,,,自分の​赤ちゃん​バージ​ョンで​バトルを​開始する。[b][/b],
,,,,,,,,,,,
ARMOR_BARBEDHAT_NAME,Barbed Hat,,Gorro de espino,Chapeau barbelé,Dornenhelm,Cappello Spinato,Chapéu Farpado,,,棘付きハット,
ARMOR_BARBEDHAT_DESC,"+1 Damage, +1 Thorns, -1 max HP.",,"+1 de daño, +1 de espinas, -1 PS máximos.","Dégâts +1, Épines +1, PV max. -1.","+1&nbsp;Schaden, +1&nbsp;Dornen, -1&nbsp;max LP.","+1 al Danno, +1 Spine, -1 PS massimi.","+1 de dano, +1 de espinhos, -1 de saúde máxima.",,,+1 ダメージ、​+1 棘、​-1 最大HP。[b][/b],
ARMOR_BARBEDMASK_NAME,Barbed Mask,,Máscara de espino,Masque barbelé,Dornenmaske,Maschera Spinata,Máscara Farpada,,,棘付きマスク,
ARMOR_BARBEDMASK_DESC,"+1 Damage, +1 Thorns, -1 max HP.",,"+1 de daño, +1 de espinas, -1 PS máximos.","Dégâts +1, Épines +1, PV max. -1.","+1&nbsp;Schaden, +1&nbsp;Dornen, -1&nbsp;max LP.","+1 al Danno, +1 Spine, -1 PS massimi.","+1 de dano, +1 de espinhos, -1 de saúde máxima.",,,+1 ダメージ、​+1 棘、​-1 最大HP。[b][/b],
ARMOR_BARBEDARMOR_NAME,Barbed Necklace,,Gargantilla de espino,Collier barbelé,Dornenhalsband,Collana Spinata,Colar Farpado,,,棘付きネックレス,
ARMOR_BARBEDARMOR_DESC,"+1 Damage, +1 Thorns, -1 max HP.",,"+1 de daño, +1 de espinas, -1 PS máximos.","Dégâts +1, Épines +1, PV max. -1.","+1&nbsp;Schaden, +1&nbsp;Dornen, -1&nbsp;max LP.","+1 al Danno, +1 Spine, -1 PS massimi.","+1 de dano, +1 de espinhos, -1 de saúde máxima.",,,+1 ダメージ、​+1 棘、​-1 最大HP。[b][/b],
SETBONUS_BARBED_NAME,Barbed Set Bonus!,,¡Bonificación de conjunto de espino!,Bonus d'ensemble&nbsp;: barbelés&nbsp;!,Setbonus: Dornen!,Bonus Set: Spinato!,Bônus de Conjunto Farpado!,,,棘付きセットボーナス!,
SETBONUS_BARBED_DESC,+3 Thorns.,,+3 de espinas.,Épines +3.,+3&nbsp;Dornen.,+3 Spine.,+3 de espinhos.,,,+3 棘。,
,,,,,,,,,,,
ARMOR_BIGROCKHAT_NAME,Big Rock Hat,,Sombrero de roca grande,Chapeau rocher,Großer Steinhelm,Cappello di Roccia Grande,Chapéu de Pedra Grande,,,大きな​岩ハット,
ARMOR_BIGROCKHAT_DESC,Brace 2.,,2 de refuerzo.,Garde +2.,Wappnen&nbsp;2.,Guardia 2.,Preparação 2.,,,防御2。,
ARMOR_BIGROCKMASK_NAME,Big Rock Mask,,Máscara de roca grande,Masque rocher,Große Steinmaske,Maschera di Roccia Grande,Máscara de Pedra Grande,,,大きな​岩マスク,
ARMOR_BIGROCKMASK_DESC,Brace 2.,,2 de refuerzo.,Garde +2.,Wappnen&nbsp;2.,Guardia 2.,Preparação 2.,,,防御2。,
ARMOR_BIGROCKNECKLACE_NAME,Big Rock Necklace,,Gargantilla de roca grande,Collier rocher,Großes Steinhalsband,Collana di Roccia Grande,Colar de Pedra Grande,,,大きな​岩ネックレス,
ARMOR_BIGROCKNECKLACE_DESC,Brace 2.,,2 de refuerzo.,Garde +2.,Wappnen&nbsp;2.,Guardia 2.,Preparação 2.,,,防御2。,
SETBONUS_BIGROCK_NAME,Big Rock Set Bonus!,,¡Bonificación de conjunto de roca grande!,Bonus d'ensemble&nbsp;: rocher&nbsp;!,Setbonus: Große Steine!,Bonus Set: Roccia Grande!,Bônus de Conjunto de Pedra Grande!,,,大きな​岩セットボーナス!,
SETBONUS_BIGROCK_DESC,Spawn 2 Charmed Geolads at the start of each battle.,,Genera 2 petráqueos embrujados al inicio de cada combate.,Invoque 2&nbsp;racaillots envoûtés au début de chaque combat.,Rufe am Anfang jedes Kampfes 2 freundliche Steinkleins.,Generi 2 Geotipi Ammaliati all'inizio di ogni battaglia.,Gere 2 granitoides enfeitiçados no início de cada batalha.,,,各バトル開始時に​魅了された​ジオラッド2体を​出現させる。[b][/b],
,,,,,,,,,,,
ARMOR_BIONICHAT_NAME,Bionic Skull Plating,,Blindaje biónico para cráneo,Renfort crânien bionique,Bionischer Schädelpanzer,Placcatura Bionica Teschio,Blindagem Biônica de Crânio,,,バイオニック頭蓋骨プレート,
ARMOR_BIONICHAT_DESC,Fragile.,,Fragilidad.,Fragile.,Zerbrechlich.,Fragile.,Frágil.,,,脆弱。,
ARMOR_BIONICMASK_NAME,Bionic Face Plating,,Blindaje biónico para rostro,Renfort facial bionique,Bionischer Gesichtspanzer,Placcatura Bionica Volto,Blindagem Biônica de Rosto,,,バイオニックフェイスプレート,
ARMOR_BIONICMASK_DESC,Fragile.,,Fragilidad.,Fragile.,Zerbrechlich.,Fragile.,Frágil.,,,脆弱。,
ARMOR_BIONICARMOR_NAME,Bionic Neck Plating,,Blindaje biónico para cuello,Renfort cervical bionique,Bionischer Halspanzer,Placcatura Bionica Collo,Blindagem Biônica de Pescoço,,,バイオニックネックプレート,
ARMOR_BIONICARMOR_DESC,Fragile.,,Fragilidad.,Fragile.,Zerbrechlich.,Fragile.,Frágil.,,,脆弱。,
SETBONUS_BIONIC_NAME,Bionic Set Bonus!,,¡Bonificación de conjunto biónico!,Bonus d'ensemble&nbsp;: bionique&nbsp;!,Setbonus: Bionische Panzer!,Bonus Set: Bionico!,Bônus de Conjunto Biônico!,,,バイオニックセットボーナス!,
SETBONUS_BIONIC_DESC,Your movement action becomes an infinite range Teleport.Bionic Set Pieces are no longer Fragile.,,La acción de movimiento se transforma en teletransporte de alcance infinito.Las piezas biónicas ya no sufren fragilidad.,Votre action de déplacement devient une téléportation à portée infinie.Les éléments de l'ensemble bionique ne sont plus Fragiles.,Deine Bewegungsaktion wird zu einem Teleport mit unendlicher Reichweite.Die bionischen Setgegenstände sind nicht mehr zerbrechlich.,La tua azione di movimento diventa un Teletrasporto a raggio d'azione infinito.I pezzi del set Bionico non sono più Fragili.,Sua ação de movimento se torna um teletransporte de alcance infinito.Peças do conjunto biônico não são mais frágeis.,,,移動アクションが​無限射程の​テレポートに​なる。​バイオニックセットピースは​もは​や脆弱でない。[b][/b],
,,,,,,,,,,,
ARMOR_BONESHAT_NAME,Skull Cap,,Tapa del cráneo,Couvre-chef crâne,Schädelkappe,Calotta Cranica,Chapéu de Crânio,,,頭蓋骨キャップ,
ARMOR_BONESHAT_DESC,"Breaks when [img:shield] is depleted.When it breaks, gain +1 [img:int] and +3 Health Regen for the rest of the battle.",,"Se rompe al agotarse [img:shield].Al romperse, obtiene +1 [img:int] y +3 de regeneración de salud durante el resto del combate.","Se brise quand votre [img:shield] est à 0.Brisé, vous confère [img:int] +1&nbsp;et Régénération de PV +3&nbsp;jusqu'à la fin du combat.","Geht kaputt, wenn [img:shield] aufgebraucht ist.Erhalte +1&nbsp;[img:int] und +3&nbsp;Lebensregeneration für den Rest des Kampfes, wenn dies geschieht.","Si rompe quando lo [img:shield] è esaurito.Quando si rompe, ottieni +1 all'[img:int] e +3 a Rigenerazione Salute per il resto della battaglia.","Quebra quando se [img:shield] se esgota.Quando este item se quebra, você obtém +1 de [img:int] e +3 de regeneração de saúde pelo resto da batalha.",,,[img:shield]が​枯渇すると​壊れる。​壊れると、​バトルの​残り​時間+1 [img:int]と​+3 HP再生を​得る。,
ARMOR_BONESMASK_NAME,Jawbone,,Mandíbula,Mâchoire,Kieferknochen,Mandibola,Mandíbula,,,顎の​骨,
ARMOR_BONESMASK_DESC,"Breaks when [img:shield] is depleted.When it breaks, gain +1 [img:str] and +3 Health Regen for the rest of the battle.",,"Se rompe al agotarse [img:shield].Al romperse, obtiene +1 [img:str] y +3 de regeneración de salud durante el resto del combate.","Se brise quand votre [img:shield] est à 0.Brisé, vous confère [img:str] +1&nbsp;et Régénération de PV +3&nbsp;jusqu'à la fin du combat.","Geht kaputt, wenn [img:shield] aufgebraucht ist.Erhalte +1&nbsp;[img:str] und +3&nbsp;Lebensregeneration für den Rest des Kampfes, wenn dies geschieht.","Si rompe quando lo [img:shield] è esaurito.Quando si rompe, ottieni +1 all'[img:int] e +3 a Rigenerazione Salute per il resto della battaglia.","Quebra quando se [img:shield] se esgota.Quando este item se quebra, você obtém +1 de [img:str] e +3 de regeneração de saúde pelo resto da batalha.",,,[img:shield]が​枯渇すると​壊れる。​壊れると、​バトルの​残り​時間+1 [img:str]と​+3 HP再生を​得る。,
ARMOR_BONESARMOR_NAME,Bone Necklace,,Gargantilla de hueso,Collier d'os,Knochenkette,Collana d'Ossa,Colar de Osso,,,骨の​ネックレス,
ARMOR_BONESARMOR_DESC,"Breaks when [img:shield] is depleted.When it breaks, gain +1 [img:dex] and +3 Health Regen for the rest of the battle.",,"Se rompe al agotarse [img:shield].Al romperse, obtiene +1 [img:dex] y +3 de regeneración de salud durante el resto del combate.","Se brise quand votre [img:shield] est à 0.Brisé, vous confère [img:dex] +1&nbsp;et Régénération de PV +3&nbsp;jusqu'à la fin du combat.","Geht kaputt, wenn [img:shield] aufgebraucht ist.Erhalte +1&nbsp;[img:dex] und +3&nbsp;Lebensregeneration für den Rest des Kampfes, wenn dies geschieht.","Si rompe quando lo [img:shield] è esaurito.Quando si rompe, ottieni +1 all'[img:int] e +3 a Rigenerazione Salute per il resto della battaglia.","Quebra quando se [img:shield] se esgota.Quando este item se quebra, você obtém +1 de [img:dex] e +3 de regeneração de saúde pelo resto da batalha.",,,[img:shield]が​枯渇すると​壊れる。​壊れると、​バトルの​残り​時間+1 [img:dex]と​+3 HP再生を​得る。,
SETBONUS_BONE_NAME,Bone Set Bonus!,,¡Bonificación de conjunto óseo!,Bonus d'ensemble&nbsp;: os&nbsp;!,Setbonus: Knochenrüstung!,Bonus Set: Ossa!,Bônus de Conjunto de Ossos!,,,骨セットボーナス!,
SETBONUS_BONE_DESC,Find a random common bone item at the end of each battle.,,Encuentra un objeto de hueso común al azar al final de cada combate.,Vous trouvez un objet commun en os aléatoire à la fin de chaque combat.,Finde am Ende jedes Kampfes einen zufälligen gewöhnlichen Knochengegenstand.,Trovi un oggetto d'ossa comune casuale alla fine di ogni battaglia.,Encontre um item de osso comum aleatório no final de cada batalha.,,,各バトル終了時に​ランダムな​コモン骨アイテムを​見つける。[b][/b],
,,,,,,,,,,,
ARMOR_BRICKHAT_NAME,Brick Hat,,Gorro de ladrillo,Chapeau brique,Ziegelhut,Cappello di Mattoni,Chapéu de Tijolo,,,レンガハット,
ARMOR_BRICKHAT_DESC,Inflict Bruise 1 on units that contact you.,,Inflige 1 de moratón a las unidades que entren en contacto con esta.,Inflige Contusion +1&nbsp;aux unités qui vous touchent.,"Verursache Beulen&nbsp;1 bei Einheiten, die dich berühren.",Infliggi Livido 1 alle unità che ti toccano.,Aplique contusão 1 em unidades que entrarem em contato com você.,,,あなたに​接触した​ユニットに​打撲1を​付与する。[b][/b],
ARMOR_BRICKMASK_NAME,Brick Mask,,Máscara de ladrillo,Masque brique,Ziegelmaske,Maschera di Mattoni,Máscara de Tijolo,,,レンガマスク,
ARMOR_BRICKMASK_DESC,Inflict Bruise 1 on units that contact you.,,Inflige 1 de moratón a las unidades que entren en contacto con esta.,Inflige Contusion +1&nbsp;aux unités qui vous touchent.,"Verursache Beulen&nbsp;1 bei Einheiten, die dich berühren.",Infliggi Livido 1 alle unità che ti toccano.,Aplique contusão 1 em unidades que entrarem em contato com você.,,,あなたに​接触した​ユニットに​打撲1を​付与する。[b][/b],
ARMOR_BRICKNECKLACE_NAME,Brick Necklace,,Gargantilla de ladrillo,Collier brique,Ziegelhalsband,Collana di Mattoni,Colar de Tijolo,,,レンガネックレス,
ARMOR_BRICKNECKLACE_DESC,Inflict Bruise 1 on units that contact you.,,Inflige 1 de moratón a las unidades que entren en contacto con esta.,Inflige Contusion +1&nbsp;aux unités qui vous touchent.,"Verursache Beulen&nbsp;1 bei Einheiten, die dich berühren.",Infliggi Livido 1 alle unità che ti toccano.,Aplique contusão 1 em unidades que entrarem em contato com você.,,,あなたに​接触した​ユニットに​打撲1を​付与する。[b][/b],
SETBONUS_BRICK_NAME,Brick Set Bonus!,,¡Bonificación de conjunto de ladrillo!,Bonus d'ensemble&nbsp;: brique&nbsp;!,Setbonus: Ziegelrüstung!,Bonus Set: Mattoni!,Bônus de Conjunto de Tijolo!,,,レンガセットボーナス!,
SETBONUS_BRICK_DESC,Knockback immunity.,,Inmunidad al retroceso.,Immunité au Recul.,Immun gegen Rückstoß.,Immunità al Contraccolpo.,Imunidade contra empurrões.,,,ノックバック無効。,
,,,,,,,,,,,
ARMOR_FLESHSHROUD_NAME,Flesh Shroud,,Sudario de carne,Voile de chair,Fleischschleier,Sudario di Carne,Véu de Carne,,,肉の​覆い,
ARMOR_FLESHSHROUD_DESC,"Gain +1 [img:shield] each time you heal.When you kill a unit or destroy a corpse, it becomes meat.",,"Obtiene +1 [img:shield] cada vez que recupera salud.Al matar a una unidad o destruir un cadáver, el objeto se transforma en carne.",[img:shield] +1&nbsp;quand vous vous soignez.Les unités que vous tuez et les cadavres que vous détruisez se changent en viande.,"Erhalte jedes Mal, wenn du dich heilst, +1&nbsp;[img:shield].Wenn du eine Einheit tötest oder eine Leiche zerstörst, wird sie zu Fleisch.","Ottieni +1 allo [img:shield] ogni volta che ti curi.Quando uccidi un'unità o distruggi un cadavere, esso diventa carne.","Obtenha +1 de [img:shield] toda vez que se curar.Ao matar uma unidade ou destruir um corpo, ele se torna carne.",,,回復する​たびに​+1 [img:shield]を​得る。​ユニットを​キルまたは​死体を​破壊すると、​それは​肉に​なる。,
ARMOR_IRONJAW_NAME,Iron Jaw,,Mandíbula de hierro,Mâchoire d'acier,Eisenkiefer,Mascella di Ferro,Mandíbula de Ferro,,,鉄の​顎,
ARMOR_IRONJAW_DESC,Counterattack melee attackers with a bite that deals 3 damage with Lifesteal.,,Contrarresta a los atacantes cuerpo a cuerpo con un mordisco que inflige 3 de daño con robavida.,Contre-attaque face aux attaques au corps-à-corps à l'aide d'une morsure qui inflige 3&nbsp;dégâts avec Vol de vie.,"Kontere Nahkämpfer mit einem Biss, der 3&nbsp;Schaden verursacht und Leben absaugt.",Contrattacca gli attaccanti corpo a corpo con un morso che infligge 3 di danno con Rubavita.,Contra-ataque agressores corpo-a-corpo com uma mordida que causa 3 de dano e possui roubo de vida.,,,近接攻撃者に​ライフスティール​付きの​3ダメージの​噛みつきで​反撃する。[b][/b],
ARMOR_HOOKEDNECKLACE_NAME,Hooked Necklace,,Gargantilla ganchuda,Collier de crochets,Hakenhalskette,Collana Uncinata,Colar de Ganchos,,,鉤付きネックレス,
ARMOR_HOOKEDNECKLACE_DESC,+2 Thorns. Cleave units that contact you.,,+2 de espinas. Hace una incisión a las unidades que entren en contacto con esta.,Épines +2. Inflige Fendoir aux unités qui vous touchent.,"+2&nbsp;Dornen. Schlachte Einheiten, die dich berühren.",+2 Spine. Infliggi Fendente alle unità che ti toccano.,+2 de espinhos. Cause cisão em unidades que entrarem em contato com você.,,,+2 棘。​あなたに​接触した​ユニットを​切り裂く。[b][/b],
SETBONUS_BUTCHER_NAME,Butcher Set Bonus!,,¡Bonificación de conjunto de carnicero!,Bonus d'ensemble&nbsp;: barbare&nbsp;!,Setbonus: Schlachter!,Bonus Set: Macellaio!,Bônus de Conjunto de Açougueiro!,,,肉屋セットボーナス!,
SETBONUS_BUTCHER_DESC,Food and scrap pickups you spawn are bigger.,,Se generan recogibles de chatarra y de comida más grandes.,La nourriture et les morceaux de ferraille que vous faites apparaître sont plus gros.,"Essens- und Schrottgegenstände, die du erscheinen lässt, sind größer.",I raccoglibili Cibo e Rottami che generi sono più grandi.,Coletáveis de comida e sucata que você gera são maiores.,,,出現させる​食料と​スクラップピックアップが​大きくなる。[b][/b],
,,,,,,,,,,,
ARMOR_CACTUSMASK_NAME,Cactus Mask,,Máscara de cactus,Masque cactus,Kaktkusmaske,Maschera del Cactus,Máscara de Cacto,,,サボテンマスク,
ARMOR_CACTUSMASK_DESC,"+3 Thorns, Brittle.Gain +2 [img:con] permanently and heal 10 HP when this breaks.",,"+3 de espinas, endeblez.Obtiene +2 [img:con] para siempre y recupera 10 PS al romperse.","Épines +3, Cassant.[img:con] +2&nbsp;de façon permanente, rend 10&nbsp;PV quand brisé.","+3&nbsp;Dornen, Spröde.Erhalte dauerhaft +2&nbsp;[img:con] und heile 10&nbsp;LP, wenn dieser Gegenstand kaputtgeht.","+3 Spine, Friabile.Ottieni +2 alla [img:con] permanentemente e rigeneri 10 PS quando si rompe.",+3 de espinhos. Quebradiço.Obtenha +2 de [img:con] permanentemente e cure 10 PV quando este item se quebrar.,,,+3 棘、​脆い。​壊れると​永続的に​+2 [img:con]を​得て​HP10回復する。,
ARMOR_CACTUSHAT_NAME,Cactus Hat,,Sombrero de cactus,Chapeau cactus,Kaktushut,Cappello del Cactus,Chapéu de Cacto,,,サボテンハット,
ARMOR_CACTUSHAT_DESC,"+3 Thorns, Brittle.Gain +2 [img:con] permanently and heal 10 HP when this breaks.",,"+3 de espinas, endeblez.Obtiene +2 [img:con] para siempre y recupera 10 PS al romperse.","Épines +3, Cassant.[img:con] +2&nbsp;de façon permanente, rend 10&nbsp;PV quand brisé.","+3&nbsp;Dornen, Spröde.Erhalte dauerhaft +2&nbsp;[img:con] und heile 10&nbsp;LP, wenn dieser Gegenstand kaputtgeht.","+3 Spine, Friabile.Ottieni +2 alla [img:con] permanentemente e rigeneri 10 PS quando si rompe.",+3 de espinhos. Quebradiço.Obtenha +2 de [img:con] permanentemente e cure 10 PV quando este item se quebrar.,,,+3 棘、​脆い。​壊れると​永続的に​+2 [img:con]を​得て​HP10回復する。,
ARMOR_CACTUSNECKLACE_NAME,Cactus Necklace,,Gargantilla de cactus,Collier cactus,Kaktushalskette,Collana del Cactus,Colar de Cacto,,,サボテンネックレス,
ARMOR_CACTUSNECKLACE_DESC,"+3 Thorns, Brittle.Gain +2 [img:con] permanently and heal 10 HP when this breaks.",,"+3 de espinas, endeblez.Obtiene +2 [img:con] para siempre y recupera 10 PS al romperse.","Épines +3, Cassant.[img:con] +2&nbsp;de façon permanente, rend 10&nbsp;PV quand brisé.","+3&nbsp;Dornen, Spröde.Erhalte dauerhaft +2&nbsp;[img:con] und heile 10&nbsp;LP, wenn dieser Gegenstand kaputtgeht.","+3 Spine, Friabile.Ottieni +2 alla [img:con] permanentemente e rigeneri 10 PS quando si rompe.",+3 de espinhos. Quebradiço.Obtenha +2 de [img:con] permanentemente e cure 10 PV quando este item se quebrar.,,,+3 棘、​脆い。​壊れると​永続的に​+2 [img:con]を​得て​HP10回復する。,
SETBONUS_CACTUS_NAME,Cactus Set Bonus!,,¡Bonificación de conjunto de cactus!,Bonus d'ensemble&nbsp;: cactus&nbsp;!,Setbonus: Kaktus!,Bonus Set: Cactus!,Bônus de Conjunto de Cacto!,,,サボテンセットボーナス!,
SETBONUS_CACTUS_DESC,"+2 Thorns.Whenever any Cactus armor breaks, increase all your stats by 1, permanently.",,"+2 de espinas.Siempre que se rompe una armadura de cactus, todos los atributos aumentan en 1, para siempre.","Épines +2.Quand une pièce d'armure cactus se brise, vos stats augmentent de 1&nbsp;de façon permanente.","+2&nbsp;Dornen.Immer, wenn ein Kaktusgegenstand kaputtgeht, erhöhen sich all deine Attribute dauerhaft um 1.","+2 Spine.Ogni volta che si rompe un pezzo d'armatura di tipo cactus, tutte le tue statistiche aumentano permanentemente di 1.","+2 de espinhos.Sempre que qualquer peça de armadura de cacto se quebra, aumente permanentemente todos os seus atributos em 1.",,,+2 棘。​いずれかの​サボテン防具が​壊れると、​すべての​ステータスを​永続的に​1増加させる。[b][/b],
,,,,,,,,,,,
ARMOR_CARAPACEHAT_NAME,Carapace Hat,,Sombrero de caparazón,Chapeau carapace,Panzerhut,Cappello a Carapace,Chapéu de Carapaça,,,甲羅ハット,
ARMOR_CARAPACEHAT_DESC,Cleanse 1 stack of a random negative status effect when you end your turn.,,Elimina 1 acumulación de un efecto de estado negativo al azar al final del turno.,Dissipe +1&nbsp;cumul de malus aléatoire à la fin de votre tour.,"Reinige 1&nbsp;Stapel eines zufälligen negativen Statuseffekts, wenn du deinen Zug beendest.",Rimuove 1 stack di un effetto di stato negativo casuale alla fine del tuo turno.,Purifique uma acumulação de um efeito de estado negativo aleatório ao finalizar seu turno.,,,ターン終了時に​ランダムな​負の​ステータス効果1スタックを​浄化する。[b][/b],
ARMOR_CARAPACEMASK_NAME,Carapace Mask,,Máscara de caparazón,Masque carapace,Panzermaske,Maschera a Carapace,Máscara de Carapaça,,,甲羅マスク,
ARMOR_CARAPACEMASK_DESC,Cleanse 1 stack of a random negative status effect when you end your turn.,,Elimina 1 acumulación de un efecto de estado negativo al azar al final del turno.,Dissipe +1&nbsp;cumul de malus aléatoire à la fin de votre tour.,"Reinige 1&nbsp;Stapel eines zufälligen negativen Statuseffekts, wenn du deinen Zug beendest.",Rimuove 1 stack di un effetto di stato negativo casuale alla fine del tuo turno.,Purifique uma acumulação de um efeito de estado negativo aleatório ao finalizar seu turno.,,,ターン終了時に​ランダムな​負の​ステータス効果1スタックを​浄化する。[b][/b],
ARMOR_CARAPACENECKLACE_NAME,Carapace Necklace,,Gargantilla de caparazón,Collier carapace,Panzerhalskette,Collana a Carapace,Colar de Carapaça,,,甲羅ネックレス,
ARMOR_CARAPACENECKLACE_DESC,Cleanse 1 stack of a random negative status effect when you end your turn.,,Elimina 1 acumulación de un efecto de estado negativo al azar al final del turno.,Dissipe +1&nbsp;cumul de malus aléatoire à la fin de votre tour.,"Reinige 1&nbsp;Stapel eines zufälligen negativen Statuseffekts, wenn du deinen Zug beendest.",Rimuove 1 stack di un effetto di stato negativo casuale alla fine del tuo turno.,Purifique uma acumulação de um efeito de estado negativo aleatório ao finalizar seu turno.,,,ターン終了時に​ランダムな​負の​ステータス効果1スタックを​浄化する。[b][/b],
SETBONUS_CARAPACE_NAME,Carapace Set Bonus!,,¡Bonificación de conjunto de caparazón!,Bonus d'ensemble&nbsp;: carapace&nbsp;!,Setbonus: Panzer!,Bonus Set: Carapace!,Bônus de Conjunto de Carapaça!,,,甲羅セットボーナス!,
SETBONUS_CARAPACE_DESC,Gain 3 random stat ups at the end of your turn.,,Obtiene 3 aumentos de atributo al azar al final del turno.,Vous confère +3&nbsp;stats aléatoires à la fin de votre tour.,Erhalte am Ende deines Zuges einen Bonus auf 3 zufällige Attribute.,Ottieni 3 potenziamenti casuali alle statistiche alla fine del tuo turno.,Obtenha 3 atributos aleatórios aumentados no final do seu turno.,,,ターン終了時に​ランダムな​ステータスアップ3つを​得る。[b][/b],
,,,,,,,,,,,
ARMOR_CARDBOARDHAT_NAME,Cardboard Hat,,Sombrero de cartón,Chapeau en carton,Papphut,Cappello di Cartone,Chapéu de Papelão,,,段ボールハット,
ARMOR_CARDBOARDHAT_DESC,"Fragile, Flammable, Brittle when wet.",,"Esta unidad sufre fragilidad, inflamabilidad y endeblez mientras está mojada.","Fragile, Inflammable et Cassant quand Mouillé.","Zerbrechlich, leicht brennbar, spröde, wenn er nass wird.","Fragile, Infiammabile, Friabile se bagnato.","Frágil, inflamável, quebradiço ao molhar.",,,脆弱、​可燃、​濡れると​脆い。[b][/b],
ARMOR_CARDBOARDMASK_NAME,Cardboard Mask,,Máscara de cartón,Masque en carton,Pappmaske,Maschera di Cartone,Máscara de Papelão,,,段ボールマスク,
ARMOR_CARDBOARDMASK_DESC,"Fragile, Flammable, Brittle when wet.",,"Esta unidad sufre fragilidad, inflamabilidad y endeblez mientras está mojada.","Fragile, Inflammable et Cassant quand Mouillé.","Zerbrechlich, leicht brennbar, spröde, wenn sie nass wird.","Fragile, Infiammabile, Friabile se bagnata.","Frágil, inflamável, quebradiço ao molhar.",,,脆弱、​可燃、​濡れると​脆い。[b][/b],
ARMOR_CARDBOARDARMOR_NAME,Cardboard Necklace,,Gargantilla de cartón,Collier en carton,Papphalskette,Collana di Cartone,Colar de Papelão,,,段ボールネックレス,
ARMOR_CARDBOARDARMOR_DESC,"Fragile, Flammable, Brittle when wet.",,"Esta unidad sufre fragilidad, inflamabilidad y endeblez mientras está mojada.","Fragile, Inflammable et Cassant quand Mouillé.","Zerbrechlich, leicht brennbar, spröde, wenn sie nass wird.","Fragile, Infiammabile, Friabile se bagnata.","Frágil, inflamável, quebradiço ao molhar.",,,脆弱、​可燃、​濡れると​脆い。[b][/b],
SETBONUS_CARDBOARD_NAME,Cardboard Set Bonus!,,¡Bonificación de conjunto de cartón!,Bonus d'ensemble&nbsp;: carton&nbsp;!,Setbonus: Papprüstung!,Bonus Set: Cartone!,Bônus de Conjunto de Papelão!,,,段ボールセットボーナス!,
SETBONUS_CARDBOARD_DESC,Cardboard Set Pieces are no longer Fragile.,,Las piezas de cartón ya no sufren de fragilidad.,Les éléments de l'ensemble en carton ne sont plus Fragiles.,Pappgegenstände sind nicht mehr zerbrechlich.,I pezzi del set di cartone non sono più fragili.,Peças do conjunto de papelão não são mais frágeis.,,,段ボールセットピースは​もは​や脆弱でない。[b][/b],
,,,,,,,,,,,
ARMOR_CATHIDEHAT_NAME,Cathide Hat,,Gorro de pellejo de gato,Chapeau en peau de chat,Katzenlederhut,Cappello di Pelle di Gatto,Chapéu de Couro de Gato,,,猫皮ハット,
ARMOR_CATHIDEHAT_DESC,+1 Health Regen.5% chance to spawn a Flea Familiar at the end of your turn.,,+1 de regeneración de salud.5 % de probabilidad de generar un familiar pulga al final del turno.,Régénération de PV +1.+5&nbsp;% de chances d'invoquer une puce de compagnie à la fin de votre tour.,"+1&nbsp;Lebensregeneration.5%ige Wahrscheinlichkeit, am Ende deines Zuges einen Flohbegleiter zu rufen.",+1 a Rigenerazione Salute.5% di probabilità di generare un famiglio Pulce alla fine del tuo turno.,+1 de regeneração de saúde.5% de chance de gerar um familiar pulga no final do seu turno.,,,+1 HP再生。​ターン終了時に​5%の​確率で​ノミ使い魔を​出現させる。[b][/b],
ARMOR_CATHIDEMASK_NAME,Cathide Mask,,Máscara de pellejo de gato,Masque en peau de chat,Katzenledermaske,Maschera di Pelle di Gatto,Máscara de Couro de Gato,,,猫皮マスク,
ARMOR_CATHIDEMASK_DESC,+1 Health Regen.5% chance to spawn a Flea Familiar at the end of your turn.,,+1 de regeneración de salud.5 % de probabilidad de generar un familiar pulga al final del turno.,Régénération de PV +1.+5&nbsp;% de chances d'invoquer une puce de compagnie à la fin de votre tour.,"+1&nbsp;Lebensregeneration.5%ige Wahrscheinlichkeit, am Ende deines Zuges einen Flohbegleiter zu rufen.",+1 a Rigenerazione Salute.5% di probabilità di generare un famiglio Pulce alla fine del tuo turno.,+1 de regeneração de saúde.5% de chance de gerar um familiar pulga no final do seu turno.,,,+1 HP再生。​ターン終了時に​5%の​確率で​ノミ使い魔を​出現させる。[b][/b],
ARMOR_CATHIDEARMOR_NAME,Cathide Armor,,Armadura de pellejo de gato,Armure en peau de chat,Katzenlederrüstung,Armatura di Pelle di Gatto,Armadura de Couro de Gato,,,猫皮アーマー,
ARMOR_CATHIDEARMOR_DESC,+1 Health Regen.5% chance to spawn a Flea Familiar at the end of your turn.,,+1 de regeneración de salud.5 % de probabilidad de generar un familiar pulga al final del turno.,Régénération de PV +1.+5&nbsp;% de chances d'invoquer une puce de compagnie à la fin de votre tour.,"+1&nbsp;Lebensregeneration.5%ige Wahrscheinlichkeit, am Ende deines Zuges einen Flohbegleiter zu rufen.",+1 a Rigenerazione Salute.5% di probabilità di generare un famiglio Pulce alla fine del tuo turno.,+1 de regeneração de saúde.5% de chance de gerar um familiar pulga no final do seu turno.,,,+1 HP再生。​ターン終了時に​5%の​確率で​ノミ使い魔を​出現させる。[b][/b],
SETBONUS_CATHIDE_NAME,Cathide Set Bonus!,,¡Bonificación de conjunto de pellejo de gato!,Bonus d'ensemble&nbsp;: peau de chat&nbsp;!,Setbonus: Katzenleder!,Bonus Set: Pelle di Gatto!,Bônus de Conjunto de Couro de Gato,,,猫皮セットボーナス!,
SETBONUS_CATHIDE_DESC,5% chance to spawn a Flea each turn.Familiars have +1 Damage and +1 movement range.,,5 % de probabilidad de generar una pulga cada turno.Los familiares obtienen +1 de daño y +1 de alcance del movimiento.,5&nbsp;% de chances d'invoquer une puce de compagnie chaque tour.Les familiers bénéficient de Dégâts +1&nbsp;et Portée de déplacement +1.,"5%ige Wahrscheinlichkeit, in jedem Zug einen Floh zu rufen.Begleiter haben +1&nbsp;Schaden und +1&nbsp;Bewegungsreichweite.",5% di probabilità di generare una Pulce ogni turno.I famigli hanno +1 al Danno e +1 al raggio di movimento.,5% de chance de gerar uma pulga em cada turno.Familiares possuem +1 de dano e +1 de alcance de movimento.,,,各ターン5%の​確率で​ノミを​出現させる。​使い魔は​+1 ダメージと​+1 移動範囲を​得る。[b][/b],
,,,,,,,,,,,
ARMOR_CAVEMANWIG_NAME,Caveman Wig,,Peluca cavernícola,Perruque primitive,Perücke eines Höhlenmenschen,Parrucca da Cavernicolo,Peruca de Homem das Cavernas,,,原始人の​かつら,
ARMOR_CAVEMANWIG_DESC,Spawn 1-3 Charmed Lice at the start of each battle.,,Genera 1-3 piojos embrujados al inicio de cada combate.,Invoque 1&nbsp;à 3&nbsp;poux envoûtés au début de chaque combat.,Rufe am Anfang jedes Kampfes 1&nbsp;– 3 freundlichen Läuse.,Generi 1-3 Pidocchi Ammaliati all'inizio di ogni battaglia.,Gere 1-3 piolhos enfeitiçados no início de cada batalha.,,,各バトル開始時に​魅了された​シラミ1-3体を​出現させる。[b][/b],
ARMOR_CAVEMANEYEBROWS_NAME,Caveman Eyebrows,,Cejas cavernícolas,Sourcils primitifs,Augenbrauen eines Höhlenmenschen,Sopracciglia da Cavernicolo,Sobrancelhas de Homem das Cavernas,,,原始人の​眉毛,
ARMOR_CAVEMANEYEBROWS_DESC,Your weapons deal double damage.,,Las armas infligen el doble de daño.,Vos armes infligent des dégâts doublés.,Deine Waffen verursachen doppelten Schaden.,Le tue armi infliggono il doppio del danno.,Suas armas causam dano dobrado.,,,武器が​2倍の​ダメージを​与える。[b][/b],
ARMOR_CAVEMANNECKLACE_NAME,Caveman Necklace,,Gargantilla cavernícola,Collier primitif,Halskette eines Höhlenmenschen,Collana da Cavernicolo,Colar de Homem das Cavernas,,,原始人の​ネックレス,
ARMOR_CAVEMANNECKLACE_DESC,+33% crit damage.,,+33 % de daño crítico.,Dégâts critiques +33&nbsp;%.,+33&nbsp;% kritischer Schaden.,+33% al danno critico.,+33% de dano crítico.,,,+33% クリティカルダメージ。,
SETBONUS_CAVEMAN_NAME,Caveman Set Bonus!,,¡Bonificación de conjunto cavernícola!,Bonus d'ensemble&nbsp;: primitif&nbsp;!,Setbonus: Rüstung eines Höhlenmenschen!,Bonus Set: Cavernicolo!,Bônus de Conjunto de Homem das Cavernas!,,,原始人セットボーナス!,
SETBONUS_CAVEMAN_DESC,"If your [img:int] is 1 or less, gain Brace 5.",,"Si tiene 1 o menos de [img:int], obtiene 5 de refuerzo.","Si votre [img:int] est d'1&nbsp;ou moins, vous confère Garde 5.","Erhalte Wappnen&nbsp;5, wenn deine [img:int] 1 oder weniger beträgt.","Se la tua [img:int] è pari o inferiore a 1, ottieni Guardia 5.","Se a sua [img:int] for igual ou menor a 1, obtenha preparação 5.",,,[img:int]が​1以下の​場合、​防御5を​得る。,
,,,,,,,,,,,
ARMOR_OCULARCHIP_NAME,Ocular Chip,,Chip ocular,Puce oculaire,Okularchip,Chip Oculare,Chip Ocular,,,眼球チップ,
ARMOR_OCULARCHIP_DESC,Your spells cost -1 mana.,,Sus hechizos cuestan -1 de maná.,Vos sorts coûtent -1&nbsp;mana.,Deine Zauber kosten -1&nbsp;Mana.,I tuoi incantesimi costano -1 mana.,Seus encantamentos custam -1 de mana.,,,スペルが​-1 マナコストに​なる。[b][/b],
ARMOR_CEREBRALCHIP_NAME,Cerebral Chip,,Chip cerebral,Puce cérébrale,Zerebralchip,Chip Cerebrale,Chip Cerebral,,,大脳チップ,
ARMOR_CEREBRALCHIP_DESC,Your spells cost -1 mana.,,Sus hechizos cuestan -1 de maná.,Vos sorts coûtent -1&nbsp;mana.,Deine Zauber kosten -1&nbsp;Mana.,I tuoi incantesimi costano -1 mana.,Seus encantamentos custam -1 de mana.,,,スペルが​-1 マナコストに​なる。[b][/b],
ARMOR_SPINALCHIP_NAME,Spinal Chip,,Chip espinal,Puce vertébrale,Spinalchip,Chip Spinale,Chip Espinhal,,,脊髄チップ,
ARMOR_SPINALCHIP_DESC,Your spells cost -1 mana.,,Sus hechizos cuestan -1 de maná.,Vos sorts coûtent -1&nbsp;mana.,Deine Zauber kosten -1&nbsp;Mana.,I tuoi incantesimi costano -1 mana.,Seus encantamentos custam -1 de mana.,,,スペルが​-1 マナコストに​なる。[b][/b],
SETBONUS_CHIP_NAME,Chip Set Bonus!,,¡Bonificación de conjunto de chip!,Bonus d'ensemble&nbsp;: puce&nbsp;!,Setbonus: Chips!,Bonus Set: Chip!,Bônus de Conjunto de Chip!,,,チップセットボーナス!,
SETBONUS_CHIP_DESC,"When you end your turn, if you cast exactly 5 spells, double cast your next spell.",,"Al final del turno, si esta unidad lanza exactamente 5 hechizos, se duplica el siguiente.","À la fin de votre tour, si vous avez lancé exactement 5&nbsp;sorts, votre prochain sort sera lancé 2&nbsp;fois.","Wenn du deinen Zug beendest und genau 5&nbsp;Zauber gewirkt hast, wird dein nächster Zauber zweimal gewirkt.","Quando finisci il tuo turno, se lanci esattamente 5 incantesimi, lanci due volte il tuo incantesimo successivo.","Ao finalizar seu turno, se você tiver lançado exatamente 5 encantamentos, lance seu próximo encantamento duas vezes.",,,ターン終了時、​ちょうど​5つの​スペルを​詠唱していた​場合、​次の​スペルを​2回詠唱する。[b][/b],
,,,,,,,,,,,
ARMOR_CLERICHAT_NAME,Cleric's Mitre,,Mitra de clérigo,Mitre de sage,Klerikermitra,Mitra del Chierico,Chapéu de Clérigo,,,聖職者の​帽子,
ARMOR_CLERICHAT_DESC,Your heals heal for 2 extra.,,Las acciones curativas devuelven 2 PS extras.,Vos soins vous rendent +2&nbsp;PV.,Deine Heilungen heilen 2&nbsp;LP mehr.,Le tue cure rigenerano 2 PS extra.,Suas curas são 2 pontos mais eficientes.,,,回復が​2追加で​回復する。,
ARMOR_CLERICRELIC_NAME,Cleric's Relic,,Reliquia de clérigo,Relique de sage,Klerikerreliquie,Reliquia del Chierico,Relíquia de Clérigo,,,聖職者の​遺物,
ARMOR_CLERICRELIC_DESC,+1 Brace.+15% chance to inflict Fear on units that contact or attack you.,,+1 de refuerzo.+15 % de probabilidad de infligir miedo a las unidades que entren en contacto con esta o que la ataquen.,Garde +1.+15&nbsp;% de chances d'infliger Peur aux ennemis qui vous touchent ou vous attaquent.,"+1 Wappnen.+15&nbsp;% Wahrscheinlichkeit, bei Einheiten, die dich berühren oder angreifen, Angst zu verursachen.",+1 alla Guardia.+15% di probabilità di infliggere Paura alle unità che ti toccano o ti attaccano.,+1 de preparação.+15% de chance de aplicar medo em unidades que atacarem ou entrarem em contato com você.,,,+1 防御。​あなたに​接触または​攻撃した​ユニットに​+15% 恐怖付与確率。[b][/b],
ARMOR_CLERICTEARS_NAME,Cleric's Tears,,Lágrimas de clérigo,Larmes de sage,Kleriktertränen,Lacrime del Chierico,Lágrimas de Clérigo,,,聖職者の​涙,
ARMOR_CLERICTEARS_DESC,Gain +1 [img:divineshield] each time an ally is downed.,,Obtiene +1 [img:divineshield] cada vez que un aliado cae abatido.,[img:divineshield] +1&nbsp;chaque fois qu'un allié est mis K.O.,"Erhalte jedes Mal, wenn ein Verbündeter in Ohnmacht fällt, +1&nbsp;[img:divineshield].",Ottieni +1 allo [img:divineshield] ogni volta che un alleato è KO.,Obtenha +1 de [img:divineshield] sempre que um aliado ficar inconsciente.,,,味方が​ダウンする​たびに​+1 [img:divineshield]を​得る。,
SETBONUS_CLERIC_NAME,Cleric Set Bonus!,,¡Bonificación de conjunto de clérigo!,Bonus d'ensemble&nbsp;: sage&nbsp;!,Setbonus: Klerikerroben!,Bonus Set: Chierico!,Bônus de Conjunto de Clérigo!,,,聖職者セットボーナス!,
SETBONUS_CLERIC_DESC,"If an attack would down you, instead lower your HP to 1. While at 1 HP, this has no effect.",,"Si esta unidad cayera abatida con un ataque, se quedaría con 1 PS. Mientras esté con 1 PS, esto no tiene efecto.","Si une attaque est censée vous mettre K.O., vous conservez 1&nbsp;PV. Tant que vous êtes à 1&nbsp;PV, cet effet ne se déclenche pas.","Behalte 1&nbsp;LP, wenn dich ein Angriff in Ohnmacht fallen lassen würde. Hat keine Wirkung, wenn du 1&nbsp;LP hast.","Un attacco che avrebbe dovuto mandarti KO, riduce invece i tuoi PS a 1. Se hai 1 PS, non c'è nessun effetto.","Se um ataque for deixar você inconsciente, permaneça com vida e 1 PV. Isto não possui efeito enquanto você possui 1 PV.",,,攻撃が​あなたを​ダウンさせる​場合、​代わりに​HPを​1に​下げる。​HP1の​時、​この​効果は​発動しない。[b][/b],
,,,,,,,,,,,
ARMOR_CATEARS_NAME,Normal Ears,,Orejas normales,Oreilles ordinaires,Normale Ohren,Orecchie Normali,Orelhas Normais,,,普通の​耳,
ARMOR_CATEARS_DESC,,,,,,,,,,,
ARMOR_CATWHISKERS_NAME,Ordinary Whiskers,,Bigotes corrientes,Moustaches ordinaires,Alltägliche Schnurrhaare,Baffi Normali,Bigodes Ordinários,,,普通の​ひげ,
ARMOR_CATWHISKERS_DESC,,,,,,,,,,,
ARMOR_CATCOLLAR_NAME,Mundane Collar,,Collar mundano,Collier ordinaire,Nichtssagendes Halsband,Collare Ordinario,Coleira Mundana,,,ありふれた​首輪,
ARMOR_CATCOLLAR_DESC,,,,,,,,,,,
SETBONUS_COLLARLESS_NAME,Collarless Set Bonus!,,¡Bonificación de conjunto sin collar!,Bonus d'ensemble&nbsp;: sans collier&nbsp;!,Setbonus: Klassenlos!,Bonus Set: Senza Collare!,Bônus de Conjunto Sem Coleira!,,,首輪なしセットボーナス!,
SETBONUS_COLLARLESS_DESC,Collarless spells cost -1 mana to cast.,,Los hechizos sin collar cuestan -1 de maná.,Vos sorts sans collier coûtent -1&nbsp;mana.,Klassenlose Zauber kosten -1&nbsp;Mana.,Lanciare incantesimi Senza Collare costa -1 mana.,Encantamentos sem coleira custam -1 de mana para serem lançados.,,,首輪なしスペルが​-1 マナコストに​なる。[b][/b],
,,,,,,,,,,,
ARMOR_COOLMASK_NAME,Cool Glasses,,Gafas molonas,Lunettes stylées,Coole Brille,Occhiali alla Moda,Óculos Maneiros,,,かっこいい​メガネ,
ARMOR_COOLMASK_DESC,Fragile,,Fragilidad.,Fragile.,Zerbrechlich,Fragile.,Frágil,,,脆弱,
ARMOR_COOLARMOR_NAME,Cool Shirt,,Camisa molona,Tee-shirt stylé,Cooles Hemd,Camicia alla Moda,Camisa Maneira,,,かっこいい​シャツ,
ARMOR_COOLARMOR_DESC,Fragile,,Fragilidad.,Fragile.,Zerbrechlich,Fragile.,Frágil,,,脆弱,
ARMOR_COOLHAT_NAME,Cool Hat,,Gorro molón,Chapeau stylé,Cooler Hut,Cappello alla Moda.,Chapéu Maneiro,,,かっこいい​帽子,
ARMOR_COOLHAT_DESC,Fragile,,Fragilidad.,Fragile.,Zerbrechlich,Fragile.,Frágil,,,脆弱,
SETBONUS_COOL_NAME,Cool Set Bonus!,,¡Bonificación de conjunto molón!,Bonus d'ensemble&nbsp;: stylé&nbsp;!,Setbonus: Cool Cat!,Bonus Set: Alla Moda!,Bônus de Conjunto Maneiro!,,,かっこいい​セットボーナス!,
SETBONUS_COOL_DESC,Cool Set Pieces are no longer Fragile.,,Las piezas molonas ya no sufren fragilidad.,Les éléments de l'ensemble cool ne sont plus Fragiles.,Coole Setgegenstände sind nicht mehr zerbrechlich.,I pezzi del set Alla Moda non sono più fragili.,Peças do conjunto maneiro não são mais frágeis.,,,かっこいい​セットピースは​もは​や脆弱でない。[b][/b],
,,,,,,,,,,,
ARMOR_COPYCATHAT_NAME,Copycat Hat,,Sombrero de imitador,Chapeau d'imitateur,Nachäfferhut,Cappello dell'Emulatore,Chapéu de Imitação,,,コピーキャットハット,
ARMOR_COPYCATHAT_DESC,Copies your trinket's passive effects.,,Copia los efectos pasivos de la baratija.,Copie les effets passifs de votre babiole.,Kopiert die Passiveffekte deines Zubehörs.,Copia gli effetti passivi del tuo ciondolo.,Copia os efeitos passivos do seu acessório.,,,アクセサリーの​パッシブ効果を​コピーする。[b][/b],
ARMOR_COPYCATMASK_NAME,Copycat Mask,,Máscara de imitador,Masque d'imitateur,Nachäffermaske,Maschera dell'Emulatore,Máscara de Imitação,,,コピーキャットマスク,
ARMOR_COPYCATMASK_DESC,Copies your trinket's passive effects.,,Copia los efectos pasivos de la baratija.,Copie les effets passifs de votre babiole.,Kopiert die Passiveffekte deines Zubehörs.,Copia gli effetti passivi del tuo ciondolo.,Copia os efeitos passivos do seu acessório.,,,アクセサリーの​パッシブ効果を​コピーする。[b][/b],
ARMOR_COPYCATSCARF_NAME,Copycat Scarf,,Bufanda de imitador,Écharpe d'imitateur,Nachäfferschal,Sciarpa dell'Emulatore,Cachecol de Imitação,,,コピーキャットスカーフ,
ARMOR_COPYCATSCARF_DESC,Copies your trinket's passive effects.,,Copia los efectos pasivos de la baratija.,Copie les effets passifs de votre babiole.,Kopiert die Passiveffekte deines Zubehörs.,Copia gli effetti passivi del tuo ciondolo.,Copia os efeitos passivos do seu acessório.,,,アクセサリーの​パッシブ効果を​コピーする。[b][/b],
SETBONUS_COPYCAT_NAME,Copycat Set Bonus!,,¡Bonificación de conjunto de imitador!,Bonus d'ensemble&nbsp;: imitateur&nbsp;!,Setbonus: Nachäffer!,Bonus Set: Emulatore,Bônus de Conjunto de Imitação!,,,コピーキャットセットボーナス!,
SETBONUS_COPYCAT_DESC,Copies your trinket's passive effects.,,Copia los efectos pasivos de la baratija.,Copie les effets passifs de votre babiole.,Kopiert die Passiveffekte deines Zubehörs.,Copia gli effetti passivi del tuo ciondolo.,Copia os efeitos passivos do seu acessório.,,,アクセサリーの​パッシブ効果を​コピーする。[b][/b],
,,,,,,,,,,,
ARMOR_CYBORGHAT_NAME,Frontal Lobe Implant,,Implante de lóbulo frontal,Implant du lobe frontal,Frontallappenimplantat,Impianto del Lobo Frontale,Implante de Lobo Frontal,,,前頭葉インプラント,
ARMOR_CYBORGHAT_DESC,10% chance to teleport to a neighboring tile when targeted by an enemy.,,10 % de probabilidad de teletransportarse a una casilla contigua cuando un enemigo apunta a esta unidad.,10&nbsp;% de chances de vous téléporter sur une case voisine quand vous êtes pris pour cible par un ennemi.,"10%ige Wahrscheinlichkeit, dich auf ein benachbartes Feld zu teleportieren, wenn du von einem Gegner anvisiert wirst.",10% di probabilità di teletrasportarti in una casella adiacente quando ti prende di mira un nemico.,10% de chance de se teletransportar para um espaço vizinho ao entrar na minha de um inimigo.,,,敵に​狙われた​時、​10%の​確率で​隣接タイルに​テレポートする。[b][/b],
ARMOR_CYBORGMASK_NAME,Optic Nerve Implant,,Implante de nervio óptico,Implant du nerf optique,Sehnervenimplantat,Impianto del Nervo Ottico,Implante de Nervo Ótico,,,視神経インプラント,
ARMOR_CYBORGMASK_DESC,"+1 range, +1 reach.",,"+1 de alcance, +1 de extensión.","Portée +1, Allonge +1.",+1&nbsp;Reichweite.,"+1 al raggio d'azione, +1 alla portata.","+1 de alcance, +1 de envergadura.",,,+1 射程、​+1 リーチ。,
ARMOR_CYBORGARMOR_NAME,Cerebellum Implant,,Implante de cerebelo,Implant du cervelet,Kleinhirnimplantat,Impianto del Cervelletto,Implante de Cerebelo,,,小脳インプラント,
ARMOR_CYBORGARMOR_DESC,+10% Crit Chance.,,+10 % de probabilidad de crítico.,Chances de coup critique +10&nbsp;%.,+10&nbsp;% kritische Trefferchance.,+10% di probabilità di colpo critico.,+10% de chance de crítico.,,,+10% クリティカル率。,
SETBONUS_CYBORG_NAME,Cyborg Set Bonus!,,¡Bonificación de conjunto de cíborg!,Bonus d'ensemble&nbsp;: cyborg&nbsp;!,Setbonus: Cyborg!,Bonus Set: Cyborg!,Bônus de Conjunto de Ciborgue!,,,サイボーグセットボーナス!,
SETBONUS_CYBORG_DESC,Take an AI controlled bonus turn at the end of the first round.,,Juega un turno de bonificación controlado por la IA al final de la primera ronda.,"En fin de première manche, vous jouez un tour de plus, étant contrôlé par l'IA.",Am Ende der ersten Runde erhältst du einen zusätzlichen computergesteuerten Zug.,"Alla fine del primo round, effettui un turno bonus controllato dall'IA.",Obtenha um turno sob controle do computador no final da primeira rodada.,,,最初の​ラウンド終了時に​AI制御の​ボーナスターンを​得る。[b][/b],
,,,,,,,,,,,
ARMOR_DEBRISARMOR_NAME,Debris Armor,,Armadura de escombros,Armure de récup',Schuttrüstung,Armatura di Detriti,Armadura de Escombros,,,破片アーマー,
ARMOR_DEBRISARMOR_DESC,"+2 range, +1 Kinetic Spikes.",,"+2 de alcance, +1 de pinchos cinéticos.","Portée +2, Pics cinétiques +1.","+2&nbsp;Reichweite, +1&nbsp;Kinetiknadeln.","+2 al raggio d'azione, +1 Spuntoni Cinetici.","+2 de alcance, +1 de espinhos cinéticos.",,,+2 射程、​+1 運動棘。,
ARMOR_DEBRISHAT_NAME,Debris Hat,,Sombrero de escombros,Chapeau de récup',Schutthelm,Cappello di Detriti,Chapéu de Escombros,,,破片ハット,
ARMOR_DEBRISHAT_DESC,"+2 range, +1 Kinetic Spikes.",,"+2 de alcance, +1 de pinchos cinéticos.","Portée +2, Pics cinétiques +1.","+2&nbsp;Reichweite, +1&nbsp;Kinetiknadeln.","+2 al raggio d'azione, +1 Spuntoni Cinetici.","+2 de alcance, +1 de espinhos cinéticos.",,,+2 射程、​+1 運動棘。,
ARMOR_DEBRISMASK_NAME,Debris Mask,,Máscara de escombros,Masque de récup',Schuttmaske,Maschera di Detriti,Máscara de Escombros,,,破片マスク,
ARMOR_DEBRISMASK_DESC,"+2 range, +1 Kinetic Spikes.",,"+2 de alcance, +1 de pinchos cinéticos.","Portée +2, Pics cinétiques +1.","+2&nbsp;Reichweite, +1&nbsp;Kinetiknadeln.","+2 al raggio d'azione, +1 Spuntoni Cinetici.","+2 de alcance, +1 de espinhos cinéticos.",,,+2 射程、​+1 運動棘。,
SETBONUS_DEBRIS_NAME,Debris Set Bonus!,,¡Bonificación de conjunto de escombros!,Bonus d'ensemble&nbsp;: récup'&nbsp;!,Setbonus: Schutt!,Bonus Set: Detriti!,Bônus de Conjunto de Escombros!,,,破片セットボーナス!,
SETBONUS_DEBRIS_DESC,Your basic attack deals electric damage and has a +10% chance to Stun.,,El ataque básico inflige daño eléctrico y tiene +10 % de probabilidad de aturdir.,Votre attaque de base inflige des dégâts électriques et a +10&nbsp;% de chances d'infliger Étourdissement.,Dein Grundangriff verursacht elektrischen Schaden und verursacht mit +10%iger Wahrscheinlichkeit Betäubung.,Il tuo attacco base infligge danno elettrico e ha un +10% di probabilità di infliggere Stordimento.,Seu ataque básico causa dano elétrico e possui +10% de chance de atordoar.,,,基本攻撃が​電撃ダメージを​与え、​+10% スタン確率を​得る。[b][/b],
,,,,,,,,,,,
ARMOR_DEMONICHAT_NAME,Demonic Hat,,Gorro demoníaco,Chapeau démoniaque,Dämonischer Hut,Cappello Demoniaco,Chapéu Demoníaco,,,悪魔の​ハット,
ARMOR_DEMONICHAT_DESC,+3 Thorns. Trample.You can no longer heal.,,+3 de espinas. Pisotón.Esta unidad ya no puede recuperar PS.,Épines +3. Piétinement.Vos PV ne se régénèrent plus.,+3&nbsp;Dornen. Trampel.Du kannst dich nicht mehr heilen.,+3 Spine. Calpestamento.Non puoi più curarti.,+3 de espinhos. Atropelamento.Você não pode mais se curar.,,,+3 棘。​踏みつけ。​もは​や回復できない。[b][/b],
ARMOR_DEMONICMASK_NAME,Demonic Mask,,Máscara demoníaca,Masque démoniaque,Dämonische Maske,Maschera Demoniaca,Máscara Demoníaca,,,悪魔の​マスク,
ARMOR_DEMONICMASK_DESC,+3 Bleed Thorns.Trample. Bleed 3.,,+3 de espinas hemorrágicas.Pisotón. 3 de hemorragia.,Épines sanglantes +3.Piétinement. Saignement +3.,+3&nbsp;Blutige Dornen.Trampel. Blutung&nbsp;3.,+3 Spine Insanguinate.Calpestamento. Sanguinamento 3.,+3 de espinhos de sangramento.Atropelamento. Sangramento 3.,,,+3 出血棘。​踏みつけ。​出血3。[b][/b],
ARMOR_DEMONICNECKLACE_NAME,Demonic Necklace,,Gargantilla demoníaca,Collier démoniaque,Dämonische Halskette,Collana Demoniaca,Colar Demoníaco,,,悪魔の​ネックレス,
ARMOR_DEMONICNECKLACE_DESC,"Bruise 1. When you take damage, gain +2 Damage.",,"1 de moratón. Al sufrir daño, obtiene +2 de daño.",Contusion +1. Dégâts +2&nbsp;quand vous subissez des dégâts.,"Beulen&nbsp;1. Wenn du Schaden erleidest, erhalte +2&nbsp;Schaden.","Livido 1. Quando subisci danno, ottieni +2 al Danno.","Contusão 1. Ao sofrer dano, obtenha +2 de dano.",,,打撲1。​ダメージを​受けると​+2 ダメージを​得る。[b][/b],
SETBONUS_DEMONIC_NAME,Demonic Set Bonus!,,¡Bonificación de conjunto demoníaco!,Bonus d'ensemble&nbsp;: démoniaque&nbsp;!,Setbonus: Dämon!,Bonus Set: Demoniaco!,Bônus de Conjunto Demoníaco!,,,悪魔セットボーナス!,
SETBONUS_DEMONIC_DESC,"When you get a kill, gain +6 Shield.",,"Al matar a una unidad, obtiene +6 de escudo.",Bouclier +6&nbsp;quand vous tuez un ennemi.,"Du erhältst +6&nbsp;Schild, wenn du etwas tötest.","Quando uccidi qualcuno, ottieni +6 allo Scudo.","Ao realizar uma baixa, obtenha +6 de escudo.",,,キルを​取得すると​+6 シールドを​得る。[b][/b],
,,,,,,,,,,,
ARMOR_DINOHAT_NAME,Dino Hat,,Gorro de dinosaurio,Chapeau dino,Dinosaurierhut,Cappello da Dinosauro,Chapéu de Dinossauro,,,恐竜ハット,
ARMOR_DINOHAT_DESC,Allies gain +1 [img:str] at the start of each battle.,,Los aliados obtienen +1 [img:str] al inicio de cada combate.,Les alliés bénéficient de [img:str] +1&nbsp;au début de chaque combat.,Verbündete erhalten am Anfang jedes Kampfes +1&nbsp;[img:str].,Gli alleati ottengono +1 alla [img:str] all'inizio di ogni battaglia.,Aliados obtêm +1 de [img:str] no início de cada batalha.,,,各バトル開始時に​味方が​+1 [img:str]を​得る。,
ARMOR_DINOMASK_NAME,Dino Mask,,Máscara de dinosaurio,Masque dino,Dinosauriermaske,Maschera da Dinosauro,Máscara de Dinossauro,,,恐竜マスク,
ARMOR_DINOMASK_DESC,Allies gain +1 [img:con] at the start of each battle.,,Los aliados obtienen +1 [img:con] al inicio de cada combate.,Les alliés bénéficient de [img:con] +1&nbsp;au début de chaque combat.,Verbündete erhalten am Anfang jedes Kampfes +1&nbsp;[img:con].,Gli alleati ottengono +1 alla [img:con] all'inizio di ogni battaglia.,Aliados obtêm +1 de [img:con] no início de cada batalha.,,,各バトル開始時に​味方が​+1 [img:con]を​得る。,
ARMOR_DINONECKLACE_NAME,Dino Necklace,,Gargantilla de dinosaurio,Collier dino,Dinosaurierhalskette,Collana da Dinosauro,Colar de Dinossauro,,,恐竜ネックレス,
ARMOR_DINONECKLACE_DESC,Allies gain +1 [img:spd] at the start of each battle.,,Los aliados obtienen +1 [img:spd] al inicio de cada combate.,Les alliés bénéficient de [img:spd] +1&nbsp;au début de chaque combat.,Verbündete erhalten am Anfang jedes Kampfes +1&nbsp;[img:spd].,Gli alleati ottengono +1 alla [img:spd] all'inizio di ogni battaglia.,Aliados obtêm +1 de [img:spd] no início de cada batalha.,,,各バトル開始時に​味方が​+1 [img:spd]を​得る。,
SETBONUS_DINO_NAME,Dino Set Bonus!,,¡Bonificación de conjunto de dinosaurio!,Bonus d'ensemble&nbsp;: dino&nbsp;!,Setbonus: Dinosaurier!,Bonus Set: Dinosauro!,Bônus de Conjunto de Dinossauro!,,,恐竜セットボーナス!,
SETBONUS_DINO_DESC,Allies gain +5 [img:shield] at the start of each battle.,,Los aliados obtienen +5 [img:shield] al inicio de cada combate.,Les alliés bénéficient de [img:shield] +5&nbsp;au début de chaque combat.,Verbündete erhalten am Anfang jedes Kampfes +5&nbsp;[img:shield].,Gli alleati ottengono +5 allo [img:shield] all'inizio di ogni battaglia.,Aliados obtêm +5 de [img:shield] no início de cada batalha.,,,各バトル開始時に​味方が​+5 [img:shield]を​得る。,
,,,,,,,,,,,
ARMOR_DIRTHAT_NAME,Dirt Clod Hat,,Sombrero terroso,Chapeau boueux,Dreckiger Hut,Cappello Zolla di Terra,Chapéu de Torrão de Terra,,,土塊ハット,
ARMOR_DIRTHAT_DESC,"+2 Mana Regen, +2 Health Regen.Fragile and Brittle while wet.",,"+2 de regeneración de maná, +2 de regeneración de salud.Esta unidad sufre fragilidad y endeblez mientras está mojada.","Régénération de mana +2, Régénération de PV +2.Mouillé, devient Fragile et Cassant.","+2&nbsp;Manaregeneration, +2&nbsp;Lebensregeneration.Zerbrechlich und spröde, wenn er nass ist.","+2 a Rigenerazione Mana, +2 a Rigenerazione Salute.Fragile e friabile quando è bagnato.","+2 de regeneração de mana, +2 de regeneração de saúde.Frágil e quebradiço ao molhar.",,,+2 マナ回復、​+2 HP再生。​脆弱かつ​濡れると​脆い。[b][/b],
ARMOR_DIRTMASK_NAME,Dirt Clod Mask,,Máscara terrosa,Masque boueux,Dreckige Maske,Maschera Zolla di Terra,Máscara de Torrão de Terra,,,土塊マスク,
ARMOR_DIRTMASK_DESC,"+2 Mana Regen, +2 Health Regen.Fragile and Brittle while wet.",,"+2 de regeneración de maná, +2 de regeneración de salud.Esta unidad sufre fragilidad y endeblez mientras está mojada.","Régénération de mana +2, Régénération de PV +2.Mouillé, devient Fragile et Cassant.","+2&nbsp;Manaregeneration, +2&nbsp;Lebensregeneration.Zerbrechlich und spröde, wenn sie nass ist.","+2 a Rigenerazione Mana, +2 a Rigenerazione Salute.Fragile e friabile quando è bagnata.","+2 de regeneração de mana, +2 de regeneração de saúde.Frágil e quebradiço ao molhar.",,,+2 マナ回復、​+2 HP再生。​脆弱かつ​濡れると​脆い。[b][/b],
ARMOR_DIRTARMOR_NAME,Dirt Clod Necklace,,Gargantilla terrosa,Collier boueux,Dreckige Halskette,Collana Zolla di Terra,Colar de Torrão de Terra,,,土塊ネックレス,
ARMOR_DIRTARMOR_DESC,"+2 Mana Regen, +2 Health Regen.Fragile and Brittle while wet.",,"+2 de regeneración de maná, +2 de regeneración de salud.Esta unidad sufre fragilidad y endeblez mientras está mojada.","Régénération de mana +2, Régénération de PV +2.Mouillé, devient Fragile et Cassant.","+2&nbsp;Manaregeneration, +2&nbsp;Lebensregeneration.Zerbrechlich und spröde, wenn sie nass ist.","+2 a Rigenerazione Mana, +2 a Rigenerazione Salute.Fragile e friabile quando è bagnata.","+2 de regeneração de mana, +2 de regeneração de saúde.Frágil e quebradiço ao molhar.",,,+2 マナ回復、​+2 HP再生。​脆弱かつ​濡れると​脆い。[b][/b],
SETBONUS_DIRTCLOD_NAME,Dirt Clod Set Bonus!,,¡Bonificación de conjunto terroso!,Bonus d'ensemble&nbsp;: boueux&nbsp;!,Setbonus: Dreckige Rüstung!,Bonus Set: Zolla di Terra!,Bônus de Conjunto de Torrão de Terra!,,,土塊セットボーナス!,
SETBONUS_DIRTCLOD_DESC,Grow flowers under yourself at the end of each turn.,,Crecen flores debajo de esta unidad al final de cada turno.,Des fleurs poussent sur votre case à la fin de chaque tour.,Am Ende jedes Zuges wachsen Blumen unter dir.,Fai crescere dei fiori sotto di te alla fine di ogni turno.,Gere flores sob suas patas no final de cada turno,,,各ターン終了時に​足元に​花を​育てる。[b][/b],
,,,,,,,,,,,
ARMOR_MUSHROOMHAT_NAME,Mushroom Hat,,Casco fúngico,Chapeau champi,Pilzhut,Cappello a Fungo,Chapéu de Cogumelo,,,キノコハット,
ARMOR_MUSHROOMHAT_DESC,Inflict Confusion 2 on units that contact or attack you.Familiars you spawn inflict Confusion.,,Inflige 2 de confusión a unidades que entren en contacto con esta o que la ataquen.Los familiares generados infligen confusión.,Inflige Confusion +2&nbsp;aux unités qui vous touchent ou vous attaquent.Les familiers que vous invoquez infligent Confusion.,"Verursache Verwirrung&nbsp;2 bei Einheiten, die dich berühren oder angreifen.Begleiter, die du rufst, verursachen Verwirrung.",Infliggi Confusione 2 alle unità che ti toccano o ti attaccano.I famigli che generi infliggono Confusione.,Aplique confusão 2 em unidades que atacarem ou entrarem em contato com você.Familiares gerados por você aplicam confusão.,,,あなたに​接触または​攻撃した​ユニットに​混乱2を​付与する。​出現させる​使い魔は​混乱を​付与する。[b][/b],
ARMOR_GREENMANMASK_NAME,Greenman Mask,,Máscara del hombre verde,Masque sylvestre,Grüner Mann-Maske,Maschera da Uomo Selvatico,Máscara Verde,,,緑人マスク,
ARMOR_GREENMANMASK_DESC,+3 Brace while standing in tall grass.+3 Mana Regen while standing in water.,,+3 de refuerzo en la hierba alta.+3 de regeneración de maná en el agua.,Garde +3&nbsp;quand vous êtes dans les hautes herbes.Régénération de mana +3&nbsp;quand vous êtes dans l'eau.,"+3&nbsp;Wappnen, wenn du in hohem Gras bist.+3&nbsp;Manaregeneration, wenn du im Wasser bist.",+3 alla Guardia quando sei nell'erba alta.+3 a Rigenerazione Mana quando sei nell'acqua.,+3 de preparação enquanto estiver em grama alta.+3 de regeneração de mana enquanto estiver na água.,,,背の​高い​草の​中では​+3 防御。​水中では​+3 マナ回復。[b][/b],
ARMOR_RINGOFMUSHROOMS_NAME,Ring of Mushrooms,,Anillo de setas,Anneau champi,Pilzring,Anello dei Funghi,Anel de Cogumelos,,,キノコの​輪,
ARMOR_RINGOFMUSHROOMS_DESC,All of your area abilities gain +1 area.,,Todas las habilidades de área obtienen +1 de área.,Toutes vos compétences bénéficient de Rayon +1.,All deine Flächenfähigkeiten erhalten +1&nbsp;Fläche.,Tutte le tue abilità ad area ottengono +1 di area.,Todas as suas habilidades de área obtêm +1 de área.,,,すべての​範囲アビリティが​+1 範囲を​得る。[b][/b],
SETBONUS_DRUID_NAME,Druid Set Bonus!,,¡Bonificación de conjunto druídico!,Bonus d'ensemble&nbsp;: druide&nbsp;!,Setbonus: Druide!,Bonus set: Druido!,Bônus de Conjunto de Druida!,,,ドルイドセットボーナス!,
SETBONUS_DRUID_DESC,Your Familiars gain +4 HP and +1 Damage.,,Los familiares obtienen +4 PS y +1 de daño.,Vos familiers bénéficient de PV +4&nbsp;et Dégâts +1.,Deine Begleiter erhalten +4&nbsp;LP und +1&nbsp;Schaden.,I tuoi famigli ottengono +4 PS e +1 al Danno.,Seus familiares obtêm +4 PV e +1 de dano.,,,使い魔が​+4 HPと​+1 ダメージを​得る。[b][/b],
,,,,,,,,,,,
ARMOR_DRYBONENECKLACE_NAME,Dry Bone Necklace,,Gargantilla de hueso seco,Collier en os desséchés,Halskette aus trockenen Knochen,Collana delle Ossa Secche,Colar de Osso Seco,,,乾いた​骨の​ネックレス,
ARMOR_DRYBONENECKLACE_DESC,"+1 Thorns.Inflict Bruise 1 on units that contact you.",,+1 de espinas.Inflige 1 de moratón a las unidades que entren en contacto con esta.,Épines +1.Inflige Contusion +1&nbsp;aux unités qui vous touchent.,"+1&nbsp;Dornen.Verursache Beulen&nbsp;1 bei Einheiten, die dich berühren.",+1 Spine.Infliggi Livido 1 alle unità che ti toccano.,+1 de espinhos.Aplique contusão 1 em unidades que entrarem em contato com você.,,,+1 棘。​あなたに​接触した​ユニットに​打撲1を​付与する。[b][/b],
ARMOR_DRYBONEHAT_NAME,Dry Bone Helm,,Casco de hueso seco,Casque en os desséchés,Helm aus trockenen Knochen,Elmo delle Ossa Secche,Elmo de Osso Seco,,,乾いた​骨の​兜,
ARMOR_DRYBONEHAT_DESC,"+1 Thorns.Inflict Bruise 1 on units that contact you.",,+1 de espinas.Inflige 1 de moratón a las unidades que entren en contacto con esta.,Épines +1.Inflige Contusion +1&nbsp;aux unités qui vous touchent.,"+1&nbsp;Dornen.Verursache Beulen&nbsp;1 bei Einheiten, die dich berühren.",+1 Spine.Infliggi Livido 1 alle unità che ti toccano.,+1 de espinhos.Aplique contusão 1 em unidades que entrarem em contato com você.,,,+1 棘。​あなたに​接触した​ユニットに​打撲1を​付与する。[b][/b],
ARMOR_DRYBONEMASK_NAME,Dry Bone Mask,,Máscara de hueso seco,Masque en os desséchés,Maske aus trocknen Knochen,Maschera delle Ossa Secche,Máscara de Osso Seco,,,乾いた​骨の​マスク,
ARMOR_DRYBONEMASK_DESC,"+1 Thorns.Inflict Bruise 1 on units that contact you.",,+1 de espinas.Inflige 1 de moratón a las unidades que entren en contacto con esta.,Épines +1.Inflige Contusion +1&nbsp;aux unités qui vous touchent.,"+1&nbsp;Dornen.Verursache Beulen&nbsp;1 bei Einheiten, die dich berühren.",+1 Spine.Infliggi Livido 1 alle unità che ti toccano.,+1 de espinhos.Aplique contusão 1 em unidades que entrarem em contato com você.,,,+1 棘。​あなたに​接触した​ユニットに​打撲1を​付与する。[b][/b],
SETBONUS_DRYBONE_NAME,Dry Bone Set Bonus!,,¡Bonificación de conjunto de hueso seco!,Bonus d'ensemble&nbsp;: os desséchés&nbsp;!,Setbonus: Trockene Knochen!,Bonus Set: Ossa Secche!,Bônus de Conjunto de Osso Seco!,,,乾いた​骨セットボーナス!,
SETBONUS_DRYBONE_DESC,Find a bone club at the end of each battle.,,Encuentra un garrote de hueso al final de cada combate.,Vous obtenez une batte tibia à la fin de chaque tour.,Finde am Ende jedes Kampfes eine Knochenkeule.,Trovi una Mazza d'Osso alla fine di ogni battaglia.,Encontre um porrete de osso no final de cada batalha.,,,各バトル終了時に​骨の​こん棒を​見つける。[b][/b],
,,,,,,,,,,,
ARMOR_ELITEHAT_NAME,Elite Alloy Hat,,Sombrero de aleación selecta,Chapeau en alliage d'élite,Premiumlegierter Helm,Cappello in Lega d’Élite,Chapéu de Liga de Elite,,,エリート合金ハット,
ARMOR_ELITEHAT_DESC,"+2 Brace, +3 Thorns, All Stats Up 1.Brittle.",,"+2 de refuerzo, +3 de espinas, 1 de aumento total.Endeblez.","Garde +2, Épines +3, Hausse de stats +1.Cassant.","+2&nbsp;Wappnen, +3&nbsp;Dornen, Bonus auf alle Attribute.Spröde.","+2 alla Guardia, +3 Spine, Aumento delle Statistiche 1.Friabile.","+2 de preparação, +3 de espinhos, todos os atributos aumentados 1.Quebradiço.",,,+2 防御、​+3 棘、​全ステータスアップ1。​脆い。[b][/b],
ARMOR_ELITEMASK_NAME,Elite Alloy Mask,,Máscara de aleación selecta,Masque en alliage d'élite,Premiumlegierte Maske,Maschera in Lega d’Élite,Máscara de Liga de Elite,,,エリート合金マスク,
ARMOR_ELITEMASK_DESC,"+2 Brace, +3 Thorns, All Stats Up 1.Brittle.",,"+2 de refuerzo, +3 de espinas, 1 de aumento total.Endeblez.","Garde +2, Épines +3, Hausse de stats +1.Cassant.","+2&nbsp;Wappnen, +3&nbsp;Dornen, Bonus auf alle Attribute.Spröde.","+2 alla Guardia, +3 Spine, Aumento delle Statistiche 1.Friabile.","+2 de preparação, +3 de espinhos, todos os atributos aumentados 1.Quebradiço.",,,+2 防御、​+3 棘、​全ステータスアップ1。​脆い。[b][/b],
ARMOR_ELITEARMOR_NAME,Elite Alloy Armor,,Armadura de aleación selecta,Armure en alliage d'élite,Premiumlegierte Rüstung,Armatura in Lega d’Élite,Armadura de Liga de Elite,,,エリート合金アーマー,
ARMOR_ELITEARMOR_DESC,"+2 Brace, +3 Thorns, All Stats Up 1.Brittle.",,"+2 de refuerzo, +3 de espinas, 1 de aumento total.Endeblez.","Garde +2, Épines +3, Hausse de stats +1.Cassant.","+2&nbsp;Wappnen, +3&nbsp;Dornen, Bonus auf alle Attribute.Spröde.","+2 alla Guardia, +3 Spine, Aumento delle Statistiche 1.Friabile.","+2 de preparação, +3 de espinhos, todos os atributos aumentados 1.Quebradiço.",,,+2 防御、​+3 棘、​全ステータスアップ1。​脆い。[b][/b],
SETBONUS_ELITEALLOY_NAME,Elite Alloy Set Bonus!,,¡Bonificación de conjunto de aleación selecta!,Bonus d'ensemble&nbsp;: alliage d'élite&nbsp;!,Setbonus: Premiumlegierung!,Bonus Set: Lega d’Élite!,Bônus de Conjunto de Liga de Elite!,,,エリート合金セットボーナス!,
SETBONUS_ELITEALLOY_DESC,Elite Alloy Set Pieces are no longer Brittle.,,Las piezas de aleación selecta ya no sufren endeblez.,Les éléments de l'ensemble en alliage d'élite ne sont plus Cassants.,Setgegenstände mit Premiumlegierung sind nicht mehr spröde.,I pezzi del set in Lega d’Élite non sono più friabili.,Peças do conjunto de liga de elite não são mais quebradiças.,,,エリート合金セットピースは​もは​や​脆くない。[b][/b],
,,,,,,,,,,,
ARMOR_EXPERIMENTALMASK_NAME,Experimental Treatment,,Tratamiento Experimental,Traitement expérimental,Experimentelle Behandlung,Trattamento Sperimentale,Tratamento Experimental,,,実験的治療,
ARMOR_EXPERIMENTALMASK_DESC,,,,,,,,,,,
ARMOR_EXPERIMENTALHAT_NAME,Experimental Treatment,,Tratamiento Experimental,Traitement expérimental,Experimentelle Behandlung,Trattamento Sperimentale,Tratamento Experimental,,,実験的治療,
ARMOR_EXPERIMENTALHAT_DESC,,,,,,,,,,,
ARMOR_EXPERIMENTALNECK_NAME,Experimental Treatment,,Tratamiento Experimental,Traitement expérimental,Experimentelle Behandlung,Trattamento Sperimentale,Tratamento Experimental,,,実験的治療,
ARMOR_EXPERIMENTALNECK_DESC,,,,,,,,,,,
SETBONUS_EXPERIMENTAL_NAME,Experimental Set Bonus!,,¡Bonificación de conjunto experimental!,Bonus d'ensemble&nbsp;: expérimental&nbsp;!,Setbonus: Experimentelle Behandlung!,Bonus Set: Sperimentale!,Bônus de Conjunto Experimental!,,,実験的セットボーナス!,
SETBONUS_EXPERIMENTAL_DESC,"Find a pill at the end of each battle.Whenever you eat a pill, gain a random stat and lose another random stat, permanently.",,"Encuentra una pastilla al final de cada combate.Al tomarse una pastilla, obtiene un atributo al azar y pierde otro atributo al azar, para siempre.","Vous trouvez une pilule à la fin de chaque combat.Quand vous consommer une pilule, vous gagnez une stat et en perdez une, de façon permanente.","Finde am Ende jedes Kampfes eine Pille.Immer, wenn du eine Pille schluckst, erhältst du dauerhaft ein zufälliges Attribut und verlierst ein anderes.","Trovi una pillola alla fine di ogni battaglia.Ogni volta che inghiotti una pillola, ottieni una statistica casuale e perdi un'altra statistica casuale, in modo permanente.","Encontre uma pílula no final de cada batalha.Sempre que comer uma pílula, obtenha um atributo aleatório e perca outro atributo aleatório, permanentemente.",,,各バトル終了時に​ピルを​見つける。​ピルを​食べると、​ランダムな​ステータスを​得て​別の​ランダムな​ステータスを​永続的に​失う。[b][/b],
,,,,,,,,,,,
ARMOR_FATTYHAT_NAME,Fatty Hat,,Sombrero grasiento,Chapeau grassouillet,Fettiger Hut,Cappello di Grasso,Chapéu Gorducho,,,デブハット,
ARMOR_FATTYHAT_DESC,Brace 1. Your basic attack has +1 Knockback.,,1 de refuerzo. El ataque básico tiene +1 de retroceso.,Garde +1. Votre attaque de base bénéficie de Recul +1.,Wappnen&nbsp;1. Dein Grundangriff hat +1&nbsp;Rückstoß.,Guardia 1. Il tuo attacco base ha +1 Contraccolpo.,Preparação 1. Seu ataque básico possui +1 de empurrão.,,,防御1。​基本攻撃に​+1 ノックバック。[b][/b],
ARMOR_FATTYMASK_NAME,Fatty Mask,,Máscara grasienta,Masque grassouillet,Fettige Maske,Maschera di Grasso,Máscara Gorducha,,,デブマスク,
ARMOR_FATTYMASK_DESC,Brace 1. Your basic attack has +1 Knockback.,,1 de refuerzo. El ataque básico tiene +1 de retroceso.,Garde +1. Votre attaque de base bénéficie de Recul +1.,Wappnen&nbsp;1. Dein Grundangriff hat +1&nbsp;Rückstoß.,Guardia 1. Il tuo attacco base ha +1 Contraccolpo.,Preparação 1. Seu ataque básico possui +1 de empurrão.,,,防御1。​基本攻撃に​+1 ノックバック。[b][/b],
ARMOR_FATTYNECKLACE_NAME,Fatty Necklace,,Gargantilla grasienta,Collier grassouillet,Fettige Halskette,Collana di Grasso,Colar Gorducho,,,デブネックレス,
ARMOR_FATTYNECKLACE_DESC,Brace 1. Your basic attack has +1 Knockback.,,1 de refuerzo. El ataque básico tiene +1 de retroceso.,Garde +1. Votre attaque de base bénéficie de Recul +1.,Wappnen&nbsp;1. Dein Grundangriff hat +1&nbsp;Rückstoß.,Guardia 1. Il tuo attacco base ha +1 Contraccolpo.,Preparação 1. Seu ataque básico possui +1 de empurrão.,,,防御1。​基本攻撃に​+1 ノックバック。[b][/b],
SETBONUS_FATTY_NAME,Fatty Set Bonus!,,¡Bonificación de conjunto grasiento!,Bonus d'ensemble&nbsp;: grassouillet&nbsp;!,Setbonus: Fettige Rüstung!,Bonus Set: Grasso!,Bônus de Conjunto Gorducho!,,,デブセットボーナス!,
SETBONUS_FATTY_DESC,,,,,,,,,,,
,,,,,,,,,,,
ARMOR_FEATHEREDVEIL_NAME,Feathered Veil,,Velo emplumado,Voile de plumes,Federschleier,Velo Piumato,Véu de Penas,,,羽の​ベール,
ARMOR_FEATHEREDVEIL_DESC,Counterattack melee attackers.,,Contrarresta a los atacantes cuerpo a cuerpo.,Contre-attaque face aux attaques au corps-à-corps.,Kontere Nahkämpfer.,Effettui un contrattacco contro gli attaccanti in corpo a corpo.,Contra-ataca agressores corpo-a-corpo.,,,近接攻撃者に​反撃する。,
ARMOR_FEATHEREDCAP_NAME,Feathered Cap,,Gorra emplumada,Petites ailes,Federkappe,Cappello Piumato,Chapéu de Penas,,,羽の​キャップ,
ARMOR_FEATHEREDCAP_DESC,,,,,,,,,,,
ARMOR_FEATHEREDNECKLACE_NAME,Feathered Necklace,,Gargantilla emplumada,Collier de plumes,Federhalskette,Collana Piumata,Colar de Penas,,,羽の​ネックレス,
ARMOR_FEATHEREDNECKLACE_DESC,+15% Dodge Chance.,,+15 % de probabilidad de esquiva.,Chances d'esquive +15&nbsp;%.,+15&nbsp;% Ausweichchance.,+15% di probabilità di schivata.,+15% de chance de esquiva.,,,+15% 回避率。,
SETBONUS_FEATHERED_NAME,Feathered Set Bonus!,,¡Bonificación de conjunto emplumado!,Bonus d'ensemble&nbsp;: plumes&nbsp;!,Setbonus: Federrüstung!,Bonus Set: Piumato!,Bônus de Conjunto de Penas!,,,羽セットボーナス!,
SETBONUS_FEATHERED_DESC,Flying.,,Vuela.,Vol.,Du fliegst.,Volo.,Voador.,,,飛行。,
,,,,,,,,,,,
ARMOR_FECALHOOD_NAME,Fecal Hood,,Capucha fecal,Capuche fécale,Fäkalkapuze,Cappuccio Fecale,Capuz Fecal,,,糞便フード,
ARMOR_FECALHOOD_DESC,Poisonous 1.,,Inflige 1 de envenenamiento.,Toxique +1.,Giftig&nbsp;1.,Velenoso 1.,Venenoso 1.,,,有毒1。,
ARMOR_FECALMASK_NAME,Fecal Mask,,Máscara fecal,Masque fécal,Fäkalmaske,Maschera Fecale,Máscara Fecal,,,糞便マスク,
ARMOR_FECALMASK_DESC,Poisonous 1.,,Inflige 1 de envenenamiento.,Toxique +1.,Giftig&nbsp;1.,Velenoso 1.,Venenoso 1.,,,有毒1。,
ARMOR_FECALNECKLACE_NAME,Fecal Necklace,,Gargantilla fecal,Collier fécal,Fäkalhalskette,Collana Fecale,Colar Fecal,,,糞便ネックレス,
ARMOR_FECALNECKLACE_DESC,Poisonous 1.,,Inflige 1 de envenenamiento.,Toxique +1.,Giftig&nbsp;1.,Velenoso 1.,Venenoso 1.,,,有毒1。,
SETBONUS_FECAL_NAME,Fecal Set Bonus!,,¡Bonificación de conjunto fecal!,Bonus d'ensemble&nbsp;: fécal&nbsp;!,Setbonus: Fäkalrüstung!,Bonus Set: Fecale!,Bônus de Conjunto Fecal!,,,糞便セットボーナス!,
SETBONUS_FECAL_DESC,Poisonous 1.Your basic attack inflicts Poison.,,1 de envenenamiento.El ataque básico inflige veneno.,Toxique +1.Votre attaque de base inflige Poison.,Giftig&nbsp;1.Dein Grundangriff verursacht Gift.,Velenoso 1.Il tuo attacco base infligge Veleno.,Venenoso 1.Seu ataque básico aplica veneno.,,,有毒1。​基本攻撃が​毒を​付与する。[b][/b],
,,,,,,,,,,,
ARMOR_FIGHTERHELM_NAME,Fighter's Helm,,Casco de luchador,Casque de pugiliste,Kriegerhelm,Elmo del Guerriero,Elmo de Lutador,,,戦士の​兜,
ARMOR_FIGHTERHELM_DESC,"+15% chance to refresh your basic attack, movement, weapon and trinket actions when you get a kill.",,"+15 % de probabilidad de restaurar el ataque básico y las acciones de movimiento, arma y baratija al matar a una unidad.","+15&nbsp;% de chances de réinitialiser vos actions d'attaque de base, de mouvement, d'arme et de babiole en tuant un ennemi.","+15%ige Wahrscheinlichkeit, dass deine Aktionen Grundangriff, Bewegung, Waffe und Zubehör sich auffrischen, wenn du etwas tötest.","+15% di probabilità di ricaricare le azioni di attacco base, movimento, armi e ciondoli quando uccidi qualcuno.","+15% de chance de reiniciar suas ações de ataque básico, movimento, arma e acessório ao obter uma baixa.",,,キル取得時に​+15%の​確率で​基本攻撃、​移動、​武器、​アクセサリーアクションを​リフレッシュする。[b][/b],
ARMOR_FIGHTERSCAR_NAME,Fighter's Scar,,Cicatriz de luchador,Balafre de pugiliste,Kriegernarbe,Cicatrice del Guerriero,Cicatriz de Lutador,,,戦士の​傷跡,
ARMOR_FIGHTERSCAR_DESC,"+15% chance to refresh your basic attack, movement, weapon and trinket actions when you get a kill.",,"+15 % de probabilidad de restaurar el ataque básico y las acciones de movimiento, arma y baratija al matar a una unidad.","+15&nbsp;% de chances de réinitialiser vos actions d'attaque de base, de mouvement, d'arme et de babiole en tuant un ennemi.","+15%ige Wahrscheinlichkeit, dass deine Aktionen Grundangriff, Bewegung, Waffe und Zubehör sich auffrischen, wenn du etwas tötest.","+15% di probabilità di ricaricare le azioni di attacco base, movimento, armi e ciondoli quando uccidi qualcuno.","+15% de chance de reiniciar suas ações de ataque básico, movimento, arma e acessório ao obter uma baixa.",,,キル取得時に​+15%の​確率で​基本攻撃、​移動、​武器、​アクセサリーアクションを​リフレッシュする。[b][/b],
ARMOR_FIGHTERSHOULDERPAD_NAME,Fighter's Shoulder Pad,,Hombreras de luchador,Épaulettes de pugiliste,Kriegerschulterpolster,Paraspalle del Guerriero,Ombreira de Lutador,,,戦士の​ショルダーパッド,
ARMOR_FIGHTERSHOULDERPAD_DESC,"+15% chance to refresh your basic attack, movement, weapon and trinket actions when you get a kill.",,"+15 % de probabilidad de restaurar el ataque básico y las acciones de movimiento, arma y baratija al matar a una unidad.","+15&nbsp;% de chances de réinitialiser vos actions d'attaque de base, de mouvement, d'arme et de babiole en tuant un ennemi.","+15%ige Wahrscheinlichkeit, dass deine Aktionen Grundangriff, Bewegung, Waffe und Zubehör sich auffrischen, wenn du etwas tötest.","+15% di probabilità di ricaricare le azioni di attacco base, movimento, armi e ciondoli quando uccidi qualcuno.","+15% de chance de reiniciar suas ações de ataque básico, movimento, arma e acessório ao obter uma baixa.",,,キル取得時に​+15%の​確率で​基本攻撃、​移動、​武器、​アクセサリーアクションを​リフレッシュする。[b][/b],
SETBONUS_FIGHTER_NAME,Fighter Set Bonus!,,¡Bonificación de conjunto de luchador!,Bonus d'ensemble&nbsp;: pugiliste&nbsp;!,Setbonus: Kriegerrüstung!,Bonus Set: Guerriero!,Bônus de Conjunto de Lutador!,,,戦士セットボーナス!,
SETBONUS_FIGHTER_DESC,"+15% chance to refresh your basic attack, movement, weapon and trinket actions when you get a kill.",,"+15 % de probabilidad de restaurar el ataque básico y las acciones de movimiento, arma y baratija al matar a una unidad.","+15&nbsp;% de chances de réinitialiser vos actions d'attaque de base, de mouvement, d'arme et de babiole en tuant un ennemi.","+15%ige Wahrscheinlichkeit, dass deine Aktionen Grundangriff, Bewegung, Waffe und Zubehör sich auffrischen, wenn du etwas tötest.","+15% di probabilità di ricaricare le azioni di attacco base, movimento, armi e ciondoli quando uccidi qualcuno.","+15% de chance de reiniciar suas ações de ataque básico, movimento, arma e acessório ao obter uma baixa.",,,キル取得時に​+15%の​確率で​基本攻撃、​移動、​武器、​アクセサリーアクションを​リフレッシュする。[b][/b],
,,,,,,,,,,,
ARMOR_FLOWERMASK_NAME,Flower Mask,,Máscara floral,Masque floral,Blumenmaske,Maschera di Fiori,Máscara de Flores,,,花マスク,
ARMOR_FLOWERMASK_DESC,Your basic attack has a +5% chance to inflict Entangled.Plants flowers on each tile you move through.[s:.7](Stacking this effect plants flowers in a wider area.)[/s],,"El ataque básico tiene +5 % de probabilidad de infligir enredo.Se plantan flores en cada casilla que atraviesa esta unidad.[s:.7](Al acumular este efecto, se plantan flores en un área más amplia).[/s]",Votre attaque de base a +5&nbsp;% de chances d'infliger Emmêlement.Des fleurs poussent sur les cases que vous traversez.[s:.7](Cumuler cet effet en plante dans une zone plus vaste.)[/s],"Dein Grundangriff hat eine +5%ige Wahrscheinlichkeit, Verstrickt zu verursachen.Pflanze Blumen auf jedem Feld, über das du dich bewegst.[s:.7](Höhere Stapel dieses Effekts pflanzen Blumen in einem größeren Bereich.)[/s]","Il tuo attacco base ha una probabilità del +5% di infliggere Intrappolamento.Pianti fiori su ogni casella che attraversi.[s:.7](Accumulando quest'effetto, i fiori vengono piantati in un'area più ampia.)[/s]",Seu ataque básico possui +5% de chance de aplicar amarração.Plante flores em cada espaço através do qual você se move.[s:.7](Acumular este efeito planta flores em uma área mais ampla)[/s],,,基本攻撃に​+5% 絡まり​付与確率。​移動した​各タイルに​花を​植える。[s:.7](この​効果を​重ねると、​より​広い​範囲に​花を​植える。)[/s],
ARMOR_FLOWERHAT_NAME,Flower Hat,,Gorro floral,Chapeau floral,Blumenhut,Cappello di Fiori,Chapéu de Flores,,,花ハット,
ARMOR_FLOWERHAT_DESC,Your basic attack has a +5% chance to inflict Entangled.Plants flowers on each tile you move through.[s:.7](Stacking this effect plants flowers in a wider area.)[/s],,"El ataque básico tiene +5 % de probabilidad de infligir enredo.Se plantan flores en cada casilla que atraviesa esta unidad.[s:.7](Al acumular este efecto, se plantan flores en un área más amplia).[/s]",Votre attaque de base a +5&nbsp;% de chances d'infliger Emmêlement.Des fleurs poussent sur les cases que vous traversez.[s:.7](Cumuler cet effet en plante dans une zone plus vaste.)[/s],"Dein Grundangriff hat eine +5%ige Wahrscheinlichkeit, Verstrickt zu verursachen.Pflanze Blumen auf jedem Feld, über das du dich bewegst.[s:.7](Höhere Stapel dieses Effekts pflanzen Blumen in einem größeren Bereich.)[/s]","Il tuo attacco base ha una probabilità del +5% di infliggere Intrappolamento.Pianti fiori su ogni casella che attraversi.[s:.7](Accumulando quest'effetto, i fiori vengono piantati in un'area più ampia.)[/s]",Seu ataque básico possui +5% de chance de aplicar amarração.Plante flores em cada espaço através do qual você se move.[s:.7](Acumular este efeito planta flores em uma área mais ampla)[/s],,,基本攻撃に​+5% 絡まり​付与確率。​移動した​各タイルに​花を​植える。[s:.7](この​効果を​重ねると、​より​広い​範囲に​花を​植える。)[/s],
ARMOR_FLOWERNECKLACE_NAME,Flower Necklace,,Gargantilla floral,Collier floral,Blumenhalskette,Collana di Fiori,Colar de Flores,,,花ネックレス,
ARMOR_FLOWERNECKLACE_DESC,Your basic attack has a +5% chance to inflict Entangled.Plants flowers on each tile you move through.[s:.7](Stacking this effect plants flowers in a wider area.)[/s],,"El ataque básico tiene +5 % de probabilidad de infligir enredo.Se plantan flores en cada casilla que atraviesa esta unidad.[s:.7](Al acumular este efecto, se plantan flores en un área más amplia).[/s]",Votre attaque de base a +5&nbsp;% de chances d'infliger Emmêlement.Des fleurs poussent sur les cases que vous traversez.[s:.7](Cumuler cet effet en plante dans une zone plus vaste.)[/s],"Dein Grundangriff hat eine +5%ige Wahrscheinlichkeit, Verstrickt zu verursachen.Pflanze Blumen auf jedem Feld, über das du dich bewegst.[s:.7](Höhere Stapel dieses Effekts pflanzen Blumen in einem größeren Bereich.)[/s]","Il tuo attacco base ha una probabilità del +5% di infliggere Intrappolamento.Pianti fiori su ogni casella che attraversi.[s:.7](Accumulando quest'effetto, i fiori vengono piantati in un'area più ampia.)[/s]",Seu ataque básico possui +5% de chance de aplicar amarração.Plante flores em cada espaço através do qual você se move.[s:.7](Acumular este efeito planta flores em uma área mais ampla)[/s],,,基本攻撃に​+5% 絡まり​付与確率。​移動した​各タイルに​花を​植える。[s:.7](この​効果を​重ねると、​より​広い​範囲に​花を​植える。)[/s],
SETBONUS_FLOWER_NAME,Flower Set Bonus!,,¡Bonificación de conjunto floral!,Bonus d'ensemble&nbsp;: floral&nbsp;!,Setbonus: Blumenrüstung!,Bonus Set: Fiori!,Bônus de Conjunto de Flores!,,,花セットボーナス!,
SETBONUS_FLOWER_DESC,Enemies have a 10% chance to become Entangled when walking through flower tiles.,,Los enemigos tienen un 10 % de probabilidad de sufrir enredo al atravesar casillas con flores.,Les ennemis ont 10&nbsp;% de chances de subir Emmêlement lorsqu'ils traversent des cases de fleurs.,"Gegner haben eine 10%ige Wahrscheinlichkeit, Verstrickt zu erleiden, wenn sie über Blumenfelder gehen.",I nemici hanno una probabilità del 10% di subire Intrappolamento quando attraversano le caselle di fiori.,Inimigos possuem +10% de chance de sofrerem amarração ao caminhar sobre espaços de flores.,,,敵は​花タイルを​通過する​際に​10%の​確率で​絡まり​状態に​なる。[b][/b],
,,,,,,,,,,,
ARMOR_FLYHAT_NAME,Fly Hat,,Casco de mosca,Chapeau mouche,Fliegenhut,Cappello da Mosca,Chapéu Voador,,,ハエハット,
ARMOR_FLYHAT_DESC,+10% Dodge Chance.,,+10 % de probabilidad de esquiva.,Chances d'esquive +10&nbsp;%.,+10&nbsp;% Ausweichchance.,+10% di probabilità di schivata.,+10% de chance de esquiva.,,,+10% 回避率。,
ARMOR_FLYMASK_NAME,Fly Mask,,Máscara de mosca,Masque mouche,Fliegenmaske,Maschera da Mosca,Máscara Voadora,,,ハエマスク,
ARMOR_FLYMASK_DESC,+10% Dodge Chance.,,+10 % de probabilidad de esquiva.,Chances d'esquive +10&nbsp;%.,+10&nbsp;% Ausweichchance.,+10% di probabilità di schivata.,+10% de chance de esquiva.,,,+10% 回避率。,
ARMOR_FLYARMOR_NAME,Fly Carapace,,Caparazón de mosca,Carapace mouche,Fliegenpanzer,Carapace da Mosca,Carapaça Voadora,,,ハエ甲羅,
ARMOR_FLYARMOR_DESC,+10% Dodge Chance.,,+10 % de probabilidad de esquiva.,Chances d'esquive +10&nbsp;%.,+10&nbsp;% Ausweichchance.,+10% di probabilità di schivata.,+10% de chance de esquiva.,,,+10% 回避率。,
SETBONUS_FLY_NAME,Fly Set Bonus!,,¡Bonificación de conjunto de mosca!,Bonus d'ensemble&nbsp;: mouche&nbsp;!,Setbonus: Die Fliege!,Bonus Set: Mosca!,Bônus de Conjunto Voador!,,,ハエセットボーナス!,
SETBONUS_FLY_DESC,Flying. You do not take extra damage from backstabs.50% Chance to spawn a Fly each turn.,,Vuela. Los ataques por la espalda no le infligen daño extra.50 % de probabilidad de generar una mosca cada turno.,Vol. Vous ne subissez pas les dégâts bonus des attaques sournoises.50&nbsp;% de chances d'invoquer une mouche chaque tour.,"Du fliegst. Du erleidest keinen zusätzlichen Schaden von hinten.50%ige Wahrscheinlichkeit, in jedem Zug eine Fliege zu rufen.",Volo. Non subisci danno aggiuntivo dai colpi alle spalle.50% di probabilità di generare una Mosca ogni turno.,Voador. Você não sofre dano adicional de punhaladas.50% de chance de gerar uma mosca a cada turno.,,,飛行。​バック​スタブから​追加ダメージを​受けない。​50%の​確率で​各ターンハエを​出現させる。[b][/b],
,,,,,,,,,,,
ARMOR_FROZENHAT_NAME,Frozen Hat,,Gorro congelado,Chapeau glacial,Frosthut,Cappello Ghiacciato,Chapéu Congelado,,,凍結ハット,
ARMOR_FROZENHAT_DESC,Your basic attack inflicts Slow and has a +10% chance to Freeze units. Units that contact you gain Slow and have a 10% chance to become Frozen.,,El ataque básico inflige ralentización y tiene +10 % de probabilidad de congelar. La unidades que entren en contacto con esta obtienen ralentización y tienen un 10 % de probabilidad de congelarse.,Votre attaque de base inflige Lenteur et a +10&nbsp;% de chances d'infliger Gel. Les unités qui vous touchent subissent Lenteur et on 10&nbsp;% de chances de subir Gel.,"Dein Grundangriff verursacht Verlangsamung und hat eine +10%ige Wahrscheinlichkeit, Einheiten einzufrieren. Einheiten, die dich berühren, erleiden Verlangsamung und haben eine 10%ige Wahrscheinlichkeit, eingefroren zu werden.",Il tuo attacco base infligge Rallentamento e ha un +10% di probabilità di infliggere Congelamento alle unità. Le unità che ti toccano subiscono Rallentamento e hanno un 10% di probabilità di subire Congelamento.,Seu ataque básico aplica lentidão e possui +10% de chance de congelar unidades. Unidades que entram em contato com você obtêm lentidão e possuem 10% de chance de serem congeladas.,,,基本攻撃が​鈍足を​付与し、​+10%の​凍結確率を​持つ。​あなたに​接触した​ユニットは​鈍足を​得て​10%の​確率で​凍結する。[b][/b],
ARMOR_FROZENMASK_NAME,Frozen Mask,,Máscara congelada,Masque glacial,Frostmaske,Maschera Ghiacciata,Máscara Congelada,,,凍結マ​スク,
ARMOR_FROZENMASK_DESC,Your basic attack inflicts Slow and has a +10% chance to Freeze units. Units that contact you gain Slow and have a 10% chance to become Frozen.,,El ataque básico inflige ralentización y tiene +10 % de probabilidad de congelar. La unidades que entren en contacto con esta obtienen ralentización y tienen un 10 % de probabilidad de congelarse.,Votre attaque de base inflige Lenteur et a +10&nbsp;% de chances d'infliger Gel. Les unités qui vous touchent subissent Lenteur et on 10&nbsp;% de chances de subir Gel.,"Dein Grundangriff verursacht Verlangsamung und hat eine +10%ige Wahrscheinlichkeit, Einheiten einzufrieren. Einheiten, die dich berühren, erleiden Verlangsamung und haben eine 10%ige Wahrscheinlichkeit, eingefroren zu werden.",Il tuo attacco base infligge Rallentamento e ha un +10% di probabilità di infliggere Congelamento alle unità. Le unità che ti toccano subiscono Rallentamento e hanno un 10% di probabilità di subire Congelamento.,Seu ataque básico aplica lentidão e possui +10% de chance de congelar unidades. Unidades que entram em contato com você obtêm lentidão e possuem 10% de chance de serem congeladas.,,,基本攻撃が​鈍足を​付与し、​+10%の​凍結確率を​持つ。​あなたに​接触した​ユニットは​鈍足を​得て​10%の​確率で​凍結する。[b][/b],
ARMOR_FROZENNECKLACE_NAME,Frozen Necklace,,Gargantilla congelada,Collier glacial,Frosthalskette,Collana Ghiacciata,Colar Congelado,,,凍結ネックレス,
ARMOR_FROZENNECKLACE_DESC,Your basic attack inflicts Slow and has a +10% chance to Freeze units. Units that contact you gain Slow and have a 10% chance to become Frozen.,,El ataque básico inflige ralentización y tiene +10 % de probabilidad de congelar. La unidades que entren en contacto con esta obtienen ralentización y tienen un 10 % de probabilidad de congelarse.,Votre attaque de base inflige Lenteur et a +10&nbsp;% de chances d'infliger Gel. Les unités qui vous touchent subissent Lenteur et on 10&nbsp;% de chances de subir Gel.,"Dein Grundangriff verursacht Verlangsamung und hat eine +10%ige Wahrscheinlichkeit, Einheiten einzufrieren. Einheiten, die dich berühren, erleiden Verlangsamung und haben eine 10%ige Wahrscheinlichkeit, eingefroren zu werden.",Il tuo attacco base infligge Rallentamento e ha un +10% di probabilità di infliggere Congelamento alle unità. Le unità che ti toccano subiscono Rallentamento e hanno un 10% di probabilità di subire Congelamento.,Seu ataque básico aplica lentidão e possui +10% de chance de congelar unidades. Unidades que entram em contato com você obtêm lentidão e possuem 10% de chance de serem congeladas.,,,基本攻撃が​鈍足を​付与し、​+10%の​凍結確率を​持つ。​あなたに​接触した​ユニットは​鈍足を​得て​10%の​確率で​凍結する。[b][/b],
SETBONUS_FROZEN_NAME,Frozen Set Bonus!,,¡Bonificación de conjunto congelado!,Bonus d'ensemble&nbsp;: glacial&nbsp;!,Setbonus: Frostrüstung!,Bonus Set: Ghiaccio!,Bônus de Conjunto Congelado,,,凍結セットボーナス!,
SETBONUS_FROZEN_DESC,You can damage Frozen units.,,Puede infligir daño a las unidades congeladas.,Vous pouvez infliger des dégâts aux unités gelées.,Du kannst Schaden bei eingefrorenen Einheiten verursachen.,Puoi infliggere danno alle unità con Congelamento.,Você pode causar dano a unidades congeladas.,,,凍結ユ​ニットに​ダメージを​与えられる。[b][/b],
,,,,,,,,,,,
ARMOR_GEMSTONEHAT_NAME,Gemstone Crown,,Corona de gemas,Couronne précieuse,Edelsteinkrone,Corona di Gemme,Coroa de Pedras Preciosas,,,宝石王冠,
ARMOR_GEMSTONEHAT_DESC,+1 Kinetic Spikes.,,+1 de pinchos cinéticos.,Pics cinétiques +1.,+1&nbsp;Kinetiknadeln.,+1 Spuntoni Cinetici.,+1 de espinhos cinéticos.,,,+1 運動棘。,
ARMOR_GEMSTONEMASK_NAME,Gemstone Mask,,Máscara de gemas,Masque précieux,Edelsteinmaske,Maschera di Gemme,Máscara de Pedras Preciosas,,,宝石マスク,
ARMOR_GEMSTONEMASK_DESC,+1 Kinetic Spikes.,,+1 de pinchos cinéticos.,Pics cinétiques +1.,+1&nbsp;Kinetiknadeln.,+1 Spuntoni Cinetici.,+1 de espinhos cinéticos.,,,+1 運動棘。,
ARMOR_GEMSTONEARMOR_NAME,Gemstone Necklace,,Gargantilla de gemas,Collier précieux,Edelsteinhalskette,Collana di Gemme,Colar de Pedras Preciosas,,,宝石ネックレス,
ARMOR_GEMSTONEARMOR_DESC,+1 Kinetic Spikes.,,+1 de pinchos cinéticos.,Pics cinétiques +1.,+1&nbsp;Kinetiknadeln.,+1 Spuntoni Cinetici.,+1 de espinhos cinéticos.,,,+1 運動棘。,
SETBONUS_GEMSTONE_NAME,Gemstone Set Bonus!,,¡Bonificación de conjunto de gemas!,Bonus d'ensemble&nbsp;: précieux&nbsp;!,Setbonus: Edelsteinrüstung!,Bonus Set: Gemme!,Bônus de Conjunto de Pedras Preciosas!,,,宝石セットボーナス!,
SETBONUS_GEMSTONE_DESC,Gain +3 [img:shield] at the end of each turn.,,Obtiene +3 [img:shield] al final de cada turno.,[img:shield] +3&nbsp;à la fin de chaque tour.,Erhalte am Ende jedes Zuges +3&nbsp;[img:shield].,Ottieni +3 allo [img:shield] alla fine di ogni turno.,Obtenha +3 de [img:shield] no final de cada turno.,,,各ターン終了時に​+3 [img:shield]を​得る。,
,,,,,,,,,,,
ARMOR_GIMPHAT_NAME,Leather Hood,,Capucha de cuero,Capuche en cuir,Lederkapuze,Cappuccio di Cuoio,Capuz de Couro,,,革フード,
ARMOR_GIMPHAT_DESC,Gain +2 Charge when you take damage.,,Obtiene +2 de carga al sufrir daño.,Charge +2&nbsp;quand vous subissez des dégâts.,"Erhalte +2&nbsp;Ladung, wenn du Schaden erleidest.",Ottieni +2 Carica quando subisci danno.,Obtenha +2 cargas ao sofrer dano.,,,ダメージを​受けると​+2 チャージを​得る。[b][/b],
ARMOR_GIMPMASK_NAME,Ball Gag,,Mordaza,Bâillon-boule,Ballknebel,Bavaglio,Mordaça de Bola,,,ボールギャグ,
ARMOR_GIMPMASK_DESC,Gain +2 Charge when you take damage.,,Obtiene +2 de carga al sufrir daño.,Charge +2&nbsp;quand vous subissez des dégâts.,"Erhalte +2&nbsp;Ladung, wenn du Schaden erleidest.",Ottieni +2 Carica quando subisci danno.,Obtenha +2 cargas ao sofrer dano.,,,ダメージを​受けると​+2 チャージを​得る。[b][/b],
ARMOR_GIMPCOLLAR_NAME,Leather Collar,,Collar de cuero,Collier en cuir,Lederhalsband,Collare di Cuoio,Coleira de Couro,,,革首輪,
ARMOR_GIMPCOLLAR_DESC,Gain +2 Charge when you take damage.,,Obtiene +2 de carga al sufrir daño.,Charge +2&nbsp;quand vous subissez des dégâts.,"Erhalte +2&nbsp;Ladung, wenn du Schaden erleidest.",Ottieni +2 Carica quando subisci danno.,Obtenha +2 cargas ao sofrer dano.,,,ダメージを​受けると​+2 チャージを​得る。[b][/b],
SETBONUS_GIMP_NAME,Gimp Set Bonus!,,¡Bonificación de conjunto de sumisión!,Bonus d'ensemble&nbsp;: BDSM&nbsp;!,Setbonus: Fetischrüstung!,Bonus Set: Storpio!,Bônus de Conjunto Fetichista!,,,ギンプセットボーナス!,
SETBONUS_GIMP_DESC,Gain +1 Random Stat Up whenever you take damage.,,Obtiene +1 de aumento de un atributo al azar al sufrir daño.,Statistique aléatoire +1&nbsp;quand vous subissez des dégâts.,"Erhalte +1 auf ein zufälliges Attribut, wenn du Schaden erleidest.",Ottieni +1 potenziamento casuale alle statistiche ogni volta che subisci danno.,Obtenha 1 atributo aumentado aleatório sempre que sofrer dano.,,,ダメージを​受ける​たびに​+1 ランダムステータスアップを​得る。[b][/b],
,,,,,,,,,,,
ARMOR_THEMIND_NAME,The Mind,,Mente,L'Esprit,Der Geist,La Mente,A Mente,,,精神,
ARMOR_THEMIND_DESC,,,,,,,,,,,
ARMOR_THEBODY_NAME,The Body,,Cuerpo,Le Corps,Der Körper,Il Corpo,O Corpo,,,肉体,
ARMOR_THEBODY_DESC,,,,,,,,,,,
ARMOR_THESOUL_NAME,The Soul,,Alma,L'Âme,Die Seele,L'Anima,A Alma,,,魂,
ARMOR_THESOUL_DESC,,,,,,,,,,,
SETBONUS_GODHEAD_NAME,Godhead Set Bonus!,,¡Bonificación de conjunto divino!,Bonus d'ensemble&nbsp;: trinité&nbsp;!,Setbonus: Gottesform!,Bonus Set: Divinità!,Bônus de Conjunto de Cabeça Divina!,,,神格セットボーナス!,
SETBONUS_GODHEAD_DESC,Eternal Life,,Vida eterna,Vie éternelle,Ewiges Leben,Vita Eterna,Vida Eterna,,,永遠の​命,
,,,,,,,,,,,
ARMOR_FACEGRUB_NAME,Face Grub,,Larva facial,Larve faciale,Gesichtsmade,Baco del Viso,Larva de Rosto,,,顔幼虫,
ARMOR_FACEGRUB_DESC,"When your [img:shield] is depleted, this transforms into a Maggot familiar.",,"Al agotarse [img:shield], este objeto se transforma en un familiar gusano.","Quand votre [img:shield] est à 0, se change en asticot de compagnie.","Wenn dein [img:shield] aufgebraucht ist, verwandelt sich dies in eine freundliche Made.","Quando il tuo [img:shield] è esaurito, si trasforma in un famiglio Larva.","Quando seu [img:shield] se esgota, isto se transforma em um familiar verme.",,,[img:shield]が​枯渇すると、​これが​ウジ使い魔に​変化する。,
ARMOR_HEADGRUB_NAME,Head Grub,,Larva cefálica,Larve crânienne,Kopfmade,Baco della Testa,Larva de Cabeça,,,頭幼虫,
ARMOR_HEADGRUB_DESC,"When your [img:shield] is depleted, this transforms into a Maggot familiar.",,"Al agotarse [img:shield], este objeto se transforma en un familiar gusano.","Quand votre [img:shield] est à 0, se change en asticot de compagnie.","Wenn dein [img:shield] aufgebraucht ist, verwandelt sich dies in eine freundliche Made.","Quando il tuo [img:shield] è esaurito, si trasforma in un famiglio Larva.","Quando seu [img:shield] se esgota, isto se transforma em um familiar verme.",,,[img:shield]が​枯渇すると、​これが​ウジ使い魔に​変化する。,
ARMOR_NECKGRUB_NAME,Neck Grub,,Larva para cuello,Larve cervicale,Halsmade,Baco del Collo,Larva de Pescoço,,,首幼虫,
ARMOR_NECKGRUB_DESC,"When your [img:shield] is depleted, this transforms into a Maggot familiar.",,"Al agotarse [img:shield], este objeto se transforma en un familiar gusano.","Quand votre [img:shield] est à 0, se change en asticot de compagnie.","Wenn dein [img:shield] aufgebraucht ist, verwandelt sich dies in eine freundliche Made.","Quando il tuo [img:shield] è esaurito, si trasforma in un famiglio Larva.","Quando seu [img:shield] se esgota, isto se transforma em um familiar verme.",,,[img:shield]が​枯渇すると、​これが​ウジ使い魔に​変化する。,
SETBONUS_GRUB_NAME,Grub Set Bonus!,,¡Bonificación de conjunto de larva!,Bonus d'ensemble&nbsp;: larve&nbsp;!,Setbonus: Madenrüstung!,Bonus Set: Baco!,Bônus de Conjunto de Larva!,,,幼虫セットボーナス!,
SETBONUS_GRUB_DESC,Grubs spawned by items gain +5 HP.,,Las larvas que generan los objetos obtienen +5 PS.,Les larves générées par les objets gagnent +5&nbsp;PV.,"Maden, die durch Gegenstände erschaffen wurden, erhalten +5&nbsp;LP.",I bachi generati dagli oggetti ottengono +5 PS.,Larvas geradas por itens obtêm +5 PV.,,,アイテムから​出現した​幼虫は​+5 HPを​得る。[b][/b],
,,,,,,,,,,,
ARMOR_GUTSHEART_NAME,Heart,,Corazón,Cœur,Herz,Cuore,Coração,,,心臓,
ARMOR_GUTSHEART_DESC,+1 Health Regen.,,+1 de regeneración de salud.,Régénération de PV +1.,+1&nbsp;Lebensregeneration.,+1 a Rigenerazione Salute.,+1 de regeneração de saúde.,,,+1 HP再生。,
ARMOR_GUTSLIVER_NAME,Liver,,Hígado,Foie,Leber,Fegato,Fígado,,,肝臓,
ARMOR_GUTSLIVER_DESC,+1 Health Regen.,,+1 de regeneración de salud.,Régénération de PV +1.,+1&nbsp;Lebensregeneration.,+1 a Rigenerazione Salute.,+1 de regeneração de saúde.,,,+1 HP再生。,
ARMOR_GUTSINTESTINES_NAME,Intestines,,Intestinos,Intestins,Eingeweide,Intestini,Intestinos,,,腸,
ARMOR_GUTSINTESTINES_DESC,+1 Health Regen.,,+1 de regeneración de salud.,Régénération de PV +1.,+1&nbsp;Lebensregeneration.,+1 a Rigenerazione Salute.,+1 de regeneração de saúde.,,,+1 HP再生。,
SETBONUS_GUTS_NAME,Guts Set Bonus!,,¡Bonificación de conjunto de entrañas!,Bonus d'ensemble&nbsp;: entrailles&nbsp;!,Setbonus: Innereien!,Bonus Set: Viscere!,Bônus de Conjunto de Tripas!,,,臓物セットボーナス!,
SETBONUS_GUTS_DESC,+1 Health Regen.,,+1 de regeneración de salud.,Régénération de PV +1.,+1&nbsp;Lebensregeneration.,+1 a Rigenerazione Salute.,+1 de regeneração de saúde.,,,+1 HP再生。,
,,,,,,,,,,,
SETBONUS_HIPPIE_NAME,Hippie Set Bonus!,,¡Bonificación de conjunto hippie!,Bonus d'ensemble&nbsp;: hippie&nbsp;!,Setbonus: Hippierüstung!,Bonus Set: Hippie!,Bônus de Conjunto Hippie!,,,ヒッピーセットボーナス!,
SETBONUS_HIPPIE_DESC,Spawn 5 Catnip pickups at the start of each battle.,,Genera 5 recogibles de hierba gatera al inicio de cada combate.,Fait apparaître 5&nbsp;herbes à chat au début de chaque combat.,Lasse am Anfang jedes Kampfes 5&nbsp;Katzenminze erscheinen.,Generi 5 raccoglibili Erba Gatta all'inizio di ogni battaglia.,Gere 5 coletáveis de erva-de-gato no início de cada batalha.,,,各バトル開始時に​マタタビピックアップ5個を​出現させる。[b][/b],
,,,,,,,,,,,
ARMOR_HUMANFLESHMASK_NAME,Human Face,,Rostro humano,Visage humain,Menschliches Gesicht,Volto Umano,Rosto Humano,,,人間の​顔,
ARMOR_HUMANFLESHMASK_DESC,Your basic attack has a +25% chance to inflict Fear.Spawn a food pickup at the start of each battle.,,El ataque básico tiene un 25 % de probabilidad de infligir miedo.Genera un recogible de comida al inicio de cada combate.,Votre attaque de base a +25&nbsp;% de chances d'infliger Peur.Fait apparaître de la nourriture au début de chaque combat.,"Dein Grundangriff hat eine +25%ige Wahrscheinlichkeit, Angst zu verursachen.Lasse am Anfang jedes Kampfes einen Essensgegenstand erscheinen.",Il tuo attacco base ha un +25% di probabilità di infliggere Paura.Generi un raccoglibile Cibo all'inizio di ogni battaglia.,Seu ataque básico possui +25% de chance de aplicar medo.Gere um coletável de comida no início de cada batalha.,,,基本攻撃に​+25% 恐怖付与確率。​各バトル開始時に​食料ピックアップを​出現させる。[b][/b],
ARMOR_HUMANFLESHHAT_NAME,Human Scalp,,Cuero cabelludo humano,Cuir chevelu humain,Menschliches Skalp,Scalpo Umano,Escalpo Humano,,,人間の​頭皮,
ARMOR_HUMANFLESHHAT_DESC,Your crit hits inflict Fear.Spawn a food pickup at the start of each battle.,,Los golpes críticos infligen miedo.Genera un recogible de comida al inicio de cada combate.,Vos coups critiques infligent Peur.Fait apparaître de la nourriture au début de chaque combat.,Deine kritischen Treffer verursachen Angst.Lasse am Anfang jedes Kampfes einen Essensgegenstand erscheinen.,I tuoi colpi critici infliggono Paura.Generi un raccoglibile Cibo all'inizio di ogni battaglia.,Seus golpes críticos aplicam medo.Gere um coletável de comida no início de cada batalha.,,,クリティカルヒットが​恐怖を​付与する。​各バトル開始時に​食料ピックアップを​出現させる。[b][/b],
ARMOR_HUMANFLESHARMOR_NAME,Human Hide,,Pellejo humano,Peau humaine,Menschliche Haut,Pelle Umana,Couro Humano,,,人間の​皮,
ARMOR_HUMANFLESHARMOR_DESC,Units that contact or attack you have a +25% chance to be Feared.Spawn a food pickup at the start of each battle.,,Las unidades que entren en contacto con esta o que la ataquen tienen +25 % de probabilidad de sufrir miedo.Genera un recogible de comida al inicio de cada combate.,Les unités qui vous touchent ou vous attaquent ont +25&nbsp;% de chances de subir Peur.Fait apparaître de la nourriture au début de chaque combat.,"Einheiten, die dich berühren oder angreifen, erleiden mit +25%iger Wahrscheinlichkeit Angst.Lasse am Anfang jedes Kampfes einen Essensgegenstand erscheinen.",Le unità che ti toccano o ti attaccano hanno un +25% di probabilità di ottenere Paura.Generi un raccoglibile Cibo all'inizio di ogni battaglia.,Unidades que atacam ou entram em contato com você possuem uma chance de 25% de aplicarem medo.Gere um coletável de comida no início de cada batalha.,,,あなたに​接触または​攻撃した​ユニットは​+25%の​確率で​恐怖状態に​なる。​各バトル開始時に​食料ピックアップを​出現させる。[b][/b],
SETBONUS_HUMANFLESH_NAME,Human Flesh Set Bonus!,,¡Bonificación de conjunto de carne humana!,Bonus d'ensemble&nbsp;: chair humaine&nbsp;!,Setbonus: Rüstung aus Menschenfleisch!,Bonus Set: Carne Umana!,Bônus de Conjunto de Carne Humana!,,,人間の​肉セットボーナス!,
SETBONUS_HUMANFLESH_DESC,"+50% Crit Chance on humanoid enemies.When downed, inflict Fear 2 on all enemies.",,"+50 % de probabilidad de crítico a enemigos humanoides.Cuando esta unidad está abatida, inflige 2 de miedo a todos los enemigos.",Chances de coup critique +50&nbsp;% sur les ennemis humanoïdes.Inflige Peur +2&nbsp;à tous les ennemis quand vous êtes mis K.O.,"+50&nbsp;% kritische Trefferchance bei humanoiden Gegnern.Wenn du in Ohnmacht fällst, verursachst du Angst&nbsp;2 bei allen Gegnern.","+50% di probabilità di colpo critico sui nemici umanoidi.Quando sei KO, infliggi Paura 2 a tutti i nemici.","+50% de chance de crítico em inimigos humanoides.Ao ficar inconsciente, aplique medo 2 em todos os inimigos.",,,人型の​敵に​対して​+50% クリティカル率。​ダウン時に​すべての​敵に​恐怖2を​付与する。[b][/b],
,,,,,,,,,,,
ARMOR_HUNTERCAP_NAME,Hunter's Cap,,Gorro de cazador,Chapeau de sentinelle,Jägerhut,Berretto da Cacciatore,Chapéu de Caçador,,,狩人の​帽子,
ARMOR_HUNTERCAP_DESC,Your familiars gain All Stats Up.,,Los familiares obtienen aumento total.,Confère Hausse de stats à vos familiers.,Deine Begleiter erhalten einen Bonus auf alle Attribute.,I tuoi famigli ottengono Aumento delle Statistiche.,Seus familiares obtêm todos os atributos aumentados.,,,使い魔が​全ステータスアップを​得る。[b][/b],
ARMOR_HUNTERQUIVER_NAME,Hunter's Quiver,,Carcaj de cazador,Carquois de sentinelle,Jägerköcher,Faretra da Cacciatore,Aljava de Caçador,,,狩人の​矢筒,
ARMOR_HUNTERQUIVER_DESC,Start each battle with 2 bonus attacks.,,Empieza cada combate con 2 de bonificación de ataque.,Vous débutez chaque combat avec Attaque bonus +2.,Beginne jeden Kampf mit 2&nbsp;Bonusangriffen.,Inizi ogni battaglia con 2 attacchi bonus.,Inicie cada batalha com 2 ataques bônus.,,,各バトルを​2回の​ボーナス攻撃で​開始する。[b][/b],
ARMOR_HUNTERMONOCLE_NAME,Hunter's Monocle,,Monóculo de cazador,Monocle de sentinelle,Jägermonokel,Monocolo da Cacciatore,Monóculo de Caçador,,,狩人の​モノクル,
ARMOR_HUNTERMONOCLE_DESC,+2 range.,,+2 de alcance.,Portée +2.,+2&nbsp;Reichweite.,+2 al raggio d'azione.,+2 de alcance.,,,+2 射程。,
SETBONUS_HUNTER_NAME,Hunter Set Bonus!,,¡Bonificación de conjunto de cazador!,Bonus d'ensemble&nbsp;: sentinelle&nbsp;!,Setbonus: Jägerrüstung!,Bonus Set: Cacciatore!,Bônus de Conjunto de Caçador!,,,狩人セットボーナス!,
SETBONUS_HUNTER_DESC,+50% Crit Chance while standing in tall grass.,,+50 % de probabilidad de crítico en la hierba alta.,Chances de coup critique +50&nbsp;% quand vous êtes dans les hautes herbes.,"+50&nbsp;% kritische Trefferchance, während du in hohem Gras stehst.",+50% di probabilità di colpo critico quando sei nell'erba alta.,+50% de chance de crítico enquanto estiver em espaços de grama alta.,,,背の​高い​草の​中では​+50% クリティカル率。[b][/b],
,,,,,,,,,,,
ARMOR_HYBRIDHAT_NAME,Hybrid Hat,,Sombrero híbrido,Chapeau hybride,Hybridhut,Cappello Ibrido,Chapéu Híbrido,,,ハイブリッドハット,
ARMOR_HYBRIDHAT_DESC,Start with a bonus move and Bleed 1.,,Empieza con una bonificación de movimiento y 1 de hemorragia.,Vous débutez avec Déplacement bonus +1&nbsp;et Saignement +1.,Beginne jeden Kampf mit einer Bonusbewegung und Blutung&nbsp;1.,Inizi con un movimento bonus e Sanguinamento 1.,Inicie com um movimento bônus e sangramento 1.,,,ボーナス移動と​出血1で​開始する。[b][/b],
ARMOR_HYBRIDMASK_NAME,Hybrid Mask,,Máscara híbrida,Masque hybride,Hybridmaske,Maschera Ibrida,Máscara Híbrida,,,ハイブリッドマスク,
ARMOR_HYBRIDMASK_DESC,Start with a bonus attack and Poison 1.,,Empieza con una bonificación de ataque y 1 de veneno.,Vous débutez avec Attaque bonus +1&nbsp;et Poison +1.,Beginne jeden Kampf mit einem Bonusangriff und Gift&nbsp;1.,Inizi con un attacco bonus e Veleno 1.,Inicie com um ataque bônus e veneno 1.,,,ボーナス攻撃と​毒1で​開始する。[b][/b],
ARMOR_HYBRIDNECKLACE_NAME,Hybrid Necklace,,Gargantilla híbrida,Collier hybride,Hybridhalskette,Collana Ibrida,Colar Híbrido,,,ハイブリッドネックレス,
ARMOR_HYBRIDNECKLACE_DESC,Start with +5 Charge and Bruise 1.,,Empieza con +5 de carga y 1 de moratón.,Vous débutez avec Charge +5&nbsp;et Contusion +1.,Beginne jeden Kampf mit +5&nbsp;Ladung und Beulen&nbsp;1.,Inizi con +5 Carica e Livido 1.,Inicie com +5 cargas e contusão 1.,,,+5 チャージと​打撲1で​開始する。[b][/b],
SETBONUS_HYBRID_NAME,Hybrid Set Bonus!,,¡Bonificación de conjunto híbrido!,Bonus d'ensemble&nbsp;: hybride&nbsp;!,Setbonus: Hybridrüstung!,Bonus Set: Ibrido!,Bônus de Conjunto Híbrido!,,,ハイブリッドセットボーナス!,
SETBONUS_HYBRID_DESC,Bruise 1. Poison 1. Bleed 1.The first spell you cast each turn is cast twice.,,1 de moratón. 1 de veneno. 1 de hemorragia.Se duplica el primer hechizo que se lance cada turno.,Contusion +1. Poison +1. Saignement +1.Le premier sort que vous lancez chaque tour est lancé deux fois.,"Beulen&nbsp;1. Gift&nbsp;1. Blutung&nbsp;1.Der erste Zauber, den du pro Zug wirkst, wird zweimal gewirkt.",Livido 1. Veleno 1. Sanguinamento 1.Il primo incantesimo che lanci ogni turno viene lanciato due volte.,Contusão 1. Veneno 1. Sangramento 1.O primeiro encantamento que você lança em cada turno é lançado duas vezes.,,,打撲1。​毒1。​出血1。​各ターンの​最初の​スペルは​2回詠唱される。[b][/b],
,,,,,,,,,,,
ARMOR_JANKMASK_NAME,Jank Alloy Mask,,Máscara de aleación cutre,Masque en alliage bancal,Minderwertig legierte Maske,Maschera in Lega Scadente,Máscara de Liga Improvisada,,,粗悪合金マスク,
ARMOR_JANKMASK_DESC,"+1 Brace.Brittle.",,+1 de refuerzo.Endeblez.,Garde +1.Cassant.,+1&nbsp;Wappnen.Spröde.,+1 alla Guardia.Friabile.,+1 de preparação.Quebradiço.,,,+1 防御。​脆い。,
ARMOR_JANKARMOR_NAME,Jank Alloy Armor,,Armadura de aleación cutre,Armure en alliage bancal,Minderwertig legierte Rüstung,Armatura in Lega Scadente,Armadura de Liga Improvisada,,,粗悪合金アーマー,
ARMOR_JANKARMOR_DESC,"+1 Brace.Brittle.",,+1 de refuerzo.Endeblez.,Garde +1.Cassant.,+1&nbsp;Wappnen.Spröde.,+1 alla Guardia.Friabile.,+1 de preparação.Quebradiço.,,,+1 防御。​脆い。,
ARMOR_JANKHAT_NAME,Jank Alloy Hat,,Sombrero de aleación cutre,Chapeau en alliage bancal,Minderwertig Legierter Hut,Cappello in Lega Scadente,Chapéu de Liga Improvisada,,,粗悪合金ハット,
ARMOR_JANKHAT_DESC,"+1 Brace.Brittle.",,+1 de refuerzo.Endeblez.,Garde +1.Cassant.,+1&nbsp;Wappnen.Spröde.,+1 alla Guardia.Friabile.,+1 de preparação.Quebradiço.,,,+1 防御。​脆い。,
SETBONUS_JANKALLOY_NAME,Jank Alloy Set Bonus!,,¡Bonificación de conjunto de aleación cutre!,Bonus d'ensemble&nbsp;: alliage bancal&nbsp;!,Setbonus: Minderwertige Legierung!,Bonus Set: Lega Scadente!,Bônus de Conjunto de Liga Improvisada!,,,粗悪合金セットボーナス!,
SETBONUS_JANKALLOY_DESC,Jank Alloy Set Pieces are no longer Brittle.,,Las piezas de aleación cutre ya no sufren endeblez.,Les éléments de l'ensemble en alliage bancal ne sont plus Cassants.,Minderwertig legierte Setgegenstände sind nicht mehr spröde.,I pezzi del set in Lega Scadente non sono più friabili.,Peças do conjunto de liga improvisada não são mais quebradiças.,,,粗悪合金セットピースは​もは​や​脆くない。[b][/b],
,,,,,,,,,,,
ARMOR_CLOWNMAKEUP_NAME,Clown Makeup,,Maquillaje de payaso,Maquillage de clown,Clownschminke,Trucco da Clown,Maquiagem de Palhaço,,,ピエロメイク,
ARMOR_CLOWNMAKEUP_DESC,Triple the effects of your Head armor.,,Triplica los efectos de la armadura para la cabeza.,Tripler les effets de votre pièce d'équipement de tête.,Verdreifache den Effekt deines Helms.,Triplica gli effetti della tua armatura per la testa.,Triplica os efeitos da sua armadura de cabeça.,,,頭防具の​効果を​3倍に​する。[b][/b],
ARMOR_CAPANDBELLS_NAME,Cap and Bells,,Gorro de bufón,Bonnet à clochettes,Narrenmütze,Cappello con Campanelle,Chapéu de Sino,,,キャップと​鈴,
ARMOR_CAPANDBELLS_DESC,Triple the effects of your Trinket.,,Triplica los efectos de la baratija.,Triple les effets de votre babiole.,Verdreifache den Effekt deines Zubehörs.,Triplica gli effetti del tuo ciondolo.,Triplica os efeitos do seu acessório.,,,アクセサリーの​効果を​3倍に​する。[b][/b],
ARMOR_RUFFLE_NAME,Ruffle,,Gorguera,Collerette,Rüschen,Balza,Gola,,,襟飾り,
ARMOR_RUFFLE_DESC,Triple the effects of your Face armor.,,Triplica los efectos de la armadura para la cara.,Triple les effets de votre pièce d'équipement de visage.,Verdreifache den Effekt deiner Gesichtsbedeckung.,Triplica gli effetti della tua armatura per il viso.,Triplica os efeitos da sua armadura de rosto.,,,顔防具の​効果を​3倍に​する。[b][/b],
SETBONUS_JESTER_NAME,Jester Set Bonus!,,¡Bonificación de conjunto de bufón!,Bonus d'ensemble&nbsp;: joker&nbsp;!,Setbonus: Narrenrüstung!,Bonus Set: Giullare!,Bônus de Conjunto de Bobo da Corte!,,,道化師セットボーナス!,
SETBONUS_JESTER_DESC,+3 Rerolls when leveling up.,,+3 cambios al azar al subir de nivel.,Tirages de nouvelles options +3&nbsp;en montant de niveau.,"Du kannst deine Auswahlmöglichkeiten dreimal neu generieren, wenn du ein Level aufsteigst.",+3 modifiche alle scelte quando sali di livello.,+3 chances de rolar novamente suas opções ao subir de nível.,,,レベルアップ時に​+3 振り直しを​得る。[b][/b],
,,,,,,,,,,,
ARMOR_LEADMASK_NAME,Lead Mask,,Máscara de plomo,Masque en plomb,Bleimaske,Maschera di Piombo,Máscara de Chumbo,,,鉛マスク,
ARMOR_LEADMASK_DESC,,,,,,,,,,,
ARMOR_LEADHELMET_NAME,Lead Helmet,,Casco de plomo,Casque en plomb,Bleihelm,Elmo di Piombo,Capacete de Chumbo,,,鉛ヘルメット,
ARMOR_LEADHELMET_DESC,,,,,,,,,,,
ARMOR_LEADSHOULDERPADS_NAME,Lead Shoulder Pads,,Hombreras de plomo,Épaulettes en plomb,Bleischulterpolster,Spalline di Piombo,Ombreiras de Chumbo,,,鉛ショルダーパッド,
ARMOR_LEADSHOULDERPADS_DESC,,,,,,,,,,,
SETBONUS_LEAD_NAME,Lead Set Bonus!,,¡Bonificación de conjunto de plomo!,Bonus d'ensemble&nbsp;: plomb&nbsp;!,Setbonus: Bleirüstung!,Bonus Set: Piombo!,Bônus de Conjunto de Chumbo!,,,鉛セットボーナス!,
SETBONUS_LEAD_DESC,Trample 9.,,9 de pisotón.,Piétinement 9.,Trampel&nbsp;9.,Calpestamento 9.,Atropelamento 9.,,,踏みつけ9。,
,,,,,,,,,,,
ARMOR_LEAFYHAT_NAME,Leafy Hat,,Sombrero de hoja,Chapeau feuillu,Blatthut,Cappello di Foglie,Chapéu de Folha,,,葉の​ハット,
ARMOR_LEAFYHAT_DESC,"While standing in tall grass, you have +3 Mana Regen and +1 Health Regen.",,"En la hierba alta, esta unidad tiene +3 de regeneración de maná y +1 de regeneración de salud.",Régénération de mana +3&nbsp;et Régénération de PV +1&nbsp;dans les hautes herbes.,"Du hast +3&nbsp;Manaregeneration und +1&nbsp;Lebensregeneration, während du in hohem Gras stehst.","Quando sei nell'erba alta, ottieni +3 a Rigenerazione Mana e +1 a Rigenerazione Salute.","Enquanto estiver em espaços de grama alta, você possui +3 de regeneração de mana e +1 de regeneração de saúde.",,,背の​高い​草の​中では​+3 マナ回復と​+1 HP再生を​得る。[b][/b],
ARMOR_LEAFYMASK_NAME,Leafy Mask,,Máscara de hoja,Masque feuillu,Blattmaske,Maschera di Foglie,Máscara de Folha,,,葉の​マスク,
ARMOR_LEAFYMASK_DESC,"While standing in tall grass, you have +40% Dodge Chance.",,"En la hierba alta, esta unidad tiene +40 % de probabilidad de esquiva.",Chances d'esquive +40&nbsp;% dans les hautes herbes.,"Du hast +40&nbsp;% Ausweichchance, während du in hohem Gras stehst.","Quando sei nell'erba alta, hai un +40% di probabilità di schivata.","Enquanto estiver em espaços de grama alta, você possui +40% de chance de esquiva.",,,背の​高い​草の​中では​+40% 回避率を​得る。[b][/b],
ARMOR_LEAFYNECKLACE_NAME,Leafy Necklace,,Gargantilla de hoja,Collier feuillu,Blatthalskette,Collana di Foglie,Colar de Folha,,,葉の​ネックレス,
ARMOR_LEAFYNECKLACE_DESC,"While standing in tall grass, you have +3 Health Regen and +1 Mana Regen.",,"En la hierba alta, esta unidad tiene +3 de regeneración de maná y +1 de regeneración de salud.",Régénération de PV +3&nbsp;et Régénération de mana +1&nbsp;dans les hautes herbes.,"Du hast +3&nbsp;Lebensregeneration und +1&nbsp;Manaregeneration, während du in hohem Gras stehst.","Quando sei nell'erba alta, ottieni +3 a Rigenerazione Salute e +1 a Rigenerazione Mana.","Enquanto estiver em espaços de grama alta, você possui +3 de regeneração de saúde e +1 de regeneração de mana.",,,背の​高い​草の​中では​+3 HP再生と​+1 マナ回復を​得る。[b][/b],
SETBONUS_LEAFY_NAME,Leafy Set Bonus!,,¡Bonificación de conjunto de hoja!,Bonus d'ensemble&nbsp;: feuillu&nbsp;!,Setbonus: Blattrüstung!,Bonus Set: Foglie!,Bônus de Conjunto de Folha!,,,葉セットボーナス!,
SETBONUS_LEAFY_DESC,"If you end your turn with unused movement actions, heal 3 HP and gain +3 Charge.",,"Si termina el turno con acciones de movimiento sin usar, recupera 3 PS y obtiene +3 de carga.",Rend 3&nbsp;PV et confère Charge +3&nbsp;si vous terminez votre tour avec des actions de déplacement inutilisées.,"Wenn du deinen Zug mit unbenutzten Bewegungsaktionen beendest, heilst du dich um 3&nbsp;LP und erhältst +3&nbsp;Ladung.","Se termini il tuo turno con azioni di movimento non utilizzate, recuperi 3 PS e ottieni +3 Carica.","Ao finalizar seu turno com ações de movimento não utilizadas, cure 3 PV e obtenha +3 cargas.",,,未使用の​移動アクションで​ターンを​終えると、​HP3回復して​+3 チャージを​得る。[b][/b],
,,,,,,,,,,,
ARMOR_LEATHERHAT_NAME,Leather Cap,,Gorra de cuero,Calotte en cuir,Lederkappe,Cappello di Cuoio,Chapéu de Couro,,,革キャップ,
ARMOR_LEATHERHAT_DESC,+1 Brace.,,+1 de refuerzo.,Garde +1.,+1&nbsp;Wappnen.,+1 alla Guardia.,+1 de preparação.,,,+1 防御。,
ARMOR_LEATHERMASK_NAME,Leather Mask,,Máscara de cuero,Masque en cuir,Ledermaske,Maschera di Cuoio,Máscara de Couro,,,革マスク,
ARMOR_LEATHERMASK_DESC,+1 Brace.,,+1 de refuerzo.,Garde +1.,+1&nbsp;Wappnen.,+1 alla Guardia.,+1 de preparação.,,,+1 防御。,
ARMOR_LEATHERARMOR_NAME,Leather Choker,,Collera de cuero,Tour de cou en cuir,Lederhalsreif,Girocollo di Cuoio,Gargantilha de Couro,,,革チョーカー,
ARMOR_LEATHERARMOR_DESC,+1 Brace.,,+1 de refuerzo.,Garde +1.,+1&nbsp;Wappnen.,+1 alla Guardia.,+1 de preparação.,,,+1 防御。,
SETBONUS_LEATHER_NAME,Leather Set Bonus!,,¡Bonificación de conjunto de cuero!,Bonus d'ensemble&nbsp;: cuir&nbsp;!,Setbonus: Lederrüstung!,Bonus Set: Cuoio!,Bônus de Conjunto de Couro!,,,革セットボーナス!,
SETBONUS_LEATHER_DESC,,,,,,,,,,,
,,,,,,,,,,,
SETBONUS_LEECH_NAME,Leech Set Bonus!,,¡Bonificación de conjunto de sanguijuela!,Bonus d'ensemble&nbsp;: sangsue&nbsp;!,Setbonus: Blutegel!,Bonus Set: Sanguisuga!,Bônus de Conjunto de Sanguessuga!,,,リーチセットボーナス!,
SETBONUS_LEECH_DESC,Start battle with 4 beefy Leech familiars.,,Comienza el combate con 4 familiares sanguijuelas muy guerrilleros.,Vous débutez le combat avec 4&nbsp;sangsues baraquées de compagnie.,Beginne den Kampf mit 4&nbsp;fetten Blutegelbegleitern.,Inizi la battaglia con 4 famigli Sanguisuga robusti.,Inicie a batalha com 4 sanguessugas robustas.,,,バトルを​頑強な​リーチ​使い魔4体で​開始する。[b][/b],
,,,,,,,,,,,
ARMOR_LUCKYHAT_NAME,Lucky Hat,,Sombrero de la suerte,Chapeau chanceux,Glückshut,Cappello Fortunato,Chapéu da Sorte,,,幸運の​帽子,
ARMOR_LUCKYHAT_DESC,Fragile.,,Fragilidad.,Fragile.,Zerbrechlich.,Fragile.,Frágil.,,,脆弱。,
ARMOR_LUCKYMASK_NAME,Lucky Clover,,Trébol de la suerte,Trèfle porte-bonheur,Glücksklee,Quadrifoglio Fortunato,Trevo da Sorte,,,幸運の​クローバー,
ARMOR_LUCKYMASK_DESC,Fragile.,,Fragilidad.,Fragile.,Zerbrechlich.,Fragile.,Frágil.,,,脆弱。,
ARMOR_LUCKYARMOR_NAME,Lucky Horseshoe,,Herradura de la suerte,Fer à cheval,Glückshufeisen,Ferro di Cavallo Fortunato,Ferradura da Sorte,,,幸運の​馬蹄,
ARMOR_LUCKYARMOR_DESC,Fragile.,,Fragilidad.,Fragile.,Zerbrechlich.,Fragile.,Frágil.,,,脆弱。,
SETBONUS_LUCKY_NAME,Lucky Set Bonus!,,¡Bonificación de conjunto de la suerte!,Bonus d'ensemble&nbsp;: veinard&nbsp;!,Setbonus: Glücksrüstung!,Bonus Set: Fortuna!,Bônus de Conjunto da Sorte!,,,ラッキーセットボーナス!,
SETBONUS_LUCKY_DESC,Spawn 5-10 extra coins on each map.Lucky Set Pieces are no longer Fragile.,,Genera 5-10 monedas extras en cada mapa.Las piezas de la suerte ya no sufren fragilidad.,Fait apparaître 5&nbsp;à 10&nbsp;pièces bonus sur chaque carte.Les éléments de l'ensemble chanceux ne sont plus Fragiles.,Lasse auf jeder Karte 5&nbsp;– 10 zusätzliche Münzen erscheinen.Glückssetgegenstände sind nicht mehr zerbrechlich.,Generi 5-10 monete aggiuntive in ogni mappa.I pezzi del set Fortuna non sono più fragili.,Gere 5-10 moedas adicionais em cada mapa.Peças do conjunto da sorte não são mais frágeis.,,,各マップで​5~10コインが​余分に​出現する。​ラッキーセットピースは​壊れやすくなくなる。[b][/b],
,,,,,,,,,,,
ARMOR_MAGEHAT_NAME,Mage's Hat,,Gorro de mago,Chapeau de mage,Magierhut,Cappello del Mago,Chapéu de Mago,,,魔術師の​帽子,
ARMOR_MAGEHAT_DESC,Gain +1 Charge each time you cast a spell.,,Obtiene +1 de carga cada vez que lanza un hechizo.,Charge +1&nbsp;chaque fois que vous lancez un sort.,"Erhalte jedes Mal, wenn du einen Zauber wirkst, +1&nbsp;Ladung.",Ottieni +1 Carica ogni volta che lanci un incantesimo.,Obtenha +1 carga sempre que lançar um encantamento.,,,スペル詠唱時に​+1チャージを​獲得。[b][/b],
ARMOR_MAGEROBE_NAME,Mage's Robe,,Túnica de mago,Robe de mage,Magierrobe,Tunica del Mago,Robe de Mago,,,魔術師の​ローブ,
ARMOR_MAGEROBE_DESC,Gain +1 Charge when you deal damage with your basic attack.,,Obtiene +1 de carga al infligir daño con el ataque básico.,Charge +1&nbsp;quand vous infligez des dégâts avec votre attaque de base.,"Erhalte jedes Mal, wenn du mit deinem Grundangriff Schaden verursachst, +1&nbsp;Ladung.",Ottieni +1 Carica quando infliggi danno con il tuo attacco base.,Obtenha +1 carga ao causar dano com seu ataque básico.,,,通常攻撃で​ダメージを​与えると​+1チャージを​獲得。[b][/b],
ARMOR_MAGESCARF_NAME,Mage's Scarf,,Bufanda de mago,Écharpe de mage,Magierschal,Sciarpa del Mago,Lenço de Mago,,,魔術師の​スカーフ,
ARMOR_MAGESCARF_DESC,Gain +1 Charge each time an enemy dies.,,Obtiene +1 de carga cada vez que muere un enemigo.,Charge +1&nbsp;à chaque fois qu'un ennemi meurt.,"Erhalte jedes Mal, wenn ein Gegner stirbt, +1&nbsp;Ladung.",Ottieni +1 Carica ogni volta che un nemico muore.,Obtenha +1 carga a cada vez que um inimigo morrer.,,,敵が​死亡する​たびに​+1チャージを​獲得。[b][/b],
SETBONUS_MAGE_NAME,Mage Set Bonus!,,¡Bonificación de conjunto de mago!,Bonus d'ensemble&nbsp;: mage&nbsp;!,Setbonus: Magierrüstung!,Bonus Set: Mago!,Bônus de Conjunto de Mago!,,,魔術師セットボーナス!,
SETBONUS_MAGE_DESC,+5 starting mana.,,+5 de maná inicial.,Mana de départ +5.,+5&nbsp;Mana zu Beginn.,+5 mana iniziale.,+5 de mana inicial.,,,+5初期マナ。,
,,,,,,,,,,,
ARMOR_MANGLASSES_NAME,Man's Glasses,,Gafas para hombre,Lunettes d'homme,Männerbrille,Occhiali da Uomo,Óculos de Homem,,,紳士の​眼鏡,
ARMOR_MANGLASSES_DESC,Physical attacks can't miss.Spawn 1-2 extra pickups at the start of each battle.,,Los ataques físicos no pueden fallar.Genera 1-2 recogibles extras al inicio de cada combate.,Les attaques physiques ne peuvent pas échouer.Fait apparaître 1&nbsp;à 2&nbsp;ressources bonus au début de chaque combat.,Physische Angriffe können nicht verfehlen.Lasse am Anfang jedes Kampfes 1&nbsp;– 2 zusätzliche Gegenstände erscheinen.,Gli attacchi fisici non possono mancare il bersaglio.Generi 1-2 oggetti extra all'inizio di ogni battaglia.,Ataques físicos não podem errar.Gere 1-2 moedas adicionais no início de cada batalha.,,,物理攻撃が​外れなくなる。​各バトル開始時に​1~2個の​追加ピックアップが​出現。[b][/b],
ARMOR_MANHAIR_NAME,Man's Hairpiece,,Bisoñé para hombre,Coiffure d'homme,Männertoupet,Toupet da Uomo,Peruca de Homem,,,紳士の​カツラ,
ARMOR_MANHAIR_DESC,,,,,,,,,,,
ARMOR_MANTIE_NAME,Man's Tie,,Corbata para hombre,Cravate d'homme,Männerkrawatte,Cravatta da Uomo,Gravata de Homem,,,紳士の​ネクタイ,
ARMOR_MANTIE_DESC,,,,,,,,,,,
SETBONUS_MAN_NAME,Man Set Bonus!,,¡Bonificación de conjunto para hombre!,Bonus d'ensemble&nbsp;: homme&nbsp;!,Setbonus: Männerrüstung!,Bonus Set: Uomo!,Bônus de Conjunto de Homem!,,,紳士セットボーナス!,
SETBONUS_MAN_DESC,Gain 1-9 coins at the end of each battle.,,Obtiene 1-9 monedas al final de cada combate.,Vous obtenez 1&nbsp;à 9&nbsp;pièces à la fin de chaque combat.,Erhalte am Anfang jedes Kampfes 1&nbsp;– 9 Münzen.,Ottieni da 1 a 9 monete alla fine di ogni battaglia.,Obtenha 1-9 moedas no final de cada batalha.,,,各バトル終了時に​1~9コインを​獲得。[b][/b],
,,,,,,,,,,,
ARMOR_REDCAP_NAME,Red Cap,,Gorra roja,Calotte rouge,Rote Kappe,Berretto Rosso,Chapéu Vermelho,,,赤い​帽子,
ARMOR_REDCAP_DESC,+1 Damage.Gain +1 Damage when you kill an enemy.,,+1 de daño.Obtiene +1 de daño al matar a un enemigo.,Dégâts +1.Dégâts +1&nbsp;à chaque ennemi tué.,"+1&nbsp;Schaden.Erhalte +1&nbsp;Schaden, wenn du einen Gegner tötest.",+1 al Danno.Ottieni +1 al Danno quando uccidi un nemico.,+1 de dano.Obtenha +1 de dano ao matar um inimigo.,,,+1ダメージ。​敵を​倒すと​+1ダメージを​獲得。[b][/b],
ARMOR_CRIMSONMASK_NAME,Crimson Mask,,Máscara carmesí,Masque écarlate,Scharlachrote Maske,Maschera Cremisi,Máscara Escarlate,,,深紅の​仮面,
ARMOR_CRIMSONMASK_DESC,+1 Damage.Gain +1 Damage when you kill an enemy.,,+1 de daño.Obtiene +1 de daño al matar a un enemigo.,Dégâts +1.Dégâts +1&nbsp;à chaque ennemi tué.,"+1&nbsp;Schaden.Erhalte +1&nbsp;Schaden, wenn du einen Gegner tötest.",+1 al Danno.Ottieni +1 al Danno quando uccidi un nemico.,+1 de dano.Obtenha +1 de dano ao matar um inimigo.,,,+1ダメージ。​敵を​倒すと​+1ダメージを​獲得。[b][/b],
ARMOR_POUNDOFFLESH_NAME,Pound of Flesh,,Medio kilo de carne,Tas de viande,Ein Pfund Fleisch,Libbra di Carne,Uma Libra de Carne,,,肉片,
ARMOR_POUNDOFFLESH_DESC,+1 Damage.Gain +1 Damage when you kill an enemy.,,+1 de daño.Obtiene +1 de daño al matar a un enemigo.,Dégâts +1.Dégâts +1&nbsp;à chaque ennemi tué.,"+1&nbsp;Schaden.Erhalte +1&nbsp;Schaden, wenn du einen Gegner tötest.",+1 al Danno.Ottieni +1 al Danno quando uccidi un nemico.,+1 de dano.Obtenha +1 de dano ao matar um inimigo.,,,+1ダメージ。​敵を​倒すと​+1ダメージを​獲得。[b][/b],
SETBONUS_MEAT_NAME,Meat Set Bonus!,,¡Bonificación de conjunto de carne!,Bonus d'ensemble&nbsp;: viande&nbsp;!,Setbonus: Fleischrüstung!,Bonus Set: Carne!,Bônus de Conjunto de Carne!,,,肉セットボーナス!,
SETBONUS_MEAT_DESC,"+1 Damage.Gain +1 Damage when you get a kill.After three kills, gains +2 [img:con], +4 Health Regen and Madness for the rest of the battle.",,"+1 de daño.Obtiene +1 de daño al matar a una unidad.Después de tres muertes, obtiene +2 [img:con], +4 de regeneración de salud y locura durante el resto del combate.","Dégâts +1.Dégâts +1&nbsp;quand vous tuez un ennemi.Après 3&nbsp;éliminations, [img:con] +2, Régénération de PV +4&nbsp;et Folie pour le reste du combat.","+1&nbsp;Schaden.Erhalte +1 Schaden, wenn du etwas tötest.Nachdem du drei Einheiten getötet hast, erhältst du für den Rest des Kampfes +2&nbsp;[img:con], +4&nbsp;Lebensregeneration und Wahnsinn.","+1 al Danno.Ottieni +1 al Danno quando uccidi qualcuno.Dopo tre uccisioni, ottieni +2 alla [img:con], +4 a Rigenerazione Salute e Pazzia per il resto della battaglia.","+1 de dano.Obtenha +1 de dano ao matar um inimigo.Após realizar três baixas, obtenha +2 de [img:con], +4 de regeneração de saúde e insanidade pelo resto da batalha.",,,+1ダメージ。​キル獲得で​+1ダメージ。​3キル後、​バトル終了まで​+2 [img:con]、​+4HP再生、​狂気を​獲得。,
,,,,,,,,,,,
ARMOR_MEDICALHAT_NAME,Medical Hat,,Gorro médico,Coiffe médicale,Arzthut,Cappello Medico,Chapéu de Médico,,,医療用帽子,
ARMOR_MEDICALHAT_DESC,All of your stats are increased by 1 for each disorder you have.,,Todos los atributos aumentan en 1 por cada trastorno que tenga esta unidad.,Hausse de stats pour chaque trouble qui vous affecte.,"Für jede Störung, die du hast, werden all deine Attribute um 1 erhöht.",Tutte le tue statistiche aumentano di 1 per ogni disturbo che hai.,Todos os seus atributos são aumentados em 1 para cada transtorno que você possui.,,,障害を​1つ​持つ​ごとに​全ステータス+1。[b][/b],
ARMOR_MEDICALMASK_NAME,Medical Mask,,Máscara médica,Masque médical,Arztmaske,Maschera Medica,Máscara de Médico,,,医療用マスク,
ARMOR_MEDICALMASK_DESC,All of your stats are increased by 1 for each disorder you have.,,Todos los atributos aumentan en 1 por cada trastorno que tenga esta unidad.,Hausse de stats pour chaque trouble qui vous affecte.,"Für jede Störung, die du hast, werden all deine Attribute um 1 erhöht.",Tutte le tue statistiche aumentano di 1 per ogni disturbo che hai.,Todos os seus atributos são aumentados em 1 para cada transtorno que você possui.,,,障害を​1つ​持つ​ごとに​全ステータス+1。[b][/b],
ARMOR_MEDICALNECKLACE_NAME,Medical Necklace,,Gargantilla médica,Collier médical,Arzthalskette,Collana Medica,Colar de Médico,,,医療用ネックレス,
ARMOR_MEDICALNECKLACE_DESC,All of your stats are increased by 1 for each disorder you have.,,Todos los atributos aumentan en 1 por cada trastorno que tenga esta unidad.,Hausse de stats pour chaque trouble qui vous affecte.,"Für jede Störung, die du hast, werden all deine Attribute um 1 erhöht.",Tutte le tue statistiche aumentano di 1 per ogni disturbo che hai.,Todos os seus atributos são aumentados em 1 para cada transtorno que você possui.,,,障害を​1つ​持つ​ごとに​全ステータス+1。[b][/b],
SETBONUS_MEDICAL_NAME,Medical Set Bonus!,,¡Bonificación de conjunto médico!,Bonus d'ensemble&nbsp;: médical&nbsp;!,Setbonus: Arztrüstung!,Bonus Set: Medico!,Bônus de Conjunto de Médico!,,,医療セットボーナス!,
SETBONUS_MEDICAL_DESC,You have +1 Health Regen for each disorder you have.,,Esta unidad obtiene +1 de regeneración de salud por cada trastorno que tenga.,Régénération de PV +1&nbsp;pour chaque trouble qui vous affecte.,"Für jede Störung, die du hast, erhältst du +1&nbsp;Lebensregeneration.",Ottieni +1 a Rigenerazione Salute per ogni disturbo che hai.,Você possui +1 de regeneração de saúde para cada transtorno que você possui.,,,障害を​1つ​持つ​ごとに​+1HP再生。[b][/b],
,,,,,,,,,,,
ARMOR_MINERHAT_NAME,Miner Hat,,Casco de minero,Chapeau de mineur,Bergarbeiterhut,Cappello da Minatore,Chapéu de Mineiro,,,鉱夫の​帽子,
ARMOR_MINERHAT_DESC,Physical attacks can't miss.,,Los ataques físicos no pueden fallar.,Vos attaques physiques ne peuvent pas échouer.,Physische Angriffe können nicht verfehlen.,Gli attacchi fisici non possono mancare il bersaglio.,Ataques físicos não podem errar.,,,物理攻撃が​外れなくなる。,
ARMOR_MINERMASK_NAME,Miner Mask,,Máscara de minero,Masque de mineur,Bergarbeitermaske,Maschera da Minatore,Máscara de Mineiro,,,鉱夫の​マスク,
ARMOR_MINERMASK_DESC,Poison Immunity.,,Inmunidad al veneno.,Immunité au Poison.,Immun gegen Gift.,Immunità al Veleno.,Imunidade contra veneno.,,,毒無効。,
ARMOR_MINERARMOR_NAME,Miner Pack,,Paquete de minería,Équipement de mineur,Bergarbeiterrucksack,Zaino da Minatore,Pacote de Mineiro,,,鉱夫の​パック,
ARMOR_MINERARMOR_DESC,Your basic attack has +1 Knockback.+1 Knockback damage.,,El ataque básico tiene +1 de retroceso.+1 daño de retroceso.,Votre attaque de base bénéficie de Recul +1.Dégâts de recul +1.,Dein Grundangriff hat +1&nbsp;Rückstoß.+1&nbsp;Rückstoßschaden.,Il tuo attacco base ha +1 Contraccolpo.+1 danno da Contraccolpo.,Seu ataque básico possui +1 de empurrão.+1 de dano de empurrão.,,,通常攻撃に​+1ノックバック。​+1ノックバックダメージ。[b][/b],
SETBONUS_MINER_NAME,Miner Set Bonus!,,¡Bonificación de conjunto de minero!,Bonus d'ensemble&nbsp;: mineur&nbsp;!,Setbonus: Bergarbeiterrüstung!,Bonus Set: Minatore!,Bônus de Conjunto de Mineiro!,,,鉱夫セットボーナス!,
SETBONUS_MINER_DESC,2 more pickups spawn in each battle.,,Se generan 2 recogibles más en cada combate.,2&nbsp;ressources bonus apparaissent à chaque combat.,In jedem Kampf erscheinen zwei zusätzliche Gegenstände.,Si generano altri 2 raccoglibili in ogni battaglia.,Mais 2 coletáveis são gerados em cada batalha.,,,各バトルで​追加ピックアップが​2個出現。[b][/b],
,,,,,,,,,,,
ARMOR_MOLTENHAT_NAME,Molten Hat,,Gorro fundido,Chapeau fondu,Geschmolzener Hut,Cappello Fuso,Chapéu Derretido,,,溶岩の​帽子,
ARMOR_MOLTENHAT_DESC,Start with Burn 2. Your basic attack inflicts Burn 1. Inflict Burn 1 on units that contact you.,,Empieza con 2 de quemadura. El ataque básico inflige 1 de quemadura. Inflige 1 de quemadura a las unidades que entren en contacto con esta.,Vous débutez avec Brûlure +2. Votre attaque de base inflige Brûlure +1. Inflige Brûlure +1&nbsp;aux unités qui vous touchent.,"Beginne jeden Kampf mit Verbrennung&nbsp;2. Dein Grundangriff verursacht Verbrennung&nbsp;1. Verursache Verbrennung&nbsp;1 bei Einheiten, die dich berühren.",Inizi con Bruciatura 2. Il tuo attacco base infligge Bruciatura 1. Infliggi Bruciatura 1 alle unità che ti toccano.,Inicie com queimadura 2. Seu ataque básico aplica queimadura 1. Aplique queimadura 1 em unidades que entrarem em contato com você.,,,燃焼2で​開始。​通常攻撃が​燃焼1を​付与。​接触ユニットに​燃焼1を​付与。[b][/b],
ARMOR_MOLTENMASK_NAME,Molten Mask,,Máscara fundida,Masque fondu,Geschmolzene Maske,Maschera Fusa,Máscara Derretida,,,溶岩の​仮面,
ARMOR_MOLTENMASK_DESC,Start with Burn 2. Your basic attack inflicts Burn 1. Inflict Burn 1 on units that contact you.,,Empieza con 2 de quemadura. El ataque básico inflige 1 de quemadura. Inflige 1 de quemadura a las unidades que entren en contacto con esta.,Vous débutez avec Brûlure +2. Votre attaque de base inflige Brûlure +1. Inflige Brûlure +1&nbsp;aux unités qui vous touchent.,"Beginne jeden Kampf mit Verbrennung&nbsp;2. Dein Grundangriff verursacht Verbrennung&nbsp;1. Verursache Verbrennung&nbsp;1 bei Einheiten, die dich berühren.",Inizi con Bruciatura 2. Il tuo attacco base infligge Bruciatura 1. Infliggi Bruciatura 1 alle unità che ti toccano.,Inicie com queimadura 2. Seu ataque básico aplica queimadura 1. Aplique queimadura 1 em unidades que entrarem em contato com você.,,,燃焼2で​開始。​通常攻撃が​燃焼1を​付与。​接触ユニットに​燃焼1を​付与。[b][/b],
ARMOR_MOLTENNECKLACE_NAME,Molten Necklace,,Gargantilla fundida,Collier fondu,Geschmolzene Halskette,Collana Fusa,Colar Derretido,,,溶岩の​ネックレス,
ARMOR_MOLTENNECKLACE_DESC,Start with Burn 2. Your basic attack inflicts Burn 1. Inflict Burn 1 on units that contact you.,,Empieza con 2 de quemadura. El ataque básico inflige 1 de quemadura. Inflige 1 de quemadura a las unidades que entren en contacto con esta.,Vous débutez avec Brûlure +2. Votre attaque de base inflige Brûlure +1. Inflige Brûlure +1&nbsp;aux unités qui vous touchent.,"Beginne jeden Kampf mit Verbrennung&nbsp;2. Dein Grundangriff verursacht Verbrennung&nbsp;1. Verursache Verbrennung&nbsp;1 bei Einheiten, die dich berühren.",Inizi con Bruciatura 2. Il tuo attacco base infligge Bruciatura 1. Infliggi Bruciatura 1 alle unità che ti toccano.,Inicie com queimadura 2. Seu ataque básico aplica queimadura 1. Aplique queimadura 1 em unidades que entrarem em contato com você.,,,燃焼2で​開始。​通常攻撃が​燃焼1を​付与。​接触ユニットに​燃焼1を​付与。[b][/b],
SETBONUS_MOLTEN_NAME,Molten Set Bonus!,,¡Bonificación de conjunto fundido!,Bonus d'ensemble&nbsp;: fondu&nbsp;!,Setbonus: Geschmolzene Rüstung!,Bonus Set: Fuso!,Bônus de Conjunto Derretido!,,,溶岩セットボーナス!,
SETBONUS_MOLTEN_DESC,Fire immunity.,,Inmunidad al fuego.,Immunité au feu.,Immun gegen Feuer.,Immunità al fuoco.,Imunidade contra fogo.,,,火無効。,
,,,,,,,,,,,
ARMOR_HEADBRAND_NAME,Head Brand,,Estigma cefálico,Marque au front,Kopfmal,Marchio sulla Testa,Marca de Cabeça,,,額の​烙印,
ARMOR_HEADBRAND_DESC,"Your movement action is Jump.If you land on a unit, deal 1 damage to it and bounce to an adjacent tile.[s:.7](This counts as an empty armor slot.)[/s]",,"La acción de movimiento se convierte en un salto.Si cae sobre una unidad, le inflige 1 de daño antes de rebotar a la casilla adyacente.[s:.7](Cuenta como espacio de armadura vacío).[/s]","Votre action de déplacement devient Saut.Si vous atterrissez sur une unité, vous lui infligez 1&nbsp;dégât et rebondissez sur une case adjacente.[s:.7](Compte comme un emplacement d'armure vide.)[/s]","Deine Bewegungsaktion ist Sprung.Wenn du auf einer Einheit landest, verursachst du 1&nbsp;Schaden bei ihr und prallst auf ein benachbartes Feld ab.[s:.7](Zählt als leerer Rüstungsplatz.)[/s]","La tua azione di movimento è Salto.Se atterri su un'unità, infliggi 1 di danno e rimbalzi su una casella adiacente.[s:.7](Conta come uno slot armatura vuoto.)[/s]","Sua ação de movimento é um salto.Ao cair em uma unidade, cause 1 de dano e ricocheteie para um espaço adjacente.[s:.7](Este item conta como um espaço de armadura vazio.)[/s]",,,移動アクションが​ジャンプに​なる。​ユニットに​着地すると​1ダメージを​与えて​隣接タイルに​バウンド。[s:.7](​空装備スロット扱い。)[/s],
ARMOR_FACEBRAND_NAME,Face Brand,,Estigma en la cara,Marque au menton,Gesichtsmal,Marchio sul Viso,Marca de Rosto,,,顔の​烙印,
ARMOR_FACEBRAND_DESC,"Each time you use your basic attack, gain +1 [img:shield].[s:.7](This counts as an empty armor slot.)[/s]",,"Cada vez que lanza el ataque básico, obtiene +1 [img:shield].[s:.7](Cuenta como espacio de armadura vacío).[/s]",[img:shield] +1&nbsp;quand vous utilisez votre attaque de base.[s:.7](Compte comme un emplacement d'armure vide.)[/s],"Jedes Mal, wenn du deinen Grundangriff benutzt, erhältst du +1&nbsp;[img:shield].[s:.7](Zählt als leerer Rüstungsplatz.)[/s]","Ogni volta che usi il tuo attacco base, ottieni +1 allo [img:shield].[s:.7](Conta come uno slot armatura vuoto.)[/s]","Sempre que utilizar seu ataque básico, obtenha +1 de [img:shield].[s:.7](Este item conta como um espaço de armadura vazio.)[/s]",,,通常攻撃使用時に​+1 [img:shield]を​獲得。[s:.7](​空装備スロット扱い。)[/s],
ARMOR_PRAYERBEADS_NAME,Prayer Beads,,Rosario,Chapelet,Gebetskette,Grani di Preghiera,Terços de Oração,,,数珠,
ARMOR_PRAYERBEADS_DESC,"Each time you take damage, gain +3 Brace until your next turn.[s:.7](This counts as an empty armor slot.)[/s]",,"Cada vez que sufre daño, obtiene +3 de refuerzo hasta el próximo turno.[s:.7](Cuenta como espacio de armadura vacío).[/s]",Garde +3&nbsp;jusqu'à votre prochain tour chaque fois que vous subissez des dégâts.[s:.7](Compte comme un emplacement d'armure vide.)[/s],"Jedes Mal, wenn du Schaden erleidest, erhältst du bis zu deinem nächsten Zug +3&nbsp;Wappnen.[s:.7](Zählt als leerer Rüstungsplatz.)[/s]","Ogni volta che subisci danno, ottieni +3 alla Guardia fino al tuo prossimo turno.[s:.7](Conta come uno slot armatura vuoto.)[/s]","Sempre que sofrer dano, obtenha +3 de preparação até seu próximo turno.[s:.7](Este item conta como um espaço de armadura vazio.)[/s]",,,ダメージを​受ける​たびに​次の​ターンまで​+3ガードを​獲得。[s:.7](​空装備スロット扱い。)[/s],
SETBONUS_MONK_NAME,Monk Set Bonus!,,¡Bonificación de conjunto de monje!,Bonus d'ensemble&nbsp;: moine&nbsp;!,Setbonus: Mönchsroben!,Bonus Set: Monaco!,Bônus de Conjunto de Monge!,,,僧侶セットボーナス!,
SETBONUS_MONK_DESC,Gain +2 [img:shield] at the end of each turn.,,Obtiene +2 [img:shield] al final de cada turno.,[img:shield] +2&nbsp;à la fin de chaque tour.,Erhalte am Ende jedes Zuges +2&nbsp;[img:shield].,Ottieni +2 allo [img:shield] alla fine di ogni turno.,Obtenha +2 de [img:shield] no fim do seu turno.,,,各ターン終了時に​+2 [img:shield]を​獲得。,
,,,,,,,,,,,
ARMOR_MOTHERSHAT_NAME,Mother's Hat,,Sombrero materno,Chapeau de maman,Mutters Hut,Cappello della Madre,Chapéu da Mãe,,,母の​帽子,
ARMOR_MOTHERSHAT_DESC,Spawn a Charmed Tiny Tumor at the start of each battle and whenever you're downed.,,Genera un minitumor embrujado al inicio de cada combate y siempre que esta unidad esté abatida.,Invoque une petite tumeur envoûtée au début de chaque combat et quand vous êtes mis K.O.,"Ruf am Anfang jedes Kampfes und immer, wenn du in Ohnmacht fällst, einen freundlichen winzigen Tumor.",Generi un Tumore Minuscolo Ammaliato all'inizio di ogni battaglia e ogni volta che sei KO.,Gere um tumor minúsculo enfeitiçado no início de cada batalha e sempre que ficar inconsciente.,,,バトル開始時と​倒れた​時に​魅了された​小腫瘍を​生成。[b][/b],
ARMOR_MOTHERSMASK_NAME,Mother's Mask,,Máscara materna,Masque de maman,Mutters Maske,Maschera della Madre,Máscara da Mãe,,,母の​仮面,
ARMOR_MOTHERSMASK_DESC,Spawn a Charmed Tiny Tumor at the start of each battle and whenever you're downed.,,Genera un minitumor embrujado al inicio de cada combate y siempre que esta unidad esté abatida.,Invoque une petite tumeur envoûtée au début de chaque combat et quand vous êtes mis K.O.,"Ruf am Anfang jedes Kampfes und immer, wenn du in Ohnmacht fällst, einen freundlichen winzigen Tumor.",Generi un Tumore Minuscolo Ammaliato all'inizio di ogni battaglia e ogni volta che sei KO.,Gere um tumor minúsculo enfeitiçado no início de cada batalha e sempre que ficar inconsciente.,,,バトル開始時と​倒れた​時に​魅了された​小腫瘍を​生成。[b][/b],
ARMOR_MOTHERSNECKLACE_NAME,Mother's Necklace,,Gargantilla materna,Collier de maman,Mutters Halskette,Collana della Madre,Colar da Mãe,,,母の​ネックレス,
ARMOR_MOTHERSNECKLACE_DESC,Spawn a Charmed Tiny Tumor at the start of each battle and whenever you're downed.,,Genera un minitumor embrujado al inicio de cada combate y siempre que esta unidad esté abatida.,Invoque une petite tumeur envoûtée au début de chaque combat et quand vous êtes mis K.O.,"Ruf am Anfang jedes Kampfes und immer, wenn du in Ohnmacht fällst, einen freundlichen winzigen Tumor.",Generi un Tumore Minuscolo Ammaliato all'inizio di ogni battaglia e ogni volta che sei KO.,Gere um tumor minúsculo enfeitiçado no início de cada batalha e sempre que ficar inconsciente.,,,バトル開始時と​倒れた​時に​魅了された​小腫瘍を​生成。[b][/b],
SETBONUS_MOTHER_NAME,Mother Set Bonus!,,¡Bonificación de conjunto materno!,Bonus d'ensemble&nbsp;: maman&nbsp;!,Setbonus: Mutters Rüstung!,Bonus Set: Madre!,Bônus de Conjunto da Mãe!,,,母セットボーナス!,
SETBONUS_MOTHER_DESC,Familiars you spawn gain +2 Damage and +2 HP.,,Los familiares generados obtienen +2 de daño y +2 PS.,Les familiers que vous invoquez bénéficient de Dégâts +2&nbsp;et +2&nbsp;PV.,"Begleiter, die du rufst, erhalten +2&nbsp;Schaden und +2&nbsp;LP.",I famigli che generi ottengono +2 al Danno e +2 PS.,Familiares gerados por você obtêm +2 de dano e +2 PV.,,,生成した​使い魔が​+2ダメージと​+2HPを​獲得。[b][/b],
,,,,,,,,,,,
ARMOR_FACEWRAP_NAME,Face Wrap,,Envoltura facial,Bandelettes de visage,Gesichtsverband,Fasciatura per il Viso,Atadura de Rosto,,,顔の​包帯,
ARMOR_FACEWRAP_DESC,"+1 Health Regen.When downed, revive with 15% HP at the end of the round.",,"+1 de regeneración de salud.Cuando esta unidad está abatida, resucita con un 15 % de PS al final de la ronda.",Régénération de PV +1.Vous réanime en fin de manche avec 15&nbsp;% de PV si vous êtes mis K.O.,"+1&nbsp;Lebensregeneration.Wenn du ohnmächtig bist, wirst du am Ende der Runde mit 15&nbsp;% LP wiederbelebt.","+1 a Rigenerazione Salute.Quando sei KO, ti rianimi con il 15% dei PS alla fine del round.","+1 de regeneração de saúde.Ao ficar inconsciente, reviva com 15% de saúde no final da rodada.",,,+1HP再生。​倒れた​時、​ラウンド終了時に​15%HPで​復活。[b][/b],
ARMOR_HEADWRAP_NAME,Head Wrap,,Envoltura cefálica,Bandelettes de tête,Kopfverband,Fasciatura per la Testa,Atadura de Cabeça,,,頭の​包帯,
ARMOR_HEADWRAP_DESC,"+1 Health Regen.When downed, revive with 15% HP at the end of the round.",,"+1 de regeneración de salud.Cuando esta unidad está abatida, resucita con un 15 % de PS al final de la ronda.",Régénération de PV +1.Vous réanime en fin de manche avec 15&nbsp;% de PV si vous êtes mis K.O.,"+1&nbsp;Lebensregeneration.Wenn du ohnmächtig bist, wirst du am Ende der Runde mit 15&nbsp;% LP wiederbelebt.","+1 a Rigenerazione Salute.Quando sei KO, ti rianimi con il 15% dei PS alla fine del round.","+1 de regeneração de saúde.Ao ficar inconsciente, reviva com 15% de saúde no final da rodada.",,,+1HP再生。​倒れた​時、​ラウンド終了時に​15%HPで​復活。[b][/b],
ARMOR_NECKWRAP_NAME,Neck Wrap,,Envoltura para cuello,Bandelettes de cou,Halsverband,Fasciatura per il Collo,Atadura de Pescoço,,,首の​包帯,
ARMOR_NECKWRAP_DESC,"+1 Health Regen.When downed, revive with 15% HP at the end of the round.",,"+1 de regeneración de salud.Cuando esta unidad está abatida, resucita con un 15 % de PS al final de la ronda.",Régénération de PV +1.Vous réanime en fin de manche avec 15&nbsp;% de PV si vous êtes mis K.O.,"+1&nbsp;Lebensregeneration.Wenn du ohnmächtig bist, wirst du am Ende der Runde mit 15&nbsp;% LP wiederbelebt.","+1 a Rigenerazione Salute.Quando sei KO, ti rianimi con il 15% dei PS alla fine del round.","+1 de regeneração de saúde.Ao ficar inconsciente, reviva com 15% de saúde no final da rodada.",,,+1HP再生。​倒れた​時、​ラウンド終了時に​15%HPで​復活。[b][/b],
SETBONUS_MUMMY_NAME,Mummy Set Bonus!,,¡Bonificación de conjunto de momia!,Bonus d'ensemble&nbsp;: momie&nbsp;!,Setbonus: Mumie!,Bonus Set: Mummia!,Bônus de Conjunto de Múmia!,,,ミイラセットボーナス!,
SETBONUS_MUMMY_DESC,"When downed, inflict Rot 1 and Weakness 1 on all enemies.When downed, revive with +30% HP at the end of the round.",,"Cuando está abatida, esta unidad inflige 1 de putrefacción y 1 de debilidad a todos los enemigos.Cuando está abatida, resucita con +30 % de PS al final de la ronda.","Mort, inflige Décomposition +1&nbsp;et Vulnérabilité +1&nbsp;à tous les ennemis.Vous réanime avec +30&nbsp;% de PV en fin de manche si vous êtes mis K.O.","Wenn du ohnmächtig wirst, verursachst du Fäulnis&nbsp;1 und Schwäche&nbsp;1 bei allen Gegnern.Wenn du ohnmächtig bist, wirst du am Ende der Runde mit +30&nbsp;% LP wiederbelebt.","Quando sei KO, infliggi Putrefazione 1 e Debolezza 1 a tutti i nemici.Quando sei KO, ti rianimi con +30% dei PS alla fine del round.","Ao ficar inconsciente, aplique apodrecimento 1 e fraqueza 1 em todos os inimigos.Ao ficar inconsciente, reviva com +30% de saúde no final da rodada.",,,倒れた​時、​全敵に​腐敗1と​衰弱1を​付与。​倒れた​時、​ラウンド終了時に​+30%HPで​復活。[b][/b],
,,,,,,,,,,,
ARMOR_SPIDERHAT_NAME,Spider Hat,,Gorro arácnido,Chapeau araignée,Spinnenhut,Cappello Aracnide,Chapéu de Aranha,,,蜘蛛の​帽子,
ARMOR_SPIDERHAT_DESC,"When you destroy a corpse, spawn 2 Spiderlings.",,"Al destruir un cadáver, genera 2 arañitas.","Quand vous détruisez un cadavre, 2&nbsp;jeunes araignées sont invoquées.","Wenn du eine Leiche zerstörst, rufst du 2&nbsp;Spinnenlinge.","Quando distruggi un cadavere, generi 2 Ragnetti.","Ao destruir um corpo, gere 2 aranhinhas.",,,死体を​破壊すると​2体の​スパイダーリングを​生成。[b][/b],
ARMOR_DEATHMASK_NAME,Death Mask,,Máscara de la muerte,Masque mortuaire,Todesmaske,Maschera della Morte,Máscara da Morte,,,死の​仮面,
ARMOR_DEATHMASK_DESC,"Get downed at the start of each battle, then revive at the end of the first round with full HP and +2 [img:shield].",,Esta unidad resulta abatida al inicio de cada combate y luego resucita al final de la primera ronda con todos los PS y +2 [img:shield].,Vous êtes mis K.O. au début de chaque combat puis êtes réanimé en fin de première manche avec tous vos PV et [img:shield] +2.,Am Anfang jedes Kampfes fällst du in Ohnmacht. Am Ende der ersten Runde wirst du mit vollen LP und +2&nbsp;[img:shield] wiederbelebt.,"Vai KO all'inizio di ogni battaglia, poi ti rianimi alla fine del primo round con tutti i PS e +2 allo [img:shield].","Fique inconsciente no início de cada batalha, e então reviva no final da primeira rodada com saúde completa e +2 de [img:shield].",,,各バトル開始時に​倒れ、​最初の​ラウンド終了時に​満タンHPと​+2 [img:shield]で​復活。,
ARMOR_LEECHNECKLACE_NAME,Leech Necklace,,Gargantilla de sanguijuela,Collier sangsue,Blutegelhalskette,Collana della Sanguisuga,Colar de Sanguessuga,,,吸血の​ネックレス,
ARMOR_LEECHNECKLACE_DESC,Your spells inflict Leech 1 against enemies.,,Sus hechizos infligen 1 de sanguijuela a los enemigos.,Vos sorts infligent Sangsue +1&nbsp;à vos ennemis.,Deine Zauber verursachen bei Gegnern Blutegel&nbsp;1.,I tuoi incantesimi infliggono Sanguisuga 1 ai nemici.,Seus encantamentos aplicam sanguessuga 1 em inimigos.,,,スペルが​敵に​吸血1を​付与。[b][/b],
SETBONUS_NECROMANCER_NAME,Necromancer Set Bonus!,,¡Bonificación de conjunto de nigromante!,Bonus d'ensemble&nbsp;: occultiste&nbsp;!,Setbonus: Totenbeschwörer!,Bonus Set: Necromante!,Bônus de Conjunto de Necromante!,,,ネクロマンサーセットボーナス!,
SETBONUS_NECROMANCER_DESC,"When downed, spawn a shadow copy of yourself that fades away after one turn.",,"Cuando esta unidad está abatida, genera una sombra que desaparece después de un turno.","Quand vous êtes mis K.O., invoque un double spectral qui disparaît après un tour.","Wenn du ohnmächtig wirst, rufst du einen Schattenklon, der nach einem Zug verschwindet.","Quando sei KO, generi una tua copia ombra che svanisce dopo un turno.","Ao ficar inconsciente, gere uma cópia sombria de si que desaparece após um turno.",,,倒れた​時、​1ターン後に​消える​影の​分身を​生成。[b][/b],
,,,,,,,,,,,
ARMOR_OBI_NAME,Obi,,Obi,Obi,Obi,Obi,Obi,,,帯,
ARMOR_OBI_DESC,Start battle with +2 bonus moves.,,Empieza el combate con +2 de bonificación de movimiento.,Vous débutez le combat avec 2&nbsp;déplacements bonus.,Beginne den Kampf mit +2&nbsp;Bonusbewegungen.,Inizi la battaglia con +2 movimenti bonus.,Inicie a batalha com +2 movimentos bônus.,,,バトル開始時に​+2ボーナス移動。[b][/b],
ARMOR_FUKUMEN_NAME,Fukumen,,Fukumen,Fukumen,Fukumen,Fukumen,Fukumen,,,覆面,
ARMOR_FUKUMEN_DESC,Counter the first 2 attacks you receive each battle.,,Contrarresta los 2 primeros ataques sufridos en cada combate.,Vous contrez les 2&nbsp;premières attaques que vous subissez à chaque combat.,Kontere in jedem Kampf die ersten 2&nbsp;Angriffe auf dich.,Contrattacchi ai primi 2 attacchi che subisci in ​​ogni battaglia.,Contra-ataque os 2 primeiros ataques que você sofre em cada batalha.,,,各バトルで​最初の​2回の​攻撃を​カウンター。[b][/b],
ARMOR_ZUKIN_NAME,Zukin,,Zukin,Zukin,Zukin,Zukin,Zukin,,,頭巾,
ARMOR_ZUKIN_DESC,Start battle with +2 Backflip.,,Empieza el combate con +2 mortales hacia atrás.,Vous débutez le combat avec Salto arrière +2.,Beginne den Kampf mit +2&nbsp;Rückwärtssalto.,Inizi la battaglia con +2 Salto Mortale all'Indietro.,Inicie a batalha com +2 mortais para trás.,,,バトル開始時に​+2バックフリップ。[b][/b],
SETBONUS_NINJA_NAME,Ninja Set Bonus!,,¡Bonificación de conjunto ninja!,Bonus d'ensemble&nbsp;: ninja&nbsp;!,Setbonus: Ninjarüstung!,Bonus Set: Ninja!,Bônus de Conjunto de Ninja!,,,忍者セットボーナス!,
SETBONUS_NINJA_DESC,Start battle with a bonus attack.,,Empieza el combate con una bonificación de ataque.,Vous débutez le combat avec une attaque bonus.,Beginne den Kampf mit einem Bonusangriff.,Inizi la battaglia con un attacco bonus.,Inicie a batalha com um ataque bônus.,,,バトル開始時に​ボーナス攻撃。,
,,,,,,,,,,,
ARMOR_NURSEHAT_NAME,Nurse Hat,,Gorro de enfermería,Coiffe d'infirmière,Krankenpflegerhut,Cappello da Infermiere,Chapéu de Enfermeira,,,ナースキャップ,
ARMOR_NURSEHAT_DESC,+1 Health Regen. Your heals heal for 1 extra.,,+1 de regeneración de salud. Sus acciones curativas devuelven 1 PS extra.,Régénération de PV +1. Vos soins vous soignent 1&nbsp;fois de plus.,+1&nbsp;Lebensregeneration. Deine Heilungen heilen 1&nbsp;LP mehr.,+1 a Rigenerazione Salute. Le tue cure rigenerano 1 PS aggiuntivo.,+1 de regeneração de saúde. Suas curam curam 1 a mais.,,,+1HP再生。​回復効果が​1増加。[b][/b],
ARMOR_NURSEMASK_NAME,Nurse Mask,,Máscara de enfermería,Masque d'infirmière,Krankenpflegermaske,Maschera da Infermiere,Máscara de Enfermeira,,,ナースマスク,
ARMOR_NURSEMASK_DESC,+1 Health Regen. Your heals heal for 1 extra.,,+1 de regeneración de salud. Sus acciones curativas devuelven 1 PS extra.,Régénération de PV +1. Vos soins vous soignent 1&nbsp;fois de plus.,+1&nbsp;Lebensregeneration. Deine Heilungen heilen 1&nbsp;LP mehr.,+1 a Rigenerazione Salute. Le tue cure rigenerano 1 PS aggiuntivo.,+1 de regeneração de saúde. Suas curam curam 1 a mais.,,,+1HP再生。​回復効果が​1増加。[b][/b],
ARMOR_NURSENECKLACE_NAME,Nurse Necklace,,Gargantilla de enfermería,Collier d'infirmière,Krankenpflegerkette,Collana da Infermiere,Colar de Enfermeira,,,ナースの​ネックレス,
ARMOR_NURSENECKLACE_DESC,+1 Health Regen. Your heals heal for 1 extra.,,+1 de regeneración de salud. Sus acciones curativas devuelven 1 PS extra.,Régénération de PV +1. Vos soins vous soignent 1&nbsp;fois de plus.,+1&nbsp;Lebensregeneration. Deine Heilungen heilen 1&nbsp;LP mehr.,+1 a Rigenerazione Salute. Le tue cure rigenerano 1 PS aggiuntivo.,+1 de regeneração de saúde. Suas curam curam 1 a mais.,,,+1HP再生。​回復効果が​1増加。[b][/b],
SETBONUS_NURSE_NAME,Nurse Set Bonus!,,¡Bonificación de conjunto de enfermería!,Bonus d'ensemble&nbsp;: infirmière&nbsp;!,Setbonus: Krankenpfleger!,Bonus Set: Infermiere!,Bônus de Conjunto de Enfermeira!,,,ナースセットボーナス!,
SETBONUS_NURSE_DESC,Your basic attack becomes holy and can heal allies.,,El ataque básico se convierte en sagrado y puede curar a los aliados.,Votre attaque de base devient de type Saint et soigne les alliés.,Dein Grundangriff wird heilig und kann Verbündete heilen.,Il tuo attacco base diventa sacro e può curare gli alleati.,Seu ataque básico se torna do elemento sagrado e pode curar aliados.,,,通常攻撃が​聖属性に​なり味方を​回復可能。[b][/b],
,,,,,,,,,,,
ARMOR_OBELISKMASK_NAME,Obelisk Jewel,,Joya del obelisco,Joyau de l'obélisque,Obeliskjuwel,Gioiello dell'Obelisco,Jóia de Obelisco,,,オベリスクの​宝石,
ARMOR_OBELISKMASK_DESC,"Gain +2 [img:int] and +2 [img:cha] when you kill a unit.Stats obtained this way are lost when you take damage.",,Obtiene +2 [img:int] y +2 [img:cha] al matar a una unidad.Los atributos obtenidos así se pierden al sufrir daño.,[img:int] +2&nbsp;et [img:cha] +2&nbsp;quand vous tuez une unité.Vous perdez les stats obtenues de cette manière quand vous subissez des dégâts.,"Erhalte +2&nbsp;[img:int] und +2&nbsp;[img:cha], wenn du eine Einheit tötest.Attribute, die du auf diese Weise erhältst, verschwinden, wenn du Schaden erleidest.",Ottieni +2 all'[img:int] e +2 al [img:cha] quando uccidi un'unità.Le statistiche ottenute in questo modo vengono perse quando subisci danno.,Obtenha +2 de [img:int] e +2 de [img:cha] ao matar uma unidade.Atributos obtidos desta forma são perdidos ao sofrer dano.,,,ユニットを​倒すと​+2 [img:int]と​+2 [img:cha]を​獲得。​この​方法で​獲得した​ステータスは​ダメージを​受けると​失う。,
ARMOR_OBELISKHAT_NAME,Obelisk Helmet,,Casco del obelisco,Casque de l'obélisque,Obeliskhelm,Elmo dell'Obelisco,Capacete de Obelisco,,,オベリスクの​ヘルメット,
ARMOR_OBELISKHAT_DESC,"Gain +2 [img:dex] and +2 [img:lck] when you kill a unit.Stats obtained this way are lost when you take damage.",,Obtiene +2 [img:dex] y +2 [img:lck] al matar a una unidad.Los atributos obtenidos así se pierden al sufrir daño.,[img:dex] +2&nbsp;et [img:lck] +2&nbsp;quand vous tuez une unité.Vous perdez les stats obtenues de cette manière quand vous subissez des dégâts.,"Erhalte +2&nbsp;[img:dex] und +2&nbsp;[img:lck], wenn du eine Einheit tötest.Attribute, die du auf diese Weise erhältst, verschwinden, wenn du Schaden erleidest.",Ottieni +2 alla [img:dex] e +2 alla [img:lck] quando uccidi un'unità.Le statistiche ottenute in questo modo vengono perse quando subisci danno.,Obtenha +2 de [img:dex] e +2 de [img:lck] ao matar uma unidade.Atributos obtidos desta forma são perdidos ao sofrer dano.,,,ユニットを​倒すと​+2 [img:dex]と​+2 [img:lck]を​獲得。​この​方法で​獲得した​ステータスは​ダメージを​受けると​失う。,
ARMOR_OBELISKARMOR_NAME,Obelisk Pauldrons,,Hombreras del obelisco,Épaulettes de l'obélisque,Obeliskschulterpolster,Spallacci dell'Obelisco,Ombreiras de Obelisco,,,オベリスクの​ポールドロン,
ARMOR_OBELISKARMOR_DESC,"Gain +2 [img:str], +2 [img:spd] and +2 [img:con] when you kill a unit.Stats obtained this way are lost when you take damage.",,"Obtiene +2 [img:str], +2 [img:spd] y +2 [img:con] al matar a una unidad.Los atributos obtenidos así se pierden al sufrir daño.","[img:str] +2, [img:spd] +2&nbsp;et [img:con] +2&nbsp;quand vous tuez une unité.Vous perdez les stats obtenues de cette manière quand vous subissez des dégâts.","Erhalte +2&nbsp;[img:str], +2&nbsp;[img:spd] und +2&nbsp;[img:con], wenn du eine Einheit tötest.Attribute, die du auf diese Weise erhältst, verschwinden, wenn du Schaden erleidest.","Ottieni +2 alla [img:str], +2 alla [img:spd] e +2 alla [img:con] quando uccidi un'unità.Le statistiche ottenute in questo modo vengono perse quando subisci danno.","Obtenha +2 de [img:str], +2 de [img:spd] e +2 de [img:con] ao matar uma unidade.Atributos obtidos desta forma são perdidos ao sofrer dano.",,,ユニットを​倒すと​+2 [img:str]、​+2 [img:spd]、​+2 [img:con]を​獲得。​この​方法で​獲得した​ステータスは​ダメージを​受けると​失う。,
SETBONUS_OBELISK_NAME,Obelisk Set Bonus!,,¡Bonificación de conjunto del obelisco!,Bonus d'ensemble&nbsp;: obélisque&nbsp;!,Setbonus: Obelisk!,Bonus Set: Obelisco!,Bônus de Conjunto de Obelisco!,,,オベリスクセットボーナス!,
SETBONUS_OBELISK_DESC,"If you end your turn with unused movement actions, gain +1 [img:divineshield].",,"Si acaba el turno con acciones de movimiento sin usar, obtiene +1 [img:divineshield].",[img:divineshield] +1&nbsp;si vous terminez votre tour avec des actions de déplacement inutilisées.,"Wenn du deinen Zug mit unbenutzten Bewegungsaktionen beendest, erhältst du +1&nbsp;[img:divineshield].","Se termini il tuo turno con azioni di movimento non utilizzate, ottieni +1 allo [img:divineshield].","Ao finalizar seu turno com ações de movimento não utilizadas, obtenha +1 de [img:divineshield].",,,未使用の​移動アクションで​ターンを​終えると​+1 [img:divineshield]を​獲得。,
,,,,,,,,,,,
ARMOR_PAPERHAT_NAME,Paper Hat,,Gorro de papel,Chapeau en papier,Papierhut,Cappello di Carta,Chapéu de Papel,,,紙の​帽子,
ARMOR_PAPERHAT_DESC,"+1 Bleed Thorns.Your basic attack inflicts Bleed.Fragile, Brittle, Flammable, melts in water.",,"+1 de espinas hemorrágicas.El ataque básico inflige hemorragia.Fragilidad, endeblez, inflamabilidad. Se derrite en el agua.","Épines sanglantes +1.Votre attaque de base inflige Saignement.Fragile, Cassant, Inflammable, se désintègre dans l'eau.","+1&nbsp;Blutige Dornen.Dein Grundangriff verursacht Blutung.Zerbrechlich, Spröde, Leicht brennbar, Wasserlöslich.","+1 Spine Insanguinate.Il tuo attacco base infligge Sanguinamento.Fragile, Friabile, Infiammabile, si scioglie in acqua.","+1 de espinhos de sangramento.Seu ataque básico aplica sangramento.Frágil, quebradiço, inflamável, derrete na água.",,,+1出血棘。​通常攻撃が​出血を​付与。​壊れやすい、​もろい、​可燃性、​水で​溶ける。[b][/b],
ARMOR_PAPERMASK_NAME,Paper Mask,,Máscara de papel,Masque en papier,Papiermaske,Maschera di Carta,Máscara de Papel,,,紙の​仮面,
ARMOR_PAPERMASK_DESC,"+1 Bleed Thorns.Your basic attack inflicts Bleed.Fragile, Brittle, Flammable, melts in water.",,"+1 de espinas hemorrágicas.El ataque básico inflige hemorragia.Fragilidad, endeblez, inflamabilidad. Se derrite en el agua.","Épines sanglantes +1.Votre attaque de base inflige Saignement.Fragile, Cassant, Inflammable, se désintègre dans l'eau.","+1&nbsp;Blutige Dornen.Dein Grundangriff verursacht Blutung.Zerbrechlich, Spröde, Leicht brennbar, Wasserlöslich.","+1 Spine Insanguinate.Il tuo attacco base infligge Sanguinamento.Fragile, Friabile, Infiammabile, si scioglie in acqua.","+1 de espinhos de sangramento.Seu ataque básico aplica sangramento.Frágil, quebradiço, inflamável, derrete na água.",,,+1出血棘。​通常攻撃が​出血を​付与。​壊れやすい、​もろい、​可燃性、​水で​溶ける。[b][/b],
ARMOR_PAPERARMOR_NAME,Paper Shoulder Pads,,Hombreras de papel,Épaulettes en papier,Papierschulterpolster,Spalline di Carta,Ombreiras de Papel,,,紙の​ショルダーパッド,
ARMOR_PAPERARMOR_DESC,"+1 Bleed Thorns.Your basic attack inflicts Bleed.Fragile, Brittle, Flammable, melts in water.",,"+1 de espinas hemorrágicas.El ataque básico inflige hemorragia.Fragilidad, endeblez, inflamabilidad. Se derrite en el agua.","Épines sanglantes +1.Votre attaque de base inflige Saignement.Fragile, Cassant, Inflammable, se désintègre dans l'eau.","+1&nbsp;Blutige Dornen.Dein Grundangriff verursacht Blutung.Zerbrechlich, Spröde, Leicht brennbar, Wasserlöslich.","+1 Spine Insanguinate.Il tuo attacco base infligge Sanguinamento.Fragile, Friabile, Infiammabile, si scioglie in acqua.","+1 de espinhos de sangramento.Seu ataque básico aplica sangramento.Frágil, quebradiço, inflamável, derrete na água.",,,+1出血棘。​通常攻撃が​出血を​付与。​壊れやすい、​もろい、​可燃性、​水で​溶ける。[b][/b],
SETBONUS_PAPER_NAME,Paper Set Bonus!,,¡Bonificación de conjunto de papel!,Bonus d'ensemble&nbsp;: papier&nbsp;!,Setbonus: Papierrüstung!,Bonus Set: Carta!,Bônus de Conjunto de Papel!,,,紙セットボーナス!,
SETBONUS_PAPER_DESC,+1 Bleed Thorns. Paper Set Pieces are no longer Fragile nor Brittle.,,+1 de espinas hemorrágicas. Las piezas de papel ya no sufren fragilidad ni endeblez.,Épines sanglantes +1. Les éléments de l'ensemble en papier ne sont plus Fragiles ni Cassants.,+1&nbsp;Blutige Dornen. Papiersetgegenstände sind nicht mehr zerbrechlich oder spröde.,+1 Spine Insanguinate. I pezzi del set Carta non sono più fragili né friabili.,+1 de espinhos de sangramento. As peças do conjunto não são mais frágeis ou quebradiças.,,,+1出血棘。​紙セットピースは​壊れやすくなくなり、もろくもなくなる。[b][/b],
,,,,,,,,,,,
SETBONUS_PARASITE_NAME,Parasite Set Bonus!,,¡Bonificación de conjunto parásito!,Bonus d'ensemble&nbsp;: parasite&nbsp;!,Setbonus: Parasiten!,Bonus Set: Parassita!,Bônus de Conjunto de Parasita!,,,寄生虫セットボーナス!,
SETBONUS_PARASITE_DESC,"At the end of each battle, lose a random stat permanently and gain a random mutation.",,"Al final de cada combate, pierde un atributo al azar para siempre y obtiene una mutación al azar.","À la fin de chaque combat, vous perdez une stat aléatoire de façon permanente et gagnez une mutation aléatoire.",Am Ende jedes Kampfes verlierst du dauerhaft ein zufälliges Attribut und erhältst eine zufällige Mutation.,"Alla fine di ogni battaglia, perdi permanentemente una statistica casuale e ottieni una mutazione casuale.","No final de cada batalha, perca um atributo aleatório permanentemente e obtenha uma mutação aleatória.",,,各バトル終了時、​ランダムな​ステータスを​永久に​失い、​ランダムな​ミューテーションを​獲得。[b][/b],
,,,,,,,,,,,
ARMOR_PHOENIXHAT_NAME,Phoenix Hat,,Sombrero del fénix,Chapeau phénix,Phoenixhut,Cappello della Fenice,Chapéu de Fênix,,,不死鳥の​帽子,
ARMOR_PHOENIXHAT_DESC,"+10% Dodge Chance. Each time you end movement, gain +1 [img:spd] and Charge 2.",,"+10 % de probabilidad de esquiva. Cada vez que termina un movimiento, obtiene +1 [img:spd] y 2 de carga.","Chances d'esquive +10&nbsp;%. Quand vous finissez de vous déplacer, [img:spd] +1&nbsp;et Charge +2.","+10&nbsp;% Ausweichchance. Jedes Mal, wenn du dich bewegt hast, erhältst du +1&nbsp;[img:spd] und Ladung&nbsp;2.","+10% di probabilità di schivata. Ogni volta che termini il movimento, ottieni +1 alla [img:spd] e Carica 2.","+10% de chance de esquiva. A cada vez que finalizar seu movimento, obtenha +1 de [img:spd] e carregamento 2.",,,+10%回避率。​移動終了時に​+1 [img:spd]と​チャージ2を​獲得。,
ARMOR_PHOENIXMASK_NAME,Phoenix Mask,,Máscara del fénix,Masque de phénix,Phoenixmaske,Maschera della Fenice,Máscara de Fênix,,,不死鳥の​仮面,
ARMOR_PHOENIXMASK_DESC,"+10% Dodge Chance. Each time you end movement, gain +1 [img:spd] and Charge 2.",,"+10 % de probabilidad de esquiva. Cada vez que termina un movimiento, obtiene +1 [img:spd] y 2 de carga.","Chances d'esquive +10&nbsp;%. Quand vous finissez de vous déplacer, [img:spd] +1&nbsp;et Charge +2.","+10&nbsp;% Ausweichchance. Jedes Mal, wenn du dich bewegt hast, erhältst du +1&nbsp;[img:spd] und Ladung&nbsp;2.","+10% di probabilità di schivata. Ogni volta che termini il movimento, ottieni +1 alla [img:spd] e Carica 2.","+10% de chance de esquiva. A cada vez que finalizar seu movimento, obtenha +1 de [img:spd] e carregamento 2.",,,+10%回避率。​移動終了時に​+1 [img:spd]と​チャージ2を​獲得。,
ARMOR_PHOENIXNECKLACE_NAME,Phoenix Necklace,,Gargantilla del fénix,Collier de phénix,Phoenixhalskette,Collana della Fenice,Colar de Fênix,,,不死鳥の​ネックレス,
ARMOR_PHOENIXNECKLACE_DESC,"+10% Dodge Chance. Each time you end movement, gain +1 [img:spd] and Charge 2.",,"+10 % de probabilidad de esquiva. Cada vez que termina un movimiento, obtiene +1 [img:spd] y 2 de carga.","Chances d'esquive +10&nbsp;%. Quand vous finissez de vous déplacer, [img:spd] +1&nbsp;et Charge +2.","+10&nbsp;% Ausweichchance. Jedes Mal, wenn du dich bewegt hast, erhältst du +1&nbsp;[img:spd] und Ladung&nbsp;2.","+10% di probabilità di schivata. Ogni volta che termini il movimento, ottieni +1 alla [img:spd] e Carica 2.","+10% de chance de esquiva. A cada vez que finalizar seu movimento, obtenha +1 de [img:spd] e carregamento 2.",,,+10%回避率。​移動終了時に​+1 [img:spd]と​チャージ2を​獲得。,
SETBONUS_PHOENIX_NAME,Phoenix Set Bonus!,,¡Bonificación de conjunto del fénix!,Bonus d'ensemble&nbsp;: phénix&nbsp;!,Setbonus: Phoenixrüstung!,Bonus Set: Fenice!,Bônus de Conjunto de Fênix!,,,不死鳥セットボーナス!,
SETBONUS_PHOENIX_DESC,Flying. You can move an extra time each turn.,,Vuela. Puede moverse otra vez cada turno.,Vol. Vous pouvez vous déplacer une fois de plus chaque tour.,Du fliegst. Du kannst dich in jedem Zug ein zusätzliches Mal bewegen.,Volo. Puoi muoverti una volta aggiuntiva ogni turno.,Voador. Você pode se mover uma vez adicional em cada turno.,,,飛行。​各ターンに​1回余分に​移動可能。[b][/b],
,,,,,,,,,,,
ARMOR_MINIMOON_NAME,Mini Moon,,Miniluna,Mini lune,Minimond,Mini Luna,Mini Lua,,,ミニムーン,
ARMOR_MINIMOON_DESC,Your basic attack has a +25% chance to shoot an asteroid at what it hits.+10% chance to Block.,,El ataque básico tiene +25 % de probabilidad de disparar un asteroide a aquello que golpea.+10 % de probabilidad de bloquear.,Votre attaque de base a 25&nbsp;% de chances de projeter un astéroïde sur la cible.Chances de bloquer les dégâts +10&nbsp;%.,"Dein Grundangriff hat eine +25%ige Wahrscheinlichkeit, einen Asteroiden auf das Ziel, das er trifft, zu verschießen.+10&nbsp;% Blockchance.",Il tuo attacco base ha un +25% di probabilità di sparare un asteroide contro ciò che colpisce.+10% di probabilità di Parata.,Seu ataque básico possui +25% de chance de atirar um asteroide em tudo que golpear.+10% de chance de bloquear.,,,通常攻撃が​命中対象に​+25%の​確率で​小惑星を​発射。​+10%ブロック率。[b][/b],
ARMOR_TINYPLANET_NAME,Tiny Planet,,Planeta pequeñito,Petite planète,Winziger Planet,Piccolo Pianeta,Planeta Minúsculo,,,小惑星,
ARMOR_TINYPLANET_DESC,Your basic attack pulls units towards you.Inflict Bruise on units who contact you.,,El ataque básico atrae a las unidades.Inflige moratón a las unidades que entren en contacto.,Votre attaque de base attire les unités vers vous.Inflige Contusion aux unités qui vous touchent.,"Dein Grundangriff zieht Einheiten an dich heran.Verursache Beulen bei Einheiten, die dich berühren.",Il tuo attacco base attira le unità verso di te.Infliggi Livido alle unità che ti toccano.,Seu ataque básico puxa unidades na sua direção.Aplique contusão em unidades que entrarem em contato com você.,,,通常攻撃が​ユニットを​あなたに​引き寄せる。​接触ユニットに​打撲を​付与。[b][/b],
ARMOR_ASTEROIDBELT_NAME,Asteroid Belt,,Cinturón de asteroides,Ceinture d'astéroïdes,Asteroidengürtel,Cintura di Asteroidi,Cinturão de Asteróides,,,小惑星帯,
ARMOR_ASTEROIDBELT_DESC,+2 Brace.+10% chance to block damage.,,+2 de refuerzo.+10 % de probabilidad de bloquear el daño.,Garde +2.Chances de bloquer les dégâts +10&nbsp;%.,"+2&nbsp;Wappnen.+10&nbsp;% Wahrscheinlichkeit, Schaden zu blockieren.",+2 alla Guardia.+10% di probabilità di bloccare il danno.,+2 de preparação.+10% de chance de bloquear dano.,,,+2ガード。​+10%ダメージブロック率。[b][/b],
SETBONUS_PLANET_NAME,Planet Set Bonus!,,¡Bonificación de conjunto planetario!,Bonus d'ensemble&nbsp;: planètes&nbsp;!,Setbonus: Planeten!,Bonus Set: Pianeta!,Bônus de Conjunto de Planeta!,,,惑星セットボーナス!,
SETBONUS_PLANET_DESC,Flying. Inflict Bruise 1 on units you make contact with.Pull every unit within 2 tiles toward you at the end of each round.,,Vuela. Inflige 1 de moratón a las unidades que entren en contacto.Atrae a todas las unidades en un radio de 2 casillas al final de cada ronda.,Vol. Inflige Contusion +1&nbsp;aux unités qui vous touchent.Attire vers vous les unités situées dans un rayon de 2&nbsp;cases à la fin de chaque manche.,"Du fliegst. Verursache Beulen&nbsp;1 bei Einheiten, die du berührst.Ziehe am Ende jeder Runde jede Einheit innerhalb von 2&nbsp;Feldern an dich heran.","Volo. Infliggi Livido 1 alle unità che ti toccano.Alla fine di ogni round, attiri verso di te tutte le unità entro 2 caselle.",Voador. Aplique contusão 1 em unidades com as quais você entra em contato.Puxe toda unidade dentro de 2 espaços de distância na sua direção no final de cada rodada.,,,飛行。​接触ユニットに​打撲1を​付与。​各ラウンド終了時、​2タイル以内の​全ユ​ニットを​あなたに​引き寄せる。[b][/b],
,,,,,,,,,,,
ARMOR_PROWLERSCAP_NAME,Prowler's Cap,,Gorra de maleante,Bonnet de rôdeur,Pirscherkappe,Berretto del Predatore,Chapéu de Gatuno,,,徘徊者の​帽子,
ARMOR_PROWLERSCAP_DESC,Backstabs have +25% Crit Chance.,,Los ataques por la espalda tienen +25 % de probabilidad de crítico.,Chances de critique par attaque sournoise +25&nbsp;%.,"Greifst du von hinten an, ist deine Trefferchance um +25&nbsp;% erhöht.",I colpi alle spalle hanno un +25% di probabilità di colpo critico.,Punhaladas possuem +25% de chance de crítico.,,,背後​攻撃が​+25%クリティカル率。[b][/b],
ARMOR_PROWLERSMASK_NAME,Prowler's Mask,,Máscara de maleante,Masque de rôdeur,Pirschermaske,Maschera del Predatore,Máscara de Gatuno,,,徘徊者の​仮面,
ARMOR_PROWLERSMASK_DESC,Backstabs inflict Bleed 1.,,Los ataques por la espalda infligen 1 de hemorragia.,Les attaques sournoises infligent Saignement +1.,"Greifst du von hinten an, verursachst du Blutung&nbsp;1.",I colpi alle spalle infliggono Sanguinamento 1.,Punhaladas aplicam sangramento 1.,,,背後​攻撃が​出血1を​付与。,
ARMOR_PROWLERSVIAL_NAME,Prowler's Vial,,Vial de maleante,Fiole du rôdeur,Pirscherfläschchen,Fiala del Predatore,Frasco de Gatuno,,,徘徊者の​小瓶,
ARMOR_PROWLERSVIAL_DESC,Backstabs heal you by 2 HP.,,Los ataques por la espalda devuelven 2 PS.,Les attaques sournoises vous rendent 2&nbsp;PV.,"Greifst du von hinten an, heilst du dich um 2&nbsp;LP.",I colpi alle spalle ti curano di 2 PS.,Punhaladas curam você em 2 PV.,,,背後攻撃で​2HP回復。,
SETBONUS_PROWLER_NAME,Prowler Set Bonus!,,¡Bonificación de conjunto de maleante!,Bonus d'ensemble&nbsp;: rôdeur&nbsp;!,Setbonus: Pirscherrüstung!,Bonus Set: Predatore!,Bônus de Conjunto de Gatuno!,,,徘徊者セットボーナス!,
SETBONUS_PROWLER_DESC,Backstabs are always critical.,,Los ataques por la espalda siempre son críticos.,Les attaques sournoises sont toujours critiques.,"Greifst du von hinten an, triffst du immer kritisch.",I colpi alle spalle sono sempre critici.,Punhaladas são sempre críticos.,,,背後​攻撃が​必ずクリティカル。[b][/b],
,,,,,,,,,,,
ARMOR_TINFOILHAT_NAME,Tinfoil Hat,,Gorro de papel de aluminio,Chapeau en papier d'alu,Aluhut,Cappello di Stagnola,Chapéu de Papel Alumínio,,,アルミホイルの​帽子,
ARMOR_TINFOILHAT_DESC,"You are immune to Charm, Madness, Fear and Confusion.",,"Es inmune al embrujo, la locura, el miedo y la confusión.","Immunité à l'Envoûtement, la Folie, la Peur et la Confusion.","Du bist immun gegen Charme, Wahnsinn, Angst und Verwirrung.","Sei immune a Fascino, Follia, Paura e Confusione.","Você é imune contra feitiço, insanidade, medo e confusão.",,,魅了、​狂気、​恐怖、​混乱が​無効。[b][/b],
ARMOR_MYSTICEYE_NAME,Mystic Eye,,Ojo místico,Œil mystique,Mystisches Auge,Occhio Mistico,Olho Místico,,,神秘の​目,
ARMOR_MYSTICEYE_DESC,+25% chance to reflect projectiles. Your tile-targeted spells have +2 range.,,+25 % de probabilidad de devolver los proyectiles. Los hechizos que pueden marcar casillas como objetivo tienen +2 de alcance.,Chances de renvoyer les projectiles +25&nbsp;%. Vos sorts ciblant une case gagnent Portée +2.,"+25&nbsp;% Wahrscheinlichkeit, Geschosse zu reflektieren. Deine Zauber, die auf ein Einzelfeld zielen, haben +2&nbsp;Reichweite.",+25% di probabilità di riflettere i proiettili. Gli incantesimi che prendono di mira le caselle hanno +2 al raggio d'azione.,+25% de chance de refletir projéteis. Seus encantamentos voltados para espaços possuem +2 de alcance.,,,+25%飛び道具反射率。​タイル指定スペルが​+2射程。[b][/b],
ARMOR_DIVINERSCLOTH_NAME,Diviner's Cloth,,Paño de clarividente,Étoffe de devin,Wahrsagerrobe,Tessuto del Divinatore,Pano de Vidente,,,占い師の​布,
ARMOR_DIVINERSCLOTH_DESC,Adjacent allies have +25% Dodge Chance.Give +1 Charge to all adjacent allies at the end of your turn.,,Los aliados adyacentes tiene +25 % de probabilidad de esquiva.Otorga +1 de carga a todos los aliados adyacentes al final del turno.,Chances d'esquive +25&nbsp;% pour les alliés adjacents.Charge +1&nbsp;pour les alliés adjacents à la fin de votre tour.,Benachbarte Verbündete haben +25&nbsp;% Ausweichchance.Verleihe benachbarten Verbündeten am Ende deines Zuges +1&nbsp;Ladung.,Gli alleati adiacenti hanno un +25% di probabilità di schivare.Fornisci +1 Carica a tutti gli alleati adiacenti alla fine del tuo turno.,Aliados adjacentes possuem +25% de chance de esquiva.Conceda +1 carga a todos os aliados adjacentes no final do seu turno.,,,隣接味方が​+25%回避率。​ターン終了時に​全隣接味方に​+1チャージを​付与。[b][/b],
SETBONUS_PSYCHIC_NAME,Psychic Set Bonus!,,¡Bonificación de conjunto de ocultista!,Bonus d'ensemble&nbsp;: médium&nbsp;!,Setbonus: Medium!,Bonus Set: Psionico!,Bônus de Conjunto de Psíquico!,,,超能力セットボーナス!,
SETBONUS_PSYCHIC_DESC,"When you gain excess mana, reduce the cost of all your spells by that amount until you cast them.",,"Cuando obtiene exceso de maná, reduce el coste de todos sus hechizos según esa cantidad hasta que los lanza.","Quand vous gagnez du mana excédentaire, réduisez le coût de tous vos sorts de ce montant jusqu'à ce que vous les lanciez.","Wenn du überschüssiges Mana erhältst, reduzieren sich die Kosten all deiner Zauber um diese Menge, bis du sie wirkst.","Quando ottieni mana in eccesso, riduci il costo di tutti i tuoi incantesimi di quella quantità finché non li lanci.","Ao ganhar mana em excesso, reduza o custo de todos os seus encantamentos em uma quantidade equivalente até lançá-los.",,,過剰マナを​獲得すると、​その​分だけ​全スペルの​コストを​詠唱まで​軽減。[b][/b],
,,,,,,,,,,,
ARMOR_RADIOACTIVEHAT_NAME,Radioactive Hat,,Gorro radiactivo,Chapeau radioactif,Radioaktiver Hut,Cappello Radioattivo,Chapéu Radioativo,,,放射能の​帽子,
ARMOR_RADIOACTIVEHAT_DESC,Adjacent units get All Stats Down.,,Las unidades adyacentes reciben reducción total.,Les unités adjacentes subissent Baisse de stats.,Benachbarte Einheiten erleiden einen Malus auf alle Attribute.,Le unità adiacenti subiscono Diminuzione delle Statistiche.,Unidades adjacentes têm todos os atributos diminuídos.,,,隣接ユニットが​全ステータス低下を​受ける。[b][/b],
ARMOR_RADIOACTIVEMASK_NAME,Radioactive Mask,,Máscara radiactiva,Masque radioactif,Radioaktive Maske,Maschera Radioattiva,Máscara Radioativa,,,放射能の​仮面,
ARMOR_RADIOACTIVEMASK_DESC,Adjacent units get All Stats Down.,,Las unidades adyacentes reciben reducción total.,Les unités adjacentes subissent Baisse de stats.,Benachbarte Einheiten erleiden einen Malus auf alle Attribute.,Le unità adiacenti subiscono Diminuzione delle Statistiche.,Unidades adjacentes têm todos os atributos diminuídos.,,,隣接ユニットが​全ステータス低下を​受ける。[b][/b],
ARMOR_RADIOACTIVENECKLACE_NAME,Radioactive Necklace,,Gargantilla radiactiva,Collier radioactif,Radioaktive Halskette,Collana Radioattiva,Colar Radioativo,,,放射能の​ネックレス,
ARMOR_RADIOACTIVENECKLACE_DESC,Adjacent units get All Stats Down.,,Las unidades adyacentes reciben reducción total.,Les unités adjacentes subissent Baisse de stats.,Benachbarte Einheiten erleiden einen Malus auf alle Attribute.,Le unità adiacenti subiscono Diminuzione delle Statistiche.,Unidades adjacentes têm todos os atributos diminuídos.,,,隣接ユニットが​全ステータス低下を​受ける。[b][/b],
SETBONUS_RADIOACTIVE_NAME,Radioactive Set Bonus!,,¡Bonificación de conjunto radiactivo!,Bonus d'ensemble&nbsp;: radioactif&nbsp;!,Setbonus: Radioaktive Rüstung!,Bonus Set: Radioattività!,Bônus de Conjunto Radioativo!,,,放射能セットボーナス!,
SETBONUS_RADIOACTIVE_DESC,Gain a random mutation at the end of each battle.Explode when downed. This explosion doesn't damage you.,,Obtiene una mutación al azar al final de cada combate.Esta unidad estalla cuando cae abatida. La explosión no la daña.,Vous confère une mutation aléatoire à la fin de chaque combat.Vous explosez quand vous êtes mis K.O. L'explosion ne vous inflige aucun dégât.,"Erhalte am Ende jedes Kampfes eine zufällige Mutation.Du explodierst, wenn du in Ohnmacht fällst. Diese Explosion verursacht keinen Schaden bei dir.",Ottieni una mutazione casuale alla fine di ogni battaglia.Esplodi quando vai KO e quest'esplosione non ti infligge danno.,Obtenha uma mutação aleatória no final de cada batalha.Exploda ao ficar inconsciente. Essa explosão não causa dano a você.,,,各バトル終了時に​ランダムな​ミューテーションを​獲得。​倒れた​時に​爆発。​この​爆発は​あなたに​ダメージを​与えない。[b][/b],
,,,,,,,,,,,
ARMOR_RAGHAT_NAME,Rag Hood,,Capucha harapienta,Capuche chiffon,Lumpenkapuze,Cappuccio di Stracci,Capuz de Trapos,,,ボロ布の​フード,
ARMOR_RAGHAT_DESC,+15% Dodge Chance.,,+15 % de probabilidad de esquiva.,Chances d'esquive +15&nbsp;%.,+15&nbsp;% Ausweichchance.,+15% di probabilità di schivata.,+15% de chance de esquiva.,,,+15%回避率。,
ARMOR_RAGMASK_NAME,Rag Mask,,Máscara harapienta,Masque chiffon,Lumpenmaske,Maschera di Stracci,Máscara de Trapos,,,ボロ布の​仮面,
ARMOR_RAGMASK_DESC,+15% Dodge Chance.,,+15 % de probabilidad de esquiva.,Chances d'esquive +15&nbsp;%.,+15&nbsp;% Ausweichchance.,+15% di probabilità di schivata.,+15% de chance de esquiva.,,,+15%回避率。,
ARMOR_RAGARMOR_NAME,Rags,,Harapos,Chiffons,Lumpen,Stracci,Trapos,,,ボロ布,
ARMOR_RAGARMOR_DESC,+15% Dodge Chance.,,+15 % de probabilidad de esquiva.,Chances d'esquive +15&nbsp;%.,+15&nbsp;% Ausweichchance.,+15% di probabilità di schivata.,+15% de chance de esquiva.,,,+15%回避率。,
SETBONUS_RAG_NAME,Rags Set Bonus!,,¡Bonificación de conjunto harapiento!,Bonus d'ensemble&nbsp;: chiffon&nbsp;!,Setbonus: Lumpen!,Bonus Set: Stracci!,Bônus de Conjunto de Trapos!,,,ボロ布セットボーナス!,
SETBONUS_RAG_DESC,,,,,,,,,,,
,,,,,,,,,,,
ARMOR_RATHAT_NAME,Rat Hat,,Gorro ratonil,Chapeau de rat,Rattenhut,Cappello da Ratto,Chapéu de Rato,,,ネズミの​帽子,
ARMOR_RATHAT_DESC,Start battle with a Charmed Pinky.,,Empieza el combate con una rosita embrujada.,Vous débutez le combat avec un auriculaire envoûté.,Beginne den Kampf mit einem freundlichen Pinky.,Inizi la battaglia con un Topo Pinky Ammaliato.,Inicie a batalha com um ratinho enfeitiçado.,,,バトル開始時に​魅了された​ピンキーと​共に​開始。[b][/b],
ARMOR_RATMASK_NAME,Rat Mask,,Máscara ratonil,Masque de rat,Rattenmaske,Maschera da Ratto,Máscara de Rato,,,ネズミの​仮面,
ARMOR_RATMASK_DESC,Start battle with a Charmed Pinky.,,Empieza el combate con una rosita embrujada.,Vous débutez le combat avec un auriculaire envoûté.,Beginne den Kampf mit einem freundlichen Pinky.,Inizi la battaglia con un Topo Pinky Ammaliato.,Inicie a batalha com um ratinho enfeitiçado.,,,バトル開始時に​魅了された​ピンキーと​共に​開始。[b][/b],
ARMOR_RATNECKLACE_NAME,Rat Necklace,,Gargantilla ratonil,Collier de rat,Rattenhalskette,Collana da Ratto,Colar de Rato,,,ネズミの​ネックレス,
ARMOR_RATNECKLACE_DESC,Start battle with a Charmed Pinky.,,Empieza el combate con una rosita embrujada.,Vous débutez le combat avec un auriculaire envoûté.,Beginne den Kampf mit einem freundlichen Pinky.,Inizi la battaglia con un Topo Pinky Ammaliato.,Inicie a batalha com um ratinho enfeitiçado.,,,バトル開始時に​魅了された​ピンキーと​共に​開始。[b][/b],
SETBONUS_RAT_NAME,Rat Set Bonus!,,¡Bonificación de conjunto ratonil!,Bonus d'ensemble&nbsp;: rat&nbsp;!,Setbonus: Rattenrüstung!,Bonus Set: Ratto!,Bônus de Conjunto de Rato!,,,ネズミセットボーナス!,
SETBONUS_RAT_DESC,Start battle with 2 Charmed Rats.,,Empieza el combate con 2 ratas embrujadas.,Vous débutez le combat avec 2&nbsp;rats envoûtés.,Beginne den Kampf mit zwei&nbsp;freundlichen Ratten.,Inizi la battaglia con 2 Ratti Ammaliati.,Inicie a batalha com 2 ratos enfeitiçados.,,,バトル開始時に​2体の​魅了された​ネズミと​共に​開始。[b][/b],
,,,,,,,,,,,
ARMOR_RECYCLEDHAT_NAME,Recycled Hat,,Gorro reciclado,Chapeau recyclé,Recycelter Hut,Cappello Riciclato,Chapéu Reciclado,,,リサイクルの​帽子,
ARMOR_RECYCLEDHAT_DESC,Brittle. Find a common item when this breaks.,,Endeblez. Encuentra un objeto común al romperse.,"Cassant. Brisé, vous obtenez un objet commun.","Spröde. Du findest einen gewöhnlichen Gegenstand, wenn dies kaputtgeht.",Friabile. Trovi un oggetto comune quando si rompe.,Quebradiço. Encontre um item comum quando isto quebrar.,,,もろい。​壊れると​コモンアイテムを​発見。[b][/b],
ARMOR_RECYCLEDMASK_NAME,Recycled Mask,,Máscara reciclada,Masque recyclé,Recycelte Maske,Maschera Riciclata,Máscara Reciclada,,,リサイクルの​仮面,
ARMOR_RECYCLEDMASK_DESC,Brittle. Find a common item when this breaks.,,Endeblez. Encuentra un objeto común al romperse.,"Cassant. Brisé, vous obtenez un objet commun.","Spröde. Du findest einen gewöhnlichen Gegenstand, wenn dies kaputtgeht.",Friabile. Trovi un oggetto comune quando si rompe.,Quebradiço. Encontre um item comum quando isto quebrar.,,,もろい。​壊れると​コモンアイテムを​発見。[b][/b],
ARMOR_RECYCLEDARMOR_NAME,Recycled Necklace,,Gargantilla reciclada,Collier recyclé,Recycelte Halskette,Collana Riciclata,Colar Reciclado,,,リサイクルの​ネックレス,
ARMOR_RECYCLEDARMOR_DESC,Brittle. Find a common item when this breaks.,,Endeblez. Encuentra un objeto común al romperse.,"Cassant. Brisé, vous obtenez un objet commun.","Spröde. Du findest einen gewöhnlichen Gegenstand, wenn dies kaputtgeht.",Friabile. Trovi un oggetto comune quando si rompe.,Quebradiço. Encontre um item comum quando isto quebrar.,,,もろい。​壊れると​コモンアイテムを​発見。[b][/b],
SETBONUS_RECYCLED_NAME,Recycled Set Bonus!,,¡Bonificación de conjunto reciclado!,Bonus d'ensemble&nbsp;: recyclé&nbsp;!,Setbonus: Recycelte Rüstung!,Bonus Set: Riciclato!,Bônus de Conjunto Reciclado!,,,リサイクルセットボーナス!,
SETBONUS_RECYCLED_DESC,Also find a rare item when a recycled set piece breaks.,,También encuentra un objeto inusual cuando se rompe una pieza reciclada.,"Lorsqu'une pièce de l'ensemble recyclé se brise, vous obtenez également un objet rare.","Finde außerdem einen seltenen Gegenstand, wenn ein recycelter Setgegenstand kaputtgeht.",Quando si rompe un pezzo del set Riciclato trovi anche un oggetto raro.,Encontre um item raro quando uma peça do conjunto reciclado quebrar.,,,リサイクルセットピースが​壊れると​レアアイテムも​発見。[b][/b],
,,,,,,,,,,,
ARMOR_ROCKHAT_NAME,Rock Hat,,Sombrero pétreo,Chapeau de pierres,Steinhut,Cappello di Roccia,Chapéu de Pedra,,,岩の​帽子,
ARMOR_ROCKHAT_DESC,Brittle. Your basic attack has +1 Knockback. Gain coins when this breaks.,,Endeblez. El ataque básico tiene +1 de retroceso. Obtiene monedas al romperse.,"Cassant. Votre attaque de base inflige Recul +1. Brisé, vous obtenez des pièces.","Spröde. Dein Grundangriff hat +1&nbsp;Rückstoß. Erhalte Münzen, wenn dies kaputtgeht.",Friabile. Il tuo attacco base ha +1 Contraccolpo. Ottieni monete quando si rompe.,Quebradiço. Seu ataque básico possui +1 de empurrão. Obtenha moedas quando isto quebrar.,,,もろい。​通常攻撃に​+1ノックバック。​壊れると​コイン獲得。[b][/b],
ARMOR_ROCKMASK_NAME,Rock Mask,,Máscara pétrea,Masque de pierres,Steinmaske,Maschera di Roccia,Máscara de Pedra,,,岩の​仮面,
ARMOR_ROCKMASK_DESC,Brittle. Your basic attack has +1 Knockback. Gain coins when this breaks.,,Endeblez. El ataque básico tiene +1 de retroceso. Obtiene monedas al romperse.,"Cassant. Votre attaque de base inflige Recul +1. Brisé, vous obtenez des pièces.","Spröde. Dein Grundangriff hat +1&nbsp;Rückstoß. Erhalte Münzen, wenn dies kaputtgeht.",Friabile. Il tuo attacco base ha +1 Contraccolpo. Ottieni monete quando si rompe.,Quebradiço. Seu ataque básico possui +1 de empurrão. Obtenha moedas quando isto quebrar.,,,もろい。​通常攻撃に​+1ノックバック。​壊れると​コイン獲得。[b][/b],
ARMOR_ROCKARMOR_NAME,Rock Necklace,,Gargantilla pétrea,Collier de pierres,Steinhalskette,Collana di Roccia,Colar de Pedra,,,岩の​ネックレス,
ARMOR_ROCKARMOR_DESC,Brittle. Your basic attack has +1 Knockback. Gain coins when this breaks.,,Endeblez. El ataque básico tiene +1 de retroceso. Obtiene monedas al romperse.,"Cassant. Votre attaque de base inflige Recul +1. Brisé, vous obtenez des pièces.","Spröde. Dein Grundangriff hat +1&nbsp;Rückstoß. Erhalte Münzen, wenn dies kaputtgeht.",Friabile. Il tuo attacco base ha +1 Contraccolpo. Ottieni monete quando si rompe.,Quebradiço. Seu ataque básico possui +1 de empurrão. Obtenha moedas quando isto quebrar.,,,もろい。​通常攻撃に​+1ノックバック。​壊れると​コイン獲得。[b][/b],
SETBONUS_ROCK_NAME,Rock Set Bonus!,,¡Bonificación de conjunto pétreo!,Bonus d'ensemble&nbsp;: pierres&nbsp;!,Setbonus: Steinrüstung!,Bonus Set: Roccia!,Bônus de Conjunto de Pedra!,,,岩セットボーナス!,
SETBONUS_ROCK_DESC,+1 Brace. Spawn a pet rock familiar whenever you lose [img:shield].,,+1 de refuerzo. Genera un familiar roca mascota al perder [img:shield].,"Garde +1. Quand vous perdez de la [img:shield], un caillou de compagnie est invoqué.","+1&nbsp;Wappnen. Rufe einen Steinfreundbegleiter, wenn du [img:shield] verlierst.",+1 alla Guardia. Generi un famiglio Roccia Domestica ogni volta che perdi [img:shield].,+1 de preparação. Gere um familiar pedra de estimação sempre que perder [img:shield].,,,+1ガード。[img:shield]を​失うと​ペット岩の​使い魔を​生成。,
,,,,,,,,,,,
ARMOR_ROCKYMASK_NAME,Rocky Mask,,Máscara rocosa,Masque rocailleux,Steinerne Maske,Maschera Rocciosa,Máscara Rochosa,,,ロッキーの​仮面,
ARMOR_ROCKYMASK_DESC,"Breaks when [img:shield] is depleted.When this breaks, gain Bruise 3.",,"Se rompe al agotarse [img:shield].Al romperse, obtiene 3 de moratón.","Se brise quand votre [img:shield] est à 0.Brisé, vous subissez Contusion +3.","Geht kaputt, wenn [img:shield] aufgebraucht ist.Wenn dies kaputtgeht, erleidest du Beulen&nbsp;3.","Si rompe quando lo [img:shield] si esaurisce.Quando si rompe, ottieni Livido 3.","Quebra quando seu [img:shield] se esgota.Quando isto quebrar, obtenha contusão 3.",,,[img:shield]が​枯渇すると​壊れる。​壊れると​打撲3を​獲得。,
ARMOR_ROCKYHAT_NAME,Rocky Hat,,Sombrero rocoso,Chapeau rocailleux,Steinerner Hut,Cappello Roccioso,Chapéu Rochoso,,,ロッキーの​帽子,
ARMOR_ROCKYHAT_DESC,"Breaks when [img:shield] is depleted.When this breaks, gain Bruise 3.",,"Se rompe al agotarse [img:shield].Al romperse, obtiene 3 de moratón.","Se brise quand votre [img:shield] est à 0.Brisé, vous subissez Contusion +3.","Geht kaputt, wenn [img:shield] aufgebraucht ist.Wenn dies kaputtgeht, erleidest du Beulen&nbsp;3.","Si rompe quando lo [img:shield] si esaurisce.Quando si rompe, ottieni Livido 3.","Quebra quando seu [img:shield] se esgota.Quando isto quebrar, obtenha contusão 3.",,,[img:shield]が​枯渇すると​壊れる。​壊れると​打撲3を​獲得。,
ARMOR_ROCKYNECKLACE_NAME,Rocky Necklace,,Gargantilla rocosa,Collier rocailleux,Steinerne Halskette,Collana Rocciosa,Colar Rochoso,,,ロッキーの​ネックレス,
ARMOR_ROCKYNECKLACE_DESC,"Breaks when [img:shield] is depleted.When this breaks, gain Bruise 3.",,"Se rompe al agotarse [img:shield].Al romperse, obtiene 3 de moratón.","Se brise quand votre [img:shield] est à 0.Brisé, vous subissez Contusion +3.","Geht kaputt, wenn [img:shield] aufgebraucht ist.Wenn dies kaputtgeht, erleidest du Beulen&nbsp;3.","Si rompe quando lo [img:shield] si esaurisce.Quando si rompe, ottieni Livido 3.","Quebra quando seu [img:shield] se esgota.Quando isto quebrar, obtenha contusão 3.",,,[img:shield]が​枯渇すると​壊れる。​壊れると​打撲3を​獲得。,
SETBONUS_ROCKY_NAME,Rocky Set Bonus!,,¡Bonificación de conjunto rocoso!,Bonus d'ensemble&nbsp;: rocailleux&nbsp;!,Setbonus: Steinerne Rüstung!,Bonus Set: Roccioso!,Bônus de Conjunto Rochoso!,,,ロッキーセットボーナス!,
SETBONUS_ROCKY_DESC,Spawn a pet rock familiar whenever you lose [img:shield].Broken Rocky equipment pieces have a 75% chance of being recovered at the end of the battle.,,Genera un familiar roca mascota al perder [img:shield].Las piezas rotas del equipamiento rocoso tienen un 75 % de probabilidad de recuperarse al final del combate.,"Quand vous perdez de la [img:shield], un caillou de compagnie est invoqué.Quand un élément de l'ensemble rocailleux se brise, 75&nbsp;% de chances qu'il soit réparé à la fin du combat.","Rufe einen Steinfreundbegleiter, wenn du [img:shield] verlierst.Am Ende des Kampfes erhältst du kaputte steinerne Ausrüstungsgegenstände mit 75%iger Wahrscheinlichkeit zurück.",Generi un famiglio Roccia Domestica ogni volta che perdi [img:shield].I pezzi Rocciosi rotti hanno un 75% di probabilità di essere recuperati alla fine della battaglia.,Gere um familiar pedra de estimação sempre que perder [img:shield].Peças do conjunto rochoso quebradas possuem uma chance de 75% de serem recuperadas no final da batalha.,,,[img:shield]を​失うと​ペット岩の​使い魔を​生成。​壊れた​ロッキー装備は​バトル終了時に​75%の​確率で​回収。,
,,,,,,,,,,,
ARMOR_ROTTENHAT_NAME,Rotten Meat Hat,,Sombrero de carne putrefacta,Chapeau en viande avariée,Verdorbener Fleischhut,Cappello di Carne Avariata,Chapéu de Carne Podre,,,腐肉の​帽子,
ARMOR_ROTTENHAT_DESC,Spawn a Charmed Maggot or Fly when you end your turn.,,Genera una mosca o un gusano embrujados al final del turno.,Invoque un asticot envoûté ou une mouche à la fin de votre tour.,"Rufe eine freundliche Made oder Fliege, wenn du deinen Zug beendest.",Generi una Larva Ammaliata o una Mosca Ammaliata quando finisci il tuo turno.,Gere um verme ou mosca enfeitiçada ao finalizar seu turno.,,,ターン終了時に​魅了された​ウジまたは​ハエを​生成。[b][/b],
ARMOR_ROTTENMASK_NAME,Rotten Meat Mask,,Máscara de carne putrefacta,Masque en viande avariée,Verdorbene Fleischmaske,Maschera di Carne Avariata,Máscara de Carne Podre,,,腐肉の​仮面,
ARMOR_ROTTENMASK_DESC,Spawn a Charmed Maggot or Fly when you end your turn.,,Genera una mosca o un gusano embrujados al final del turno.,Invoque un asticot envoûté ou une mouche à la fin de votre tour.,"Rufe eine freundliche Made oder Fliege, wenn du deinen Zug beendest.",Generi una Larva Ammaliata o una Mosca Ammaliata quando finisci il tuo turno.,Gere um verme ou mosca enfeitiçada ao finalizar seu turno.,,,ターン終了時に​魅了された​ウジまたは​ハエを​生成。[b][/b],
ARMOR_ROTTENARMOR_NAME,Rotten Meat Armor,,Armadura de carne putrefacta,Armure en viande avariée,Verdorbene Fleischrüstung,Armatura di Carne Avariata,Armadura de Carne Podre,,,腐肉の​鎧,
ARMOR_ROTTENARMOR_DESC,Spawn a Charmed Maggot or Fly when you end your turn.,,Genera una mosca o un gusano embrujados al final del turno.,Invoque un asticot envoûté ou une mouche à la fin de votre tour.,"Rufe eine freundliche Made oder Fliege, wenn du deinen Zug beendest.",Generi una Larva Ammaliata o una Mosca Ammaliata quando finisci il tuo turno.,Gere um verme ou mosca enfeitiçada ao finalizar seu turno.,,,ターン終了時に​魅了された​ウジまたは​ハエを​生成。[b][/b],
SETBONUS_ROTTEN_NAME,Rotten Set Bonus!,,¡Bonificación de conjunto putrefacto!,Bonus d'ensemble&nbsp;: viande avariée&nbsp;!,Setbonus: Verdorbene Fleischrüstung!,Bonus Set: Avariato!,Bônus de Conjunto Podre!,,,腐肉セットボーナス!,
SETBONUS_ROTTEN_DESC,All Bugs and Maggots you spawn are upgraded to champions.,,Todos los bichos y gusanos generados mejoran a adalid.,Les insectes et asticots que vous invoquez deviennent des champions.,"Alle Insekten und Maden, die du rufst, werden zu Champions.",Tutti gli Insetti e le Larve che generi vengono potenziati a campioni.,Todos os insetos e vermes que você gera são aprimorados para campeões.,,,生成した​全虫と​ウジが​チャンピオンに​アップグレード。[b][/b],
,,,,,,,,,,,
ARMOR_RUBBERHAT_NAME,Rubber Hat,,Sombrero de caucho,Chapeau en caoutchouc,Gummihut,Cappello di Gomma,Chapéu de Borracha,,,ゴムの​帽子,
ARMOR_RUBBERHAT_DESC,Units that contact you are knocked back 2 tiles.,,Las unidades que entren en contacto con esta retroceden 2 casillas.,Les unités qui vous touchent subissent Recul +2.,"Einheiten, die dich berühren, werden 2&nbsp;Felder zurückgestoßen.",Le unità che ti toccano vengono respinte indietro di 2 caselle.,Unidades que entram em contato com você são empurradas 2 espaços para trás.,,,接触ユニットを​2タイルノックバック。[b][/b],
ARMOR_RUBBERMASK_NAME,Rubber Mask,,Máscara de caucho,Masque en caoutchouc,Gummimaske,Maschera di Gomma,Máscara de Borracha,,,ゴムの​仮面,
ARMOR_RUBBERMASK_DESC,Units that contact you are knocked back 2 tiles.,,Las unidades que entren en contacto con esta retroceden 2 casillas.,Les unités qui vous touchent subissent Recul +2.,"Einheiten, die dich berühren, werden 2&nbsp;Felder zurückgestoßen.",Le unità che ti toccano vengono respinte indietro di 2 caselle.,Unidades que entram em contato com você são empurradas 2 espaços para trás.,,,接触ユニットを​2タイルノックバック。[b][/b],
ARMOR_RUBBERARMOR_NAME,Tire,,Neumático,Pneu,Reifen,Pneumatico,Pneu,,,タイヤ,
ARMOR_RUBBERARMOR_DESC,Units that contact you are knocked back 2 tiles.,,Las unidades que entren en contacto con esta retroceden 2 casillas.,Les unités qui vous touchent subissent Recul +2.,"Einheiten, die dich berühren, werden 2&nbsp;Felder zurückgestoßen.",Le unità che ti toccano vengono respinte indietro di 2 caselle.,Unidades que entram em contato com você são empurradas 2 espaços para trás.,,,接触ユニットを​2タイルノックバック。[b][/b],
SETBONUS_RUBBER_NAME,Rubber Set Bonus!,,¡Bonificación de conjunto de caucho!,Bonus d'ensemble&nbsp;: caoutchouc&nbsp;!,Setbonus: Gummirüstung!,Bonus Set: Gomma!,Bônus de Conjunto de Borracha!,,,ゴムセットボーナス!,
SETBONUS_RUBBER_DESC,+3 Knockback damage.,,+3 de daño de retroceso.,Dégâts de recul +3.,+3&nbsp;Rückstoßschaden.,+3 danno da Contraccolpo.,+3 de dano de empurrão.,,,+3ノックバックダメージ。,
,,,,,,,,,,,
ARMOR_RUNEOFJERA_NAME,Rune of Jera,,Runa de jera,Rune de Jera,Jera-Rune,Runa di Jera,Runa de Jera,,,イェラの​ルーン,
ARMOR_RUNEOFJERA_DESC,Your trinket effects are doubled.,,Se duplican los efectos de la baratija.,Les effets de votre babiole sont doublés.,Die Effekte deines Zubehörs werden verdoppelt.,Gli effetti dei tuoi ciondoli sono raddoppiati.,Seus efeitos de acessório são dobrados.,,,アクセサリー効果が​2倍。,
ARMOR_RUNEOFHAGALAZ_NAME,Rune of Hagalaz,,Runa de hagalaz,Rune de Hagalaz,Hagalaz-Rune,Runa di Hagalaz,Runa de Hagalaz,,,ハガラズの​ルーン,
ARMOR_RUNEOFHAGALAZ_DESC,Your Weapons hit twice.,,Las armas golpean dos veces.,Vos armes frappent deux fois.,Deine Waffe trifft zweimal.,Le tue armi colpiscono due volte.,Suas armas golpeiam duas vezes.,,,武器が​2回命中。,
ARMOR_RUNEOFPERTHRO_NAME,Rune of Perthro,,Runa de perthro,Rune de Perthro,Perthro-Rune,Runa di Perthro,Runa de Perthro,,,ペルスロの​ルーン,
ARMOR_RUNEOFPERTHRO_DESC,This item counts for all item sets.,,Este objeto cuenta para todos los conjuntos.,Cet objet est compatible avec tous les ensembles.,Dieser Gegenstand zählt als Teil eines beliebigen Sets.,Quest'oggetto vale per tutti i set di oggetti.,Este item conta para todos os conjuntos de itens.,,,この​アイテムは​全アイテムセットと​して​カウント。[b][/b],
SETBONUS_RUNE_NAME,Rune Set Bonus!,,¡Bonificación de conjunto rúnico!,Bonus d'ensemble&nbsp;: runes&nbsp;!,Setbonus: Runen!,Bonus Set: Rune!,Bônus de Conjunto Rúnico!,,,ルーンセットボーナス!,
SETBONUS_RUNE_DESC,,,,,,,,,,,
,,,,,,,,,,,
ARMOR_SCRAPMETALHAT_NAME,Scrap Metal Hat,,Sombrero de chatarra,Chapeau de ferraille,Altmetallhut,Cappello di Rottami Metallici,Chapéu de Sucata,,,スクラップメタルの​帽子,
ARMOR_SCRAPMETALHAT_DESC,,,,,,,,,,,
ARMOR_SCRAPMETALMASK_NAME,Scrap Metal Mask,,Máscara de chatarra,Masque de ferraille,Altmetallmaske,Maschera di Rottami Metallici,Máscara de Sucata,,,スクラップメタルの​仮面,
ARMOR_SCRAPMETALMASK_DESC,,,,,,,,,,,
ARMOR_SCRAPMETALARMOR_NAME,Scrap Metal Armor,,Armadura de chatarra,Armure de ferraille,Altmetallrüstung,Armatura di Rottami Metallici,Armadura de Sucata,,,スクラップメタルの​鎧,
ARMOR_SCRAPMETALARMOR_DESC,,,,,,,,,,,
SETBONUS_SCRAP_NAME,Scrap Set Bonus!,,¡Bonificación de conjunto de chatarra!,Bonus d'ensemble&nbsp;: ferraille&nbsp;!,Setbonus: Altmetall!,Bonus Set: Rottami!,Bônus de Conjunto de Sucata!,,,スクラップセットボーナス!,
SETBONUS_SCRAP_DESC,+1 Thorns.,,+1 de espinas.,Épines +1.,+1&nbsp;Dornen.,+1 Spine.,+1 de espinhos.,,,+1棘。,
,,,,,,,,,,,
ARMOR_SLIMYHAT_NAME,Slimy Hat,,Gorro viscoso,Chapeau gluant,Schleimiger Hut,Cappello di Bava,Chapéu Gosmento,,,粘液の​帽子,
ARMOR_SLIMYHAT_DESC,+15% chance to catch projectiles. Inflict Immobile 1 on units that contact you.,,+15 % de probabilidad de atrapar proyectiles. Inflige 1 de inmovilización a las unidades que entren en contacto con esta.,Chances d'intercepter les projectiles +15&nbsp;%. Inflige Immobilisation +1&nbsp;aux unités qui vous touchent.,"+15&nbsp;% Wahrscheinlichkeit, Geschosse zu fangen. Verursache Unbeweglich&nbsp;1 bei Einheiten, die dich berühren.",+15% di probabilità di afferrare i proiettili. Infliggi Immobilizzazione 1 alle unità che ti toccano.,+15% de chance de capturar projéteis. Aplica imobilidade 1 em unidades que entram em contato com você.,,,+15%飛び道具キャッチ率。​接触ユニットに​移動不可1を​付与。[b][/b],
ARMOR_SLIMYMASK_NAME,Slimy Mask,,Máscara viscosa,Masque gluant,Schleimige Maske,Maschera di Bava,Máscara Gosmenta,,,粘液の​仮面,
ARMOR_SLIMYMASK_DESC,+15% chance to catch projectiles. Inflict Immobile 1 on units that contact you.,,+15 % de probabilidad de atrapar proyectiles. Inflige 1 de inmovilización a las unidades que entren en contacto con esta.,Chances d'intercepter les projectiles +15&nbsp;%. Inflige Immobilisation +1&nbsp;aux unités qui vous touchent.,"+15&nbsp;% Wahrscheinlichkeit, Geschosse zu fangen. Verursache Unbeweglich&nbsp;1 bei Einheiten, die dich berühren.",+15% di probabilità di afferrare i proiettili. Infliggi Immobilizzazione 1 alle unità che ti toccano.,+15% de chance de capturar projéteis. Aplica imobilidade 1 em unidades que entram em contato com você.,,,+15%飛び道具キャッチ率。​接触ユニットに​移動不可1を​付与。[b][/b],
ARMOR_SLIMYNECKLACE_NAME,Slimy Necklace,,Gargantilla viscosa,Collier gluant,Schleimige Halskette,Collana di Bava,Colar Gosmento,,,粘液の​ネックレス,
ARMOR_SLIMYNECKLACE_DESC,+15% chance to catch projectiles. Inflict Immobile 1 on units that contact you.,,+15 % de probabilidad de atrapar proyectiles. Inflige 1 de inmovilización a las unidades que entren en contacto con esta.,Chances d'intercepter les projectiles +15&nbsp;%. Inflige Immobilisation +1&nbsp;aux unités qui vous touchent.,"+15&nbsp;% Wahrscheinlichkeit, Geschosse zu fangen. Verursache Unbeweglich&nbsp;1 bei Einheiten, die dich berühren.",+15% di probabilità di afferrare i proiettili. Infliggi Immobilizzazione 1 alle unità che ti toccano.,+15% de chance de capturar projéteis. Aplica imobilidade 1 em unidades que entram em contato com você.,,,+15%飛び道具キャッチ率。​接触ユニットに​移動不可1を​付与。[b][/b],
SETBONUS_SLIMY_NAME,Slimy Set Bonus!,,¡Bonificación de conjunto viscoso!,Bonus d'ensemble&nbsp;: gluant&nbsp;!,Setbonus: Schleimige Rüstung!,Bonus Set: Bava!,Bônus de Conjunto Gosmento!,,,粘液セットボーナス!,
SETBONUS_SLIMY_DESC,Poisonous 2.,,2 de envenenamiento.,Toxique +2.,Giftig&nbsp;2.,Velenoso 2.,Venenoso 2.,,,毒性2。,
,,,,,,,,,,,
ARMOR_SLUDGEHAT_NAME,Sludge Hat,,Gorro residual,Chapeau bourbeux,Schlammhut,Cappello di Fanghiglia,Chapéu de Lodo,,,ヘドロの​帽子,
ARMOR_SLUDGEHAT_DESC,,,,,,,,,,,
ARMOR_SLUDGEMASK_NAME,Sludge Mask,,Máscara residual,Masque bourbeux,Schlammmaske,Maschera di Fanghiglia,Máscara de Lodo,,,ヘドロの​仮面,
ARMOR_SLUDGEMASK_DESC,,,,,,,,,,,
ARMOR_SLUDGEARMOR_NAME,Sludge Necklace,,Gargantilla residual,Collier bourbeux,Schlammhalskette,Collana di Fanghiglia,Colar de Lodo,,,ヘドロの​ネックレス,
ARMOR_SLUDGEARMOR_DESC,,,,,,,,,,,
SETBONUS_SLUDGE_NAME,Sludge Set Bonus!,,¡Bonificación de conjunto residual!,Bonus d'ensemble&nbsp;: bourbeux&nbsp;!,Setbonus: Schlammrüstung!,Bonus Set: Fanghiglia!,Bônus de Conjunto de Lodo!,,,ヘドロセットボーナス!,
SETBONUS_SLUDGE_DESC,Gain +2 [img:shield] at the end of each turn.,,Obtiene +2 [img:shield] al final de cada turno.,[img:shield] +2&nbsp;à la fin de chaque tour.,Erhalte am Ende jedes Zuges +2&nbsp;[img:shield].,Ottieni +2 allo [img:shield] alla fine di ogni turno.,Obtenha +2 de [img:shield] no final de cada turno.,,,各ターン終了時に​+2 [img:shield]を​獲得。,
,,,,,,,,,,,
ARMOR_SPACEHELMET_NAME,Space Helmet,,Casco espacial,Casque spatial,Astronautenhelm,Casco Spaziale,Capacete Espacial,,,宇宙ヘルメット,
ARMOR_SPACEHELMET_DESC,"+1 Brace.30% chance to block negative status effects.",,+1 de refuerzo.30 % de probabilidad de bloquear los efectos de estado negativos.,Garde +1.Chances de bloquer les malus +30&nbsp;%.,"+1&nbsp;Wappnen.30%ige Wahrscheinlichkeit, negative Statuseffekte zu blockieren.",+1 alla Guardia.30% di probabilità di bloccare gli effetti di stato negativi.,+1 de preparação.30% de chance de bloquear efeitos de estado negativos.,,,+1ガード。​30%の​確率で​負の​状態異常を​ブロック。[b][/b],
ARMOR_SPACEANTENNA_NAME,Space Antenna,,Antena espacial,Antenne spatiale,Weltraumantenne,Antenna Spaziale,Antena Espacial,,,宇宙アンテナ,
ARMOR_SPACEANTENNA_DESC,Gain 0-4 mana at start of each turn.,,Obtiene 0-4 de maná al inicio de cada turno.,+0&nbsp;à +4 mana au début de chaque tour.,Erhalte am Anfang jedes Zuges 0&nbsp;– 4 Mana.,Ottieni 0-4 mana all'inizio di ogni turno.,Obtenha 0-4 de mana no início de cada turno.,,,各ターン開始時に​0~4マナを​獲得。[b][/b],
ARMOR_SPACEBOOSTERS_NAME,Space Boosters,,Propulsores espaciales,Propulseurs spatiaux,Weltraumdüsen,Propulsori Spaziali,Propulsores Espaciais,,,宇宙ブースター,
ARMOR_SPACEBOOSTERS_DESC,Your movement action is Jump.,,La acción de movimiento se convierte en un salto.,Votre action de déplacement devient Saut.,Deine Bewegungsaktion wird ein Sprung.,La tua azione di movimento è Salto.,Sua ação de movimento é um salto.,,,移動アクションが​ジャンプに​なる。[b][/b],
SETBONUS_SPACE_NAME,Space Set Bonus!,,¡Bonificación de conjunto espacial!,Bonus d'ensemble&nbsp;: spatial&nbsp;!,Setbonus: Astronautenrüstung!,Bonus Set: Spaziale!,Bônus de Conjunto de,,,宇宙セットボーナス!,
SETBONUS_SPACE_DESC,Your movement action is Jump. Units you land on take damage.,,La acción de movimiento se convierte en un salto. Las unidades sobre las que cae sufren daño.,Votre action de déplacement devient Saut. Les unités sur lesquelles vous atterrissez subissent des dégâts.,"Deine Bewegungsaktion wird ein Sprung. Einheiten, auf denen du landest, erleiden Schaden.",La tua azione di movimento è Salto. Le unità su cui atterri subiscono danno.,Sua ação de movimento é um salto. Unidades nas quais você cai em cima sofrem dano.,,,移動アクションが​ジャンプに​なる。​着地した​ユニットに​ダメージ。[b][/b],
,,,,,,,,,,,
SETBONUS_STEVEN_NAME,Steven Set Bonus!,,¡Bonificación de conjunto de Steven!,Bonus d'ensemble&nbsp;: Steven&nbsp;!,Setbonus: Steven!,Bonus Set: Steven!,Bônus de Conjunto de Steven!,,,スティーブンセットボーナス!,
SETBONUS_STEVEN_DESC,Your name is now Steven! Hello Steven!,,"Ahora te llamas Steven. ¡Hola, Steven!","Vous vous appelez Steven, maintenant&nbsp;! Salut, Steven&nbsp;!","Du heißt jetzt Steven! Hallo, Steven!","Ora ti chiami Steven! Ciao, Steven!","Agora seu nome é Steven! Olá, Steven!",,,名前が​スティーブンに​なる! こんに​ちは​スティーブン![b][/b],
,,,,,,,,,,,
ARMOR_STUNNINGHAIRCUT_NAME,Stunning Haircut,,Peinado deslumbrante,Chevelure époustouflante,Atemberaubende Frisur,Acconciatura Sbalorditiva,Corte de Cabelo Impressionante,,,見事な​ヘアカット,
ARMOR_STUNNINGHAIRCUT_DESC,Your face and neck item effects are doubled.,,Se duplican los efectos de los objetos para la cara y el cuello.,Les effets de vos objets équipés au visage et au cou sont doublés.,Die Effekte deiner Gesichtsbedeckung und Halsrüstung werden verdoppelt.,Gli effetti dei tuoi oggetti per viso e collo sono raddoppiati.,Os efeitos de seus itens de rosto e pescoço são dobrados.,,,顔と​首アイテム効果が​2倍。,
ARMOR_STUNNINGCHAIN_NAME,Stunning Chain,,Cadena deslumbrante,Chaîne époustouflante,Atemberaubende Halskette,Catena Sbalorditiva,Corrente Impressionante,,,見事な​チェーン,
ARMOR_STUNNINGCHAIN_DESC,Your head and face item effects are doubled.,,Se duplican los efectos de los objetos para la cabeza y la cara.,Les effets de vos objets équipés à la tête et au visage sont doublés.,Die Effekte deines Helms und deiner Gesichtsbedeckung werden verdoppelt.,Gli effetti dei tuoi oggetti per testa e viso sono raddoppiati.,Os efeitos de seus itens de cabeça e rosto são dobrados.,,,頭と​顔アイテム効果が​2倍。,
ARMOR_STUNNINGBEARD_NAME,Stunning Beard,,Barba deslumbrante,Barbe époustouflante,Atemberaubender Bart,Barba Sbalorditiva,Barba Impressionante,,,見事な​ヒゲ,
ARMOR_STUNNINGBEARD_DESC,Your head and neck item effects are doubled.,,Se duplican los efectos de los objetos para la cabeza y el cuello.,Les effets de vos objets équipés à la tête et au cou sont doublés.,Die Effekte deines Helms und deiner Halsrüstung werden verdoppelt.,Gli effetti dei tuoi oggetti per testa e collo sono raddoppiati.,Os efeitos de seus itens de cabeça e pescoço são dobrados.,,,頭と​首アイテム効果が​2倍。,
SETBONUS_STUNNING_NAME,Stunning Set Bonus!,,¡Bonificación de conjunto deslumbrante!,Bonus d'ensemble&nbsp;: époustouflant&nbsp;!,Setbonus: Atemberaubend!,Bonus Set: Sbalorditivo!,Bônus de Conjunto Impressionante!,,,見事セットボーナス!,
SETBONUS_STUNNING_DESC,Your weapon and trinket's passive and active effects are tripled.,,Se triplican los efectos activos y pasivos del arma y la baratija.,Les effets passifs et actifs de votre arme et de vos babioles sont triplés.,Die Passiv- und Aktiveffekte deiner Waffe und deines Zubehörs werden verdreifacht.,Gli effetti passivi e attivi di armi e ciondoli sono triplicati.,Os efeitos passivos e ativos de sua arma e de seu acessório são triplicados.,,,武器と​アクセサリーの​パッシブ・アクティブ効果が​3倍。[b][/b],
,,,,,,,,,,,
ARMOR_SUPERHEROMASK_NAME,Superhero Mask,,Máscara de superhéroe,Masque de super héros,Superheldenmaske,Maschera da Supereroe,Máscara de Super Herói,,,ヒーローの​仮面,
ARMOR_SUPERHEROMASK_DESC,"+1 Damage. Your basic attack knocks units into the air, lobbing them back 3 tiles.",,+1 de daño. El ataque básico lanza a las unidades por los aires y hace que retrocedan 3 casillas.,"Dégâts +1. Votre attaque de base projette les unités en l'air, leur fait subir Recul +3.",+1&nbsp;Schaden. Dein Grundangriff stößt Einheiten in die Luft und schleudert sie 3&nbsp;Felder zurück.,"+1 al Danno. Il tuo attacco base lancia le unità in aria, scagliandole indietro di 3 caselle.",+1 de dano. Seu ataque básico lança unidades no ar em um arco para empurrá-las 3 espaços para trás.,,,+1ダメージ。​通常攻撃が​ユニットを​空中に​打ち上げ、​3タイル後方に​投げ飛ばす。[b][/b],
ARMOR_SUPERHEROHAT_NAME,Superhero Hat,,Sombrero de superhéroe,Chapeau de super héros,Superheldenhut,Cappello da Supereroe,Chapéu de Super Herói,,,ヒーローの​帽子,
ARMOR_SUPERHEROHAT_DESC,+2 Health Regen.,,+2 de regeneración de salud.,Régénération de PV +2.,+2&nbsp;Lebensregeneration.,+2 a Rigenerazione Salute.,+2 de regeneração de saúde.,,,+2HP再生。,
ARMOR_SUPERHEROCAPE_NAME,Superhero Cape,,Capa de superhéroe,Cape de super héros,Superheldenumhang,Mantello da Supereroe,Capa de Super Herói,,,ヒーローの​マント,
ARMOR_SUPERHEROCAPE_DESC,Flying.,,Vuela.,Vol.,Du fliegst.,Volo.,Voador.,,,飛行。,
SETBONUS_SUPERHERO_NAME,Superhero Set Bonus!,,¡Bonificación de conjunto de superhéroe!,Bonus d'ensemble&nbsp;: héroïque&nbsp;!,Setbonus: Superheld!,Bonus Set: Supereroe!,Bônus de Conjunto de Super Herói!,,,ヒーローセットボーナス!,
SETBONUS_SUPERHERO_DESC,The first spell you cast each turn inflicts Webbed.,,El primer hechizo que esta unidad lanza cada turno inflige telaraña.,Le premier sort que vous lancez chaque tour inflige Toile.,"Der erste Zauber, den du in jedem Zug wirkst, verursacht Netz.",Il primo incantesimo che lanci ogni turno infligge Ragnatela.,O primeiro encantamento que você lança em cada turno aplica teia.,,,各ターン最初に​詠唱した​スペルが​蜘蛛の​糸を​付与。[b][/b],
,,,,,,,,,,,
SETBONUS_SURVIVALIST_NAME,Survivalist Set Bonus!,,¡Bonificación de conjunto de preparacionista!,Bonus d'ensemble&nbsp;: survivalisme&nbsp;!,Setbonus: Überlebenskünstler!,Bonus Set: Survivalista,Bônus de Conjunto de Sobrevivente!,,,サバイバリストセットボーナス!,
SETBONUS_SURVIVALIST_DESC,"Find a consumable item at the end of each battle.When you use up a consumable or trinket, equip a new consumable from your inventory if you have any.",,"Encuentra un objeto consumible al final de cada combate.Al gastar un consumible o baratija, se equipa con otro consumible del inventario, si lo hubiera.","Vous obtenez un objet consommable à la fin de chaque combat.Quand vous utilisez un consommable ou une babiole, un nouveau consommable de votre inventaire s'équipe si vous en possédez.","Finde am Ende jedes Kampfes einen Verbrauchsgegenstand.Wenn du einen Verbrauchsgegenstand oder Zubehör benutzt, rüstest du einen neuen Verbrauchsgegenstand aus deinem Inventar aus, falls du einen besitzt.","Trovi un oggetto consumabile alla fine di ogni battaglia.Quando usi un consumabile o un ciondolo, equipaggi un nuovo consumabile dall’inventario (se ne hai a disposizione).","Encontre um item consumível no final de cada batalha.Ao esgotar um consumível ou acessório, equipe um novo consumível do seu inventário, se possuir algum.",,,各バトル終了時に​消耗品を​発見。​消耗品または​アクセサリーを​使い切ると、​在庫が​あれば​新しい​消耗品を​装備。[b][/b],
,,,,,,,,,,,
ARMOR_TANKHELMET_NAME,Tank's Helmet,,Casco de tanque,Casque de tank,Tankhelm,Elmo del Corazzato,Capacete de Tanque,,,戦車兵の​ヘルメット,
ARMOR_TANKHELMET_DESC,+1 Knockback damage.,,+1 de daño de retroceso.,Dégâts de recul +1.,+1&nbsp;Rückstoßschaden.,+1 danno da Contraccolpo.,+1 de dano de empurrão.,,,+1ノックバックダメージ。,
ARMOR_TANKTATTOO_NAME,Tank's Tattoo,,Tatuaje de tanque,Tatouage de tank,Tanktattoo,Tatuaggio del Corazzato,Tatuagem de Tanque,,,戦車兵の​タトゥー,
ARMOR_TANKTATTOO_DESC,All Knockback inflicted by you is increased by 2.,,Todo el retroceso infligido aumenta en 2.,Vous infligez Recul +2.,"Rückstoß, den du verursachst, ist um 2&nbsp;erhöht.",Tutto il Contraccolpo da te inflitto aumenta di 2.,Todo empurrão que você causa é aumentado em 2.,,,付与する​ノックバックが​全て​+2増加。[b][/b],
ARMOR_TANKPADS_NAME,Tank's Pads,,Hombreras de tanque,Épaulettes de tank,Tankpolster,Protezioni del Corazzato,Ombreiras de Tanque,,,戦車兵の​パッド,
ARMOR_TANKPADS_DESC,Your knockback damage has a +10% chance to inflict Stun.,,El daño de retroceso tiene +10 % de probabilidad de aturdir.,Vos dégâts de recul ont +10&nbsp;% de chances d'infliger Étourdissement.,Dein Rückstoßschaden verursacht mit +10%iger Wahrscheinlichkeit Betäubung.,Il tuo danno da Contraccolpo ha un +10% di probabilità di infliggere Stordimento.,Seu dano de empurrão possui uma chance de 10% de aplicar atordoamento.,,,ノックバックダメージに​+10%スタン率。[b][/b],
SETBONUS_TANK_NAME,Tank Set Bonus!,,¡Bonificación de conjunto de tanque!,Bonus d'ensemble&nbsp;: tank&nbsp;!,Setbonus: Tank!,Bonus Set: Corazzato!,Bônus de Conjunto de Tanque!,,,戦車兵セットボーナス!,
SETBONUS_TANK_DESC,+1 Knockback damage.,,+1 de daño de retroceso.,Dégâts de recul +1.,+1&nbsp;Rückstoßschaden.,+1 danno da Contraccolpo.,+1 de dano de empurrão.,,,+1ノックバックダメージ。,
,,,,,,,,,,,
ARMOR_TENTACLEMASK_NAME,Face Tentacle,,Tentáculo facial,Tentacule facial,Gesichtstentakel,Tentacolo del Volto,Tentáculo de Rosto,,,顔の​触手,
ARMOR_TENTACLEMASK_DESC,Your basic attack has a +33% chance to inflict Entangle.,,El ataque básico tiene un 33 % de probabilidad de infligir enredo.,Votre attaque de base a +33&nbsp;% de chances d'infliger Emmêlement.,Dein Grundangriff verursacht mit +33%iger Wahrscheinlichkeit Verstrickt.,Il tuo attacco base ha un +33% di probabilità di infliggere Intrappolamento.,Seu ataque básico possui +33% de chance de aplicar embaraçamento.,,,通常攻撃に​+33%拘束率。,
ARMOR_TENTACLEHAT_NAME,Head Tentacle,,Tentáculo cefálico,Tentacule crânien,Kopftentakel,Tentacolo della Testa,Tentáculo de Cabeça,,,頭の​触手,
ARMOR_TENTACLEHAT_DESC,Your basic attack pulls you towards units or objects it hits.,,El ataque básico atrae a las unidades u objetos que golpea.,Votre attaque de base vous attire vers les unités ou objets qu'elle touche.,"Dein Grundangriff zieht dich an Einheiten oder Objekte, die er trifft, heran.",Il tuo attacco base ti trascina verso le unità o gli oggetti che colpisce.,Seu ataque básico puxa na sua direção unidades e objetos que acerta.,,,通常攻撃が​ユニットまたは​オブジェクトに​あなたを​引き寄せる。[b][/b],
ARMOR_TENTACLENECK_NAME,Back Tentacles,,Tentáculos traseros,Tentacules dorsaux,Rückententakel,Tentacoli della Schiena,Tentáculo de Costas,,,背中の​触手,
ARMOR_TENTACLENECK_DESC,Counterattack ranged attackers with a tentacle slap.,,Contrarresta a los atacantes a distancia con una bofetada tentacular.,Contre-attaque face aux attaques à distance à l'aide d'un tentacule.,Kontere Fernkämpfer mit einem Tentakelschlag.,Contrattacchi gli attaccanti a distanza con un colpo di tentacolo.,Contra-ataque agressores à distância com um tapa de tentáculo.,,,遠距離攻撃者に​触手ビンタで​カウンター。[b][/b],
SETBONUS_TENTACLE_NAME,Tentacle Set Bonus!,,¡Bonificación de conjunto de tentáculos!,Bonus d'ensemble&nbsp;: tentacule&nbsp;!,Setbonus: Tentakel!,Bonus Set: Tentacolo!,Bônus de Conjunto de Tentáculos!,,,触手セットボーナス!,
SETBONUS_TENTACLE_DESC,Cleanse all your debuffs at the end of each turn.,,Elimina todas las desventajas al final de cada turno.,Dissipe vos malus à la fin de chaque tour.,Reinige am Ende jedes Zuges all deine Schwächungen.,Rimuovi tutti i tuoi malus alla fine di ogni turno.,Purifique todos os seus enfraquecimentos no final de cada turno.,,,各ターン終了時に​全デ​バフを​浄化。[b][/b],
,,,,,,,,,,,
ARMOR_THIEFHOOD_NAME,Thief's Hood,,Capucha de ladrón,Capuche de fourbe,Diebeskapuze,Cappuccio del Ladro,Capuz de Ladrão,,,盗賊の​フード,
ARMOR_THIEFHOOD_DESC,+5% Dodge Chance and +5% Crit Chance.Your basic attack inflicts Bleed.,,+5 % de probabilidad de esquiva y +5 % de probabilidad de crítico.El ataque básico inflige hemorragia.,"Chances d'esquive +5&nbsp;%, Chances de coup critique +5&nbsp;%Votre attaque de base inflige Saignement.",+5&nbsp;% Ausweichchance und +5&nbsp;% kritische Trefferchance.Dein Grundangriff verursacht Blutung.,+5% di probabilità di schivata e +5% di probabilità di colpo critico.Il tuo attacco base infligge Sanguinamento.,+5% de chance de esquiva e +5% de chance de crítico.Seu ataque básico aplica sangramento.,,,+5%回避率と​+5%クリティカル率。​通常攻撃が​出血を​付与。[b][/b],
ARMOR_THIEFTATTOO_NAME,Thief's Tattoo,,Tatuaje de ladrón,Tatouage de fourbe,Diebestattoo,Tatuaggio del Ladro,Tatuagem de Ladrão,,,盗賊の​タトゥー,
ARMOR_THIEFTATTOO_DESC,+5% Dodge Chance and +5% Crit Chance.Your basic attack inflicts Poison.,,+5 % de probabilidad de esquiva y +5 % de probabilidad de crítico.El ataque básico inflige veneno.,"Chances d'esquive +5&nbsp;%, Chances de coup critique +5&nbsp;%Votre attaque de base inflige Poison.",+5&nbsp;% Ausweichchance und +&nbsp;5% kritische Trefferchance.Dein Grundangriff verursacht Gift.,+5% di probabilità di schivata e +5% di probabilità di colpo critico.Il tuo attacco base infligge Veleno.,+5% de chance de esquiva e +5% de chance de crítico.Seu ataque básico aplica veneno.,,,+5%回避率と​+5%クリティカル率。​通常攻撃が​毒を​付与。[b][/b],
ARMOR_THIEFCLOAK_NAME,Thief's Cloak,,Capa de ladrón,Cape de fourbe,Diebesumhang,Mantello del Ladro,Capa de Ladrão,,,盗賊の​マント,
ARMOR_THIEFCLOAK_DESC,+10% Dodge Chance and +10% Crit Chance.,,+10 % de probabilidad de esquiva y +10 % de probabilidad de crítico.,"Chances d'esquive +10&nbsp;%, Chances de coup critique +10&nbsp;%.",+10&nbsp;% Ausweichchance und +10&nbsp;% kritische Trefferchance.,+10% di probabilità di schivata e +10% di probabilità di colpo critico.,+10% de chance de esquiva e +10% de chance de crítico.,,,+10%回避率と​+10%クリティカル率。[b][/b],
SETBONUS_THIEF_NAME,Thief Set Bonus!,,¡Bonificación de conjunto de ladrón!,Bonus d'ensemble&nbsp;: fourbe&nbsp;!,Setbonus: Dieb!,Bonus Set: Ladro!,Bônus de Conjunto de Ladrão!,,,盗賊セットボーナス!,
SETBONUS_THIEF_DESC,+5% Dodge Chance and +5% Crit Chance.,,+5 % de probabilidad de esquiva y +5 % de probabilidad de crítico.,"Chances d'esquive +5&nbsp;%, Chances de coup critique +5&nbsp;%.",+5&nbsp;% Ausweichchance und +5&nbsp;% kritische Trefferchance.,+5% di probabilità di schivata e +5% di probabilità di colpo critico.,+5% de chance de esquiva e +5% de chance de crítico.,,,+5%回避率と​+5%クリティカル率。[b][/b],
,,,,,,,,,,,
ARMOR_THRUMMINGCIRCLET_NAME,Thrumming Circlet,,Diadema rítmica,Diadème résonnant,Klimpernder Haarreif,Cerchietto Risonante,Diadema Vibrante,,,脈動する​サークレット,
ARMOR_THRUMMINGCIRCLET_DESC,"If you end your turn without using your basic attack, gain +1 Damage and +1 Thorns.",,"Si termina el turno sin lanzar el ataque básico, obtiene +1 de daño y +1 de espinas.",Dégâts +1&nbsp;et Épines +1&nbsp;si vous terminez votre tour sans utiliser votre attaque de base.,"Wenn du deinen Zug beendest, ohne deinen Grundangriff verwendet zu haben, erhältst du +1&nbsp;Schaden und +1&nbsp;Dornen.","Se termini il tuo turno senza usare il tuo attacco base, ottieni +1 al Danno e +1 Spine.","Ao finalizar seu turno sem utilizar seu ataque básico, obtenha +1 de dano e +1 de espinhos.",,,通常攻撃を​使わずに​ターンを​終えると​+1ダメージと​+1棘を​獲得。[b][/b],
ARMOR_THRUMMINGCHARM_NAME,Thrumming Charm,,Amuleto rítmico,Breloque résonnante,Klimpernde Halskette,Amuleto Risonante,Amuleto Vibrante,,,脈動する​チャーム,
ARMOR_THRUMMINGCHARM_DESC,"If you end your turn without casting any spells, gain +1 Magic Damage and +1 Charge.",,"Si termina el turno sin lanzar ningún hechizo, obtiene +1 de daño mágico y +1 de carga.",Dégâts magiques +1&nbsp;et Charge +1&nbsp;si vous terminez votre tour sans utiliser de sort.,"Wenn du deinen Zug beendest, ohne einen Zauber gewirkt zu haben, erhältst du +1&nbsp;Magieschaden und +1&nbsp;Ladung.","Se termini il tuo turno senza lanciare incantesimi, ottieni +1 al Danno Magico e +1 Carica.","Ao finalizar seu turno sem lançar nenhum encantamento, obtenha +1 de dano mágico e +1 carga.",,,スペルを​詠唱せずに​ターンを​終えると​+1魔法ダメージと​+1チャージを​獲得。[b][/b],
ARMOR_THRUMMINGSPECTACLES_NAME,Thrumming Spectacles,,Lentes rítmicas,Lunettes résonnantes,Klimpernde Brille,Occhiali Risonanti,Óculos Vibrantes,,,脈動する​眼鏡,
ARMOR_THRUMMINGSPECTACLES_DESC,"If you end your turn without using your movement action, gain +1 Health Regen and +1 [img:shield].",,"Si termina el turno sin usar la acción de movimiento, obtiene +1 de regeneración de salud y +1 [img:shield].",Régénération de PV +1&nbsp;et [img:shield] +1&nbsp;si vous terminez votre tour sans utiliser votre action de déplacement.,"Wenn du deinen Zug beendest, ohne dich bewegt zu haben, erhältst du +1&nbsp;Lebensregeneration und +1&nbsp;[img:shield].","Se termini il tuo turno senza usare la tua azione di movimento, ottieni +1 a Rigenerazione Salute e +1 allo [img:shield].","Ao finalizar seu turno sem utilizar nenhuma ação de movimento, obtenha +1 de regeneração de saúde e +1 de [img:shield].",,,移動アクションを​使わずに​ターンを​終えると​+1HP再生と​+1 [img:shield]を​獲得。,
SETBONUS_THRUMMING_NAME,Thrumming Set Bonus!,,¡Bonificación de conjunto rítmico!,Bonus d'ensemble&nbsp;: résonnant&nbsp;!,Setbonus: Klimpernde Rüstung!,Bonus Set: Risonanza!,Bônus de Conjunto Vibrante!,,,脈動セットボーナス!,
SETBONUS_THRUMMING_DESC,"If you end your turn without using your basic attack, movement action, or casting a spell, gain All Stats Up.",,"Si termina el turno sin usar el ataque básico, la acción de movimiento ni ningún hechizo, obtiene aumento total.","Hausse de stats si vous terminez votre tour sans utiliser d'attaque de base, d'action de déplacement ou de sort.","Wenn du deinen Zug beendest, ohne deinen Grundangriff, deine Bewegungsaktion und ohne einen Zauber gewirkt zu haben, erhältst du einen Bonus auf alle Attribute.","Se termini il tuo turno senza usare l'attacco base, l'azione di movimento o lanciare un incantesimo, ottieni Aumento delle Statistiche.","Ao finalizar seu turno sem utilizar seu ataque básico, sua ação de movimento ou lançar um encantamento obtenha todos os atributos aumentados.",,,通常攻撃、​移動アクション、​スペル詠唱を​行わずに​ターンを​終えると​全ステータス上昇を​獲得。[b][/b],
,,,,,,,,,,,
ARMOR_SCRAPPERSHAT_NAME,Scrapper's Hat,,Gorro de chatarrero,Chapeau du ferrailleur,Schrottsammlerhut,Cappello del Rottamatore,Chapéu de Sucateiro,,,修理工の​帽子,
ARMOR_SCRAPPERSHAT_DESC,"When you break an item, spawn 3 random pickups.",,"Al romper un objeto, esta unidad genera 3 recogibles al azar.",3&nbsp;ressources aléatoires apparaissent quand vous brisez un objet.,"Lasse 3 zufällige Gegenstände erscheinen, wenn du einen Gegenstand kaputtmachst.","Quando rompi un oggetto, generi 3 raccoglibili casuali.","Ao quebrar um item, gere 3 coletáveis aleatórios.",,,アイテムを​壊すと​3個の​ランダムピックアップを​生成。[b][/b],
ARMOR_SCRAPPERSMASK_NAME,Scrapper's Mask,,Máscara de chatarrero,Masque du ferrailleur,Schrottsammlermaske,Maschera del Rottamatore,Máscara de Sucateiro,,,修理工の​仮面,
ARMOR_SCRAPPERSMASK_DESC,"When you break an item, gain +3 [img:shield].",,"Al romper un objeto, obtiene +3 [img:shield].",[img:shield] +3&nbsp;quand vous brisez un objet.,"Erhalte +3&nbsp;[img:shield], wenn du einen Gegenstand kaputtmachst.","Quando rompi un oggetto, ottieni +3 allo [img:shield].","Ao quebrar um item, obtenha +3 de [img:shield].",,,アイテムを​壊すと​+3 [img:shield]を​獲得。,
ARMOR_SCRAPPERSBACKPACK_NAME,Scrapper's Backpack,,Mochila de chatarrero,Sac du ferrailleur,Schrottsammlerrucksack,Zaino del Rottamatore,Mochila de Sucateiro,,,修理工の​バックパック,
ARMOR_SCRAPPERSBACKPACK_DESC,"When you break an item, recover it at the end of the battle with 1 durability.[s:.7](Excludes temporary items)[/s]",,"Al romper un objeto, lo recupera al final del combate con 1 de durabilidad.[s:.7](Se excluyen los objetos temporales).[/s]","À la fin du combat, votre objet brisé est réparé avec 1&nbsp;de durabilité.[s:.7](À l'exception des objets temporaires.)[/s]","Wenn du einen Gegenstand kaputtmachst, erhältst du ihn am Ende des Kampfes mit 1&nbsp;Haltbarkeit zurück.[s:.7](Vorübergehende Gegenstände sind ausgenommen.)[/s]","Quando rompi un oggetto, lo recuperi alla fine della battaglia con 1 di durabilità.[s:.7](Esclude gli oggetti temporanei)[/s]","Ao quebrar um item, recupere-o no final da batalha com 1 de durabilidade..[s:.7](Exclui itens temporários)[/s]",,,アイテムを​壊すと​バトル終了時に​耐久1で​回収。[s:.7](一時アイテムを​除く)[/s],
SETBONUS_TINKERER_NAME,Tinkerer Set Bonus!,,¡bonificación de conjunto de manitas!,Bonus d'ensemble&nbsp;: bricolo&nbsp;!,Setbonus: Bastler!,Bonus Set: Inventore!,Bônus de Conjunto de Artífice!,,,修理工セットボーナス!,
SETBONUS_TINKERER_DESC,Spawn 4 Scrap pickups at the start of each battle.,,Genera 4 recogibles de chatarra al inicio de cada combate.,Fait apparaître 4&nbsp;morceaux de ferraille au début de chaque combat.,Lasse am Anfang jedes Kampfes 4-mal Schrott erscheinen.,Generi 4 raccoglibili Rottami all'inizio di ogni battaglia.,Gere 4 coletáveis de sucata no início de cada batalha.,,,各バトル開始時に​スクラップピックアップを​4個生成。[b][/b],
,,,,,,,,,,,
ARMOR_PROTECTIONTRANSMITTER_NAME,Protection Transmitter,,Transmisor de protección,Émetteur de défense,Schutztransmitter,Trasmettitore di Protezione,Transmissor de Proteção,,,防御トランスミッター,
ARMOR_PROTECTIONTRANSMITTER_DESC,Bruise 2.All allies gain Brace 1.,,2 de moratón.Todos los aliados obtienen 1 de refuerzo.,Contusion +2.Les alliés bénéficient de Garde +1.,Beulen&nbsp;2.Alle Verbündeten erhalten Wappnen&nbsp;1.,Livido 2.Tutti gli alleati ottengono Guardia 1.,Contusão 2.Todos os aliados obtêm preparação 1.,,,打撲2。​全味方が​ガード1を​獲得。[b][/b],
ARMOR_DAMAGETRANSMITTER_NAME,Damage Transmitter,,Transmisor de daño,Émetteur d'attaque,Schadenstransmitter,Trasmettitore di Danno,Transmissor de Dano,,,攻撃トランスミッター,
ARMOR_DAMAGETRANSMITTER_DESC,-2 Damage.All allies gain +1 Damage.,,-2 de daño.Todos los aliados obtienen +1 de daño.,Dégâts -2.Les alliés bénéficient de Dégâts +1.,-2&nbsp;Schaden.Alle Verbündeten erhalten +1&nbsp;Schaden.,-2 al Danno.Tutti gli alleati ottengono +1 al Danno.,-2 de dano.Todos os aliados obtêm +1 de dano.,,,-2ダメージ。​全味方が​+1ダメージを​獲得。[b][/b],
ARMOR_ENERGYTRANSMITTER_NAME,Energy Transmitter,,Transmisor de energía,Émetteur d'énergie,Energietransmitter,Trasmettitore di Energia,Transmissor de Energia,,,エネルギートランスミッター,
ARMOR_ENERGYTRANSMITTER_DESC,All allies gain +2 [img:spd].,,Todos los aliados obtienen +2 [img:spd].,Les alliés bénéficient de [img:spd] +2.,Alle Verbündeten erhalten +2&nbsp;[img:spd].,Tutti gli alleati ottengono +2 alla [img:spd].,Todos os aliados obtêm +2 de [img:spd].,,,全味方が​+2 [img:spd]を​獲得。,
SETBONUS_TRANSMITTER_NAME,Transmitter Set Bonus!,,¡Bonificación de conjunto de transmisor!,Bonus d'ensemble&nbsp;: émetteur&nbsp;!,Setbonus: Transmitter!,Bonus Set: Trasmettitore!,Bônus de Conjunto Transmissor!,,,トランスミッターセットボーナス!,
SETBONUS_TRANSMITTER_DESC,All allies gain +1 [img:int] and +1 [img:lck].,,Todos los aliados obtienen +1 [img:int] y +1 [img:lck].,Les alliés bénéficient de [img:int] +1&nbsp;et [img:lck] +1.,Alle Verbündeten erhalten +1&nbsp;[img:int] und +1&nbsp;[img:lck].,Tutti gli alleati ottengono +1 all'[img:int] e +1 alla [img:lck].,Todos os aliados obtêm +1 de [img:int] e +1 de [img:lck].,,,全味方が​+1 [img:int]と​+1 [img:lck]を​獲得。,
,,,,,,,,,,,
ARMOR_TWINEHAT_NAME,Twine Hat,,Gorro de cuerda,Chapeau tressé,Garnhut,Cappello di Spago,Chapéu de Barbante,,,縄の​帽子,
ARMOR_TWINEHAT_DESC,+50% chance to Grapple units that contact you.Flammable.,,+50 % de probabilidad de sujetar a las unidades que entren en contacto con esta.Inflamable.,+50&nbsp;% de chances d'agripper les unités qui vous touchent.Inflammable.,"+50&nbsp;% Wahrscheinlichkeit Einheiten zu packen, die dich berühren.Leicht brennbar.",+50% di probabilità di agganciare le unità che ti toccano.Infiammabile.,+50% de chance de agarrar unidades que entrarem em contato com você.Inflamável.,,,接触ユニットを​+50%の​確率で​グラップル。​可燃性。[b][/b],
ARMOR_TWINEMASK_NAME,Twine Mask,,Máscara de cuerda,Masque tressé,Garnmaske,Maschera di Spago,Máscara de Barbante,,,縄の​仮面,
ARMOR_TWINEMASK_DESC,+50% chance to Grapple units that contact you.Flammable.,,+50 % de probabilidad de sujetar a las unidades que entren en contacto con esta.Inflamable.,+50&nbsp;% de chances d'agripper les unités qui vous touchent.Inflammable.,"+50&nbsp;% Wahrscheinlichkeit Einheiten zu packen, die dich berühren.Leicht brennbar.",+50% di probabilità di agganciare le unità che ti toccano.Infiammabile.,+50% de chance de agarrar unidades que entrarem em contato com você.Inflamável.,,,接触ユニットを​+50%の​確率で​グラップル。​可燃性。[b][/b],
ARMOR_TWINEARMOR_NAME,Twine Armor,,Armadura de cuerda,Armure tressée,Garnrüstung,Armatura di Spago,Armadura de Barbante,,,縄の​鎧,
ARMOR_TWINEARMOR_DESC,+50% chance to Grapple units that contact you.Flammable.,,+50 % de probabilidad de sujetar a las unidades que entren en contacto con esta.Inflamable.,+50&nbsp;% de chances d'agripper les unités qui vous touchent.Inflammable.,"+50&nbsp;% Wahrscheinlichkeit Einheiten zu packen, die dich berühren.Leicht brennbar.",+50% di probabilità di agganciare le unità che ti toccano.Infiammabile.,+50% de chance de agarrar unidades que entrarem em contato com você.Inflamável.,,,接触ユニットを​+50%の​確率で​グラップル。​可燃性。[b][/b],
SETBONUS_TWINE_NAME,Twine Set Bonus!,,¡Bonificación de conjunto de cuerda!,Bonus d'ensemble&nbsp;: tressé&nbsp;!,Setbonus: Garn!,Bonus Set: Spago!,Bônus de Conjunto de Barbante!,,,縄セットボーナス!,
SETBONUS_TWINE_DESC,+10% Dodge Chance.Bruise units that contact you.,,+10 % de probabilidad de esquiva.Inflige moratón a las unidades que entren en contacto con esta.,Chances d'esquive +10&nbsp;%.Inflige Contusion aux unités qui vous touchent.,"+10&nbsp;% Ausweichchance.Verursache Beulen bei Einheiten, die dich berühren.",+10% di probabilità di schivata.Infliggi Livido alle unità che ti toccano.,+10% de chance de esquiva.Aplique contusão em unidades que entrarem em contato com você.,,,+10%回避率。​接触ユニットに​打撲を​付与。[b][/b],
,,,,,,,,,,,
ARMOR_USEDHAT_NAME,Used Hat,,Gorro usado,Chapeau usé,Gebrauchter Hut,Cappello di Seconda Mano,Chapéu Usado,,,古帽子,
ARMOR_USEDHAT_DESC,,,,,,,,,,,
ARMOR_USEDMASK_NAME,Used Glasses,,Gafas usadas,Lunettes usées,Gebrauchte Brille,Occhiali di Seconda Mano,Óculos Usados,,,古眼鏡,
ARMOR_USEDMASK_DESC,,,,,,,,,,,
ARMOR_USEDARMOR_NAME,Used Shirt,,Camisa usada,Tee-shirt usé,Gebrauchtes Hemd,Maglietta di Seconda Mano,Camisa Usada,,,古シャツ,
ARMOR_USEDARMOR_DESC,,,,,,,,,,,
SETBONUS_USED_NAME,Used Set Bonus!,,¡Bonificación de conjunto usado!,Bonus d'ensemble&nbsp;: usé&nbsp;!,Setbonus: Gebrauchte Rüstung!,Bonus Set: Seconda Mano!,Bônus de Conjunto Usado!,,,中古セットボーナス!,
SETBONUS_USED_DESC,,,,,,,,,,,
,,,,,,,,,,,
ARMOR_VEINYHAT_NAME,Veiny Hat,,Gorro venoso,Chapeau veineux,Adriger Hut,Cappello Venoso,Chapéu Veiudo,,,静脈の​帽子,
ARMOR_VEINYHAT_DESC,"When you damage a Bleeding unit, gain +1 [img:spd].",,"Al infligir daño a una unidad con hemorragia, esta obtiene +1 [img:spd].",[img:spd] +1&nbsp;quand vous infligez des dégâts à une unité avec Saignement.,"Du erhältst +1&nbsp;[img:spd], wenn du einer blutenden Einheit Schaden zufügst.","Quando infliggi danno a un'unità con Sanguinamento, ottieni +1 alla [img:spd].","Ao causar dano a uma unidade com sangramento, obtenha +1 de [img:spd].",,,出血ユニットに​ダメージを​与えると​+1 [img:spd]を​獲得。,
ARMOR_VEINYMASK_NAME,Veiny Mask,,Máscara venosa,Masque veineux,Adrige Maske,Maschera Venosa,Máscara Veiuda,,,静脈の​仮面,
ARMOR_VEINYMASK_DESC,"When you damage a Bleeding unit, gain +1 [img:str].",,"Al infligir daño a una unidad con hemorragia, esta obtiene +1 [img:str].",[img:str] +1&nbsp;quand vous infligez des dégâts à une unité avec Saignement.,"Du erhältst +1&nbsp;[img:str], wenn du einer blutenden Einheit Schaden zufügst.","Quando infliggi danno a un'unità con Sanguinamento, ottieni +1 alla [img:str].","Ao causar dano a uma unidade com sangramento, obtenha +1 de [img:str].",,,出血ユニットに​ダメージを​与えると​+1 [img:str]を​獲得。,
ARMOR_VEINYARMOR_NAME,Veiny Necklace,,Gargantilla venosa,Collier veineux,Adrige Halskette,Collana Venosa,Colar Veiudo,,,静脈の​ネックレス,
ARMOR_VEINYARMOR_DESC,"When you damage a Bleeding unit, heal 3 HP.",,"Al infligir daño a una unidad con hemorragia, esta recupera 3 PS.",Vous rend 3&nbsp;PV quand vous infligez des dégâts à une unité avec Saignement.,"Du heilst dich um 3&nbsp;LP, wenn du einer blutenden Einheit Schaden zufügst.","Quando infliggi danno a un'unità con Sanguinamento, recuperi 3 PS.","Ao causar dano a uma unidade com sangramento, cure 3 PV.",,,出血ユニットに​ダメージを​与えると​3HP回復。[b][/b],
SETBONUS_VEINY_NAME,Veiny Set Bonus!,,¡Bonificación de conjunto venoso!,Bonus d'ensemble&nbsp;: veineux&nbsp;!,Setbonus: Adrige Rüstung!,Bonus Set: Venoso!,Bônus de Conjunto Veiudo!,,,静脈セットボーナス!,
SETBONUS_VEINY_DESC,"Your basic attack inflicts Bleed. Whenever you inflict Bleed, trigger Bleed damage immediately.",,"El ataque básico inflige hemorragia. Al infligirla, se activa inmediatamente el daño de hemorragia.","Votre attaque de base inflige Saignement. Quand vous infligez Saignement, les dégâts dus à Saignement sont subis immédiatement.","Dein Grundangriff verursacht Blutung. Immer, wenn du eine Blutung verursachst, wird Blutungsschaden sofort ausgelöst.","Il tuo attacco base infligge Sanguinamento. Ogni volta che infliggi Sanguinamento, attivi immediatamente il danno da Sanguinamento.","Seus ataques básicos aplicam sangramento. Sempre que aplicar sangramento, ative o dano de sangramento imediatamente.",,,通常攻撃が​出血を​付与。​出血を​付与した​時、​即座に​出血ダメージが​発動。[b][/b],
,,,,,,,,,,,
ARMOR_WITCHESHAT_NAME,Witch's Hat,,Sombrero de bruja,Chapeau de sorcière,Hexenhut,Cappello della Strega,Chapéu de Bruxa,,,魔女の​帽子,
ARMOR_WITCHESHAT_DESC,+1 Magic Damage.,,+1 de daño mágico.,Dégâts magiques +1.,+1&nbsp;magischer Schaden.,+1 al Danno Magico.,+1 de dano mágico.,,,+1魔法ダメージ。,
ARMOR_WITCHESNOSE_NAME,Witch's Nose,,Nariz de bruja,Nez de sorcière,Hexennase,Naso della Strega,Nariz de Bruxa,,,魔女の​鼻,
ARMOR_WITCHESNOSE_DESC,+1 Magic Damage.,,+1 de daño mágico.,Dégâts magiques +1.,+1&nbsp;magischer Schaden.,+1 al Danno Magico.,+1 de dano mágico.,,,+1魔法ダメージ。,
ARMOR_WITCHESCAPE_NAME,Witch's Cape,,Capa de bruja,Cape de sorcière,Hexenumhang,Mantello della Strega,Capa de Bruxa,,,魔女の​マント,
ARMOR_WITCHESCAPE_DESC,+1 Magic Damage.,,+1 de daño mágico.,Dégâts magiques +1.,+1&nbsp;magischer Schaden.,+1 al Danno Magico.,+1 de dano mágico.,,,+1魔法ダメージ。,
SETBONUS_WITCH_NAME,Witch Set Bonus!,,¡Bonificación de conjunto de bruja!,Bonus d'ensemble&nbsp;: sorcière&nbsp;!,Setbonus: Hexenrüstung!,Bonus Set: Strega!,Bônus de Conjunto de Bruxa!,,,魔女セットボーナス!,
SETBONUS_WITCH_DESC,Your movement action becomes a Jump with infinite range.Your tile-targeted spells have infinite range.,,La acción de movimiento se convierte en un salto con alcance infinito.Los hechizos que pueden marcar casillas como objetivo tienen alcance infinito.,Votre action de déplacement se change en Saut à portée infinie.Vos sorts ciblant une case ont une portée infinie.,"Deine Bewegungsaktion wird zu einem Sprung mit unendlicher Reichweite.Deine Zauber, die auf ein Einzelfeld zielen, haben unendliche Reichweite.",La tua azione di movimento diventa un Salto con raggio d'azione infinito.I tuoi incantesimi con delle caselle come bersaglio hanno raggio d'azione infinito.,Sua ação de movimento se torna um salto com alcance infinito.Seus encantamentos direcionados a espaços possuem alcance infinito.,,,移動アクションが​無限射程の​ジャンプに​なる。​タイル指定スペルが​無限射程に​なる。[b][/b],
,,,,,,,,,,,
ARMOR_WOODHAT_NAME,Wood Hat,,Sombrero de madera,Chapeau en bois,Holzhut,Cappello di Legno,Chapéu de Madeira,,,木の​帽子,
ARMOR_WOODHAT_DESC,"+1 Thorns.Fragile, Flammable.",,"+1 de espinas.Frágil, inflamable.","Épines +1.Fragile, Inflammable.","+1&nbsp;Dornen.Zerbrechlich, Leicht brennbar.","+1 Spine.Fragile, Infiammabile.","+1 de espinhos.Frágil, inflamável.",,,+1棘。​壊れやすい、​可燃性。[b][/b],
ARMOR_WOODMASK_NAME,Wood Mask,,Máscara de madera,Masque en bois,Holzmaske,Maschera di Legno,Máscara de Madeira,,,木の​仮面,
ARMOR_WOODMASK_DESC,"+1 Thorns.Fragile, Flammable.",,"+1 de espinas.Frágil, inflamable.","Épines +1.Fragile, Inflammable.","+1&nbsp;Dornen.Zerbrechlich, Leicht brennbar.","+1 Spine.Fragile, Infiammabile.","+1 de espinhos.Frágil, inflamável.",,,+1棘。​壊れやすい、​可燃性。[b][/b],
ARMOR_WOODARMOR_NAME,Wood Shoulder Pads,,Hombreras de madera,Épaulettes en bois,Holzschulterpolster,Spalline di Legno,Ombreiras de Madeira,,,木の​ショルダーパッド,
ARMOR_WOODARMOR_DESC,"+1 Thorns.Fragile, Flammable.",,"+1 de espinas.Frágil, inflamable.","Épines +1.Fragile, Inflammable.","+1&nbsp;Dornen.Zerbrechlich, Leicht brennbar.","+1 Spine.Fragile, Infiammabile.","+1 de espinhos.Frágil, inflamável.",,,+1棘。​壊れやすい、​可燃性。[b][/b],
SETBONUS_WOOD_NAME,Wood Set Bonus!,,¡Bonificación de conjunto de madera!,Bonus d'ensemble&nbsp;: bois&nbsp;!,Setbonus: Holzrüstung!,Bonus Set: Legno!,Bônus de Conjunto de Madeira!,,,木セットボーナス!,
SETBONUS_WOOD_DESC,+1 Brace. Wood Set Pieces are no longer Fragile.,,+1 de refuerzo. Las piezas de madera ya no sufren fragilidad.,Garde +1. Les éléments d'ensemble en bois ne sont plus Fragiles.,+1&nbsp;Wappnen. Holzsetgegenstände sind nicht mehr zerbrechlich.,+1 alla Guardia. I pezzi del set Legno non sono più fragili.,+1 de preparação. Peças do conjunto de madeira não são mais frágeis.,,,+1ガード。​木セットピースは​壊れやすくなくなる。[b][/b],
,,,,,,,,,,,
ARMOR_SABERTOOTHEDHAT_NAME,Sabertooth Hat,,Sombrero de dientes de sable,Chapeau smilodon,Säbelzahnhut,Cappello dello Smilodonte,Chapéu de Dentes-de-Sabre,,,サーベルタイガーの​帽子,
ARMOR_SABERTOOTHEDHAT_DESC,+2 Thorns. Ice immunity.,,+2 de espinas. Inmunidad al hielo.,Épines +2. Immunité à la glace.,+2&nbsp;Dornen. Immun gegen Eis.,+2 Spine. Immunità al Ghiaccio.,+2 de espinhos. Imunidade contra gelo.,,,+2棘。​氷無効。,
ARMOR_CAVEMANBEARD_NAME,Wooly Beard,,Barba lanuda,Barbe laineuse,Wollhaarbart,Barba Lanosa,Barba Lanosa,,,羊毛の​ヒゲ,
ARMOR_CAVEMANBEARD_DESC,Brace 2. Ice immunity.,,2 de refuerzo. Inmunidad al hielo.,Garde +2. Immunité à la glace.,Wappnen&nbsp;2. Immun gegen Eis.,Guardia 2. Immunità al Ghiaccio.,Preparação 2. Imunidade contra gelo.,,,ガード2。​氷無効。,
ARMOR_SABERTOOTHEDPELT_NAME,Sabertooth Pelt,,Piel de dientes de sable,Fourrure de smilodon,Säbelzahnpelz,Pelle dello Smilodonte,Pele de Dentes-de-Sabre,,,サーベルタイガーの​毛皮,
ARMOR_SABERTOOTHEDPELT_DESC,+2 Health Regen. Ice immunity.,,+2 de regeneración de salud. Inmunidad al hielo.,Régénération de PV +2. Immunité à la glace.,+2&nbsp;Lebensregeneration. Immun gegen Eis.,+2 a Rigenerazione Salute. Immunità al Ghiaccio.,+2 de regeneração de saúde. Imunidade contra gelo.,,,+2HP再生。​氷無効。,
SETBONUS_WOOLLY_NAME,Wooly Set Bonus!,,¡Bonificación de conjunto lanudo!,Bonus d'ensemble&nbsp;: laineux&nbsp;!,Setbonus: Wollhaarrüstung!,Bonus Set: Lanoso!,Bônus de Conjunto Lanoso!,,,ウーリーセットボーナス!,
SETBONUS_WOOLLY_DESC,Start with a Charmed Mammoth Baby.,,Empieza con una cría de mamut embrujada.,Vous débutez avec un bébé mammouth envoûté.,Beginne jeden Kampf mit einem freundlichen Mammutbaby.,Inizi con un Cucciolo di Mammut Ammaliato.,Inicie com um mamute bebê enfeitiçado.,,,魅了された​マンモスの​赤ちゃんと​共に​開始。[b][/b],
,,,,,,,,,,,
,,,,,,,,,,,
//parasites,,,,,,,,,,,
ARMOR_ANGRYWORM_NAME,Angry Worm,,Lombriz furiosa,Ver enragé,Wütender Wurm,Verme Arrabbiato,Verme Irritado,,,怒りの​ワーム,
ARMOR_ANGRYWORM_DESC,Your basic attack hits an extra time for 1 damage.,,El ataque básico golpea otra vez con 1 de daño.,"Votre attaque de base frappe une fois de plus, infligeant 1&nbsp;dégât.",Dein Grundangriff trifft ein zusätzliches Mal mit 1&nbsp;Schaden.,Il tuo attacco base colpisce una volta in più e infligge 1 danno.,Seu ataque básico golpeia uma vez adicional para causar 1 de dano.,,,通常攻撃が​1ダメージで​追加ヒット。[b][/b],
ARMOR_BEANPARASITE_NAME,Bean Parasite,,Alubia parásita,Parasite haricot,Bohnenparasit,Parassita dei Fagioli,Parasita de Feijão,,,豆寄生虫,
ARMOR_BEANPARASITE_DESC,Confusion 99.,,99 de confusión.,Confusion 99.,Verwirrung&nbsp;99.,Confusione 99.,Confusão 99.,,,混乱99。,
ARMOR_BEEPIS_NAME,Beepis,,Beepis,Bipis,Beepis,Beepis,Beepis,,,ビーピス,
ARMOR_BEEPIS_DESC,Your passives are duplicated during battle.Your spells cost +2 mana and can only be used once per turn.,,Sus pasivas se duplican en combate.Sus hechizos cuestan +2 de maná y solo pueden lanzarse una vez por turno.,"En combat, vos passifs sont dupliqués.Vos sorts coûtent +2&nbsp;mana et ne peuvent être utilisés qu'une fois par tour.",Deine Passiveffekte sind während des Kampfes verdoppelt.Deine Zauber kosten +2&nbsp;Mana und können nur einmal pro Zug verwendet werden.,Le tue abilità passive vengono duplicate durante la battaglia.I tuoi incantesimi costano +2 mana e possono essere usati solo una volta per turno.,Suas habilidades passivas são duplicadas durante a batalha.Seus encantamentos custam +2 de mana e só podem ser utilizados uma vez por turno.,,,パッシブが​バトル中に​複製。​スペルコスト+2、​ターン1回のみ​使用可能。[b][/b],
ARMOR_BESTBUD_NAME,Best Bud,,Coleguita,Meilleur ami,Bester Kumpel,Miglior Amico,Melhor Amigo,,,親友,
ARMOR_BESTBUD_DESC,"10% chance to break when you take damage.When this breaks, gain a permanent Leech familiar.",,"10 % de probabilidad de romperse al sufrir daño.Cuando se rompe, esta unidad obtiene un familiar sanguijuela permanente.","10&nbsp;% de chances de se briser quand vous subissez des dégâts.Brisé, vous obtenez une sangsue de compagnie de façon permanente.","Geht mit 10%iger Wahrscheinlichkeit kaputt, wenn du Schaden erleidest.Wenn dieser Gegenstand kaputtgeht, erhältst du dauerhaft einen Blutegelbegleiter.","10% di probabilità di rompersi quando subisci danno.Quando si rompe, ottieni un famiglio Sanguisuga permanente.","10% de chance de quebrar ao sofrer dano.Quando este item se quebrar, obtenha um familiar sanguessuga permanente.",,,ダメージを​受けると​10%の​確率で​壊れる。​壊れると​永続の​吸血使い魔を​獲得。[b][/b],
ARMOR_COOTIES_NAME,Cooties,,Pipis,Morpions,Seuche,Pidocchietti,Piolhos,,,シラミ,
ARMOR_COOTIES_DESC,"Your basic attack inflicts Weakness, Rot and Infested.",,"El ataque básico inflige debilidad, putrefacción e infestación.","Votre attaque de base inflige Vulnérabilité, Décomposition et Infestation.","Dein Grundangriff verursacht Schwäche, Fäulnis und Infiziert.","Il tuo attacco base infligge Debolezza, Putrefazione e Infestato.","Seu ataque básico aplica fraqueza, apodrecimento e infestação.",,,通常攻撃が​衰弱、​腐敗、​寄生を​付与。[b][/b],
ARMOR_CORDYCEPS_NAME,Cordyceps,,Cordyceps,Cordyceps,Cordyceps,Cordyceps,Cordyceps,,,冬虫夏草,
ARMOR_CORDYCEPS_DESC,30% chance to gain +2 [img:spd] and become AI controlled at the start of your turn.,,30 % de probabilidad de obtener +2 [img:spd] y pasa a estar bajo control de la IA al inicio del turno.,30&nbsp;% de chances d'obtenir [img:spd] +2&nbsp;et que l'IA prenne le contrôle au début de votre tour.,"30%ige Wahrscheinlichkeit, am Anfang des Zuges +2&nbsp;[img:spd] zu erhalten und computergesteuert zu werden.",30% di probabilità di ottenere +2 alla [img:spd] e di essere sotto controllo dell'IA all'inizio del tuo turno.,30% de chance de obter +2 de [img:spd] e ficar sob controle do computador no início do seu turno.,,,ターン開始時に​30%の​確率で​+2 [img:spd]を​獲得しAI制御に​なる。,
ARMOR_CUNCH_NAME,Cunch,,Cunch,Conque,Kantsch,Cuncho,Cunch,,,クランチ,
ARMOR_CUNCH_DESC,You can use your basic attack and movement action an extra time each turn.Your passives are disabled during battle.,,Puede lanzar el ataque básico y usar la acción de movimiento otra vez cada turno.Las pasivas se deshabilitan durante el combate.,Vous pouvez utiliser votre attaque de base et votre action de déplacement une fois de plus chaque tour.Vos passifs sont désactivés durant le combat.,Du kannst deinen Grundangriff und deine Bewegungsaktion ein zusätzliches Mal pro Zug verwenden.Deine Passiveffekte sind während des Kampfes deaktiviert.,Puoi usare il tuo attacco base e l'azione di movimento una volta in più ogni turno.Le tue abilità passive sono disattivate durante la battaglia.,Você pode utilizar seu ataque básico e sua ação de movimento uma vez adicional por turno.Suas habilidades passivas são desabilitadas durante a batalha.,,,通常攻撃と​移動アクションを​各ターン追加1回​使用可能。​パッシブが​バトル中無効。[b][/b],
ARMOR_CYMOTHOAEXIGUA_NAME,Cymothoa Exigua,,Cymothoa exigua,Pou mange-langue,Cymothoa Exigua,Cymothoa Exigua,Cymothoa Exigua,,,ウオノエ,
ARMOR_CYMOTHOAEXIGUA_DESC,,,,,,,,,,,
ARMOR_EYEWORM_NAME,Eye Worm,,Lombriz ocular,Ver oculaire,Augenwurm,Verme dell'Occhio,Verme de Olho,,,目の​ワーム,
ARMOR_EYEWORM_DESC,+10% Miss Chance. 75% chance to equip a piece of Grub armor at the start of each battle.This will destroy any armor it replaces.,,+10 % de probabilidad de fallo. 75 % de probabilidad de equiparse con una pieza de armadura de larva al inicio de cada combate.Esto destruye cualquier armadura que sustituya.,Risques d'échec +10&nbsp;%. 75&nbsp;% de chances d'équiper un élément d'armure de l'ensemble larve au début de chaque combat.Détruit l'élément d'armure remplacé.,"+10&nbsp;% Wahrscheinlichkeit, dass Angriffe verfehlen. 75%ige Wahrscheinlichkeit, am Anfang jedes Kampfes ein Madenrüstungsstück auszurüsten.Zerstört das Rüstungsstück, das es ersetzt.",+10% di probabilità di mancare il bersaglio. 75% di probabilità di equipaggiare un pezzo di armatura Baco all'inizio di ogni battaglia.Distruggerà qualsiasi armatura che sostituisce.,+10% de chance de erro. 75% de chance de equipar uma peça de armadura de larva no início de cada batalha.Isto destrói qualquer armadura que seja substituída.,,,+10%ミス率。​各バトル開始時に​75%の​確率で​グラブ防具を​装備。​装備すると​置き換えた​防具を​破壊。[b][/b],
ARMOR_FEEBIS_NAME,Feebis,,Feebis,Fibis,Feebis,Feebis,Feebis,,,フィービス,
ARMOR_FEEBIS_DESC,Your spells cost -2 mana and the first one you cast each turn is double cast.Your basic attack is Poke and your movement range is 1.,,Sus hechizos cuestan -2 de maná y el primero que se lanza cada turno se duplica.El ataque básico es el empujón y el alcance del movimiento es 1.,Vos sorts coûtent -2&nbsp;mana et le premier que vous lancez à chaque tour est lancé deux fois.Votre attaque de base devient Pichenette et votre portée de déplacement est de 1.,"Deine Zauber kosten -2&nbsp;Mana und der erste, den du wirkst, wird doppelt gewirkt.Dein Grundangriff ist Pieksen und deine Bewegungsreichweite ist 1.",I tuoi incantesimi costano -2 mana e il primo che lanci ogni turno è un doppio lancio.Il tuo attacco base è Buffetto e il tuo raggio di movimento è 1.,Seus encantamentos custam -2 de mana e seu primeiro lançamento em cada turno é duplo.Seu ataque básico é Cutucão e seu alcance de movimento é 1.,,,スペルコスト-2、​各ターン最初の​スペルが​二重詠唱。​通常攻撃が​突きになり移動範囲が​1。[b][/b],
ARMOR_HEALWORM_NAME,Heal Worm,,Lombriz curativa,Ver curatif,Heilwurm,Verme Curativo,Verme Intestinal,,,治癒の​ワーム,
ARMOR_HEALWORM_DESC,+2 Health Regen.,,+2 de regeneración de salud.,Régénération de PV +2.,+2&nbsp;Lebensregeneration.,+2 a Rigenerazione Salute.,+2 de regeneração de saúde.,,,+2HP再生。,
ARMOR_HOOKWORM_NAME,Hookworm,,Verme,Ver ankylostome,Hakenwurm,Anchilostoma,Ancilóstomo,,,鉤虫,
ARMOR_HOOKWORM_DESC,Spawn a Charmed Leech when you take damage.,,Genera una sanguijuela embrujada al sufrir daño.,"Quand vous subissez des dégâts, une sangsue envoûtée est invoquée.","Rufe einen freundlichen Blutegel, wenn du Schaden erleidest.",Generi una Sanguisuga Ammaliata quando subisci danno.,Gere uma sanguessuga enfeitiçada ao sofrer dano.,,,ダメージを​受けると​魅了された​ヒルを​生成。[b][/b],
ARMOR_LICE_NAME,Lice,,Piojos,Poux,Läuse,Pidocchi,Piolhos,,,シラミ,
ARMOR_LICE_DESC,Bruise 1. Spawn a charmed Louse when you take damage.,,1 de moratón. Genera un piojo embrujado al sufrir daño.,"Contusion +1. Quand vous subissez des dégâts, un puceron envoûté est invoqué.","Beulen&nbsp;1. Rufe eine freundliche Laus, wenn du Schaden erleidest.",Livido 1. Generi un Pidocchio Ammaliato quando subisci danno.,Contusão 1. Gere um piolho enfeitiçado ao sofrer dano.,,,打撲1。​ダメージを​受けると​魅了された​シラミを​生成。[b][/b],
ARMOR_MALARIA_NAME,Malaria,,Malaria,Paludisme,Malaria,Malaria,Malária,,,マラリア,
ARMOR_MALARIA_DESC,"At the end of each battle, all of your stats are permanently reduced by 1.Spawn 2 Charmed Fly Swarms when you're downed.If your [img:con] is 0 or less, start each battle downed.",,"Al final de cada combate, todos los atributos se reducen en 1 para siempre.Esta unidad genera 2 enjambres de moscas embrujadas cuando está abatida.Si tiene 0 o menos [img:con], comienza cada combate abatida.","À la fin de chaque combat, vous subissez Baisse de stats +1&nbsp;de façon permanente.Invoque 2&nbsp;essaims de mouches envoûtées quand vous êtes mis K.O.Si votre [img:con] est de 0&nbsp;ou moins, vous serez K.O. au début de chaque combat.","Am Ende jedes Kampfes werden all deine Attribute dauerhaft um 1&nbsp;verringert.Rufe 2 freundliche Fliegenschwärme, wenn du in Ohnmacht fällst.Wenn deine [img:con] 0 oder weniger beträgt, beginnst du den Kampf ohnmächtig.","Alla fine di ogni battaglia, tutte le tue statistiche vengono ridotte permanentemente di 1.Quando sei KO generi 2 Sciami di Mosche Ammaliate. Se la tua [img:con] è 0 o inferiore, inizi ogni battaglia KO.","No final de cada batalha, todos os seus atributos são permanente reduzidos em 1.Gere 2 enxames de moscas enfeitiçadas ao ficar inconsciente.Se a sua [img:con] for igual ou menor do que 0, inicie cada batalha inconsciente.",,,各バトル終了時、​全ステータスが​永久に​1低下。​倒れると​2体の​魅了された​ハエの​群れを​生成。[img:con]が​0以下なら​各バトル開始時に​倒れた​状態で​開始。,
ARMOR_NAEGLERIAFOWLERI_NAME,Naegleria Fowleri,,Naegleria fowleri,Naegleria fowleri,Naegleria Fowleri,Naegleria Fowleri,Naegleria Fowleri,,,フォーラーネグレリア,
ARMOR_NAEGLERIAFOWLERI_DESC,"Brace {aux}.Gain -1 [img:int] at the end of each battle, permanently.This gains +2 [img:shield] and +1 Brace at the end of each battle. If your [img:int] is 0 or less, start each battle downed.",,"{aux} de refuerzo.Obtiene -1 [img:int] al final de cada combate, para siempre.Obtiene +2 [img:shield] y +1 de refuerzo al final de cada combate. Si tiene 0 [img:int] o menos, esta unidad comienza cada combate abatida.","Garde {aux}.[img:int] -1&nbsp;à la fin de chaque combat, de façon permanente.Cet objet gagne [img:shield] +2&nbsp;et Garde +1&nbsp;à la fin de chaque combat.Si votre [img:int] est de 0&nbsp;ou moins, vous serez K.O. au début de chaque combat.","Wappnen&nbsp;{aux}.Erleide am Anfang jedes Kampfes dauerhaft -1&nbsp;[img:int].Dies erhält am Ende jedes Kampfes +2&nbsp;[img:shield] und +1&nbsp;Wappnen.Wenn deine [img:int] 0 oder weniger beträgt, beginnst du den Kampf ohnmächtig.","Guardia {aux}.Ottieni -1 all'[img:int] alla fine di ogni battaglia, permanentemente.Ottiene +2 allo [img:shield] e +1 alla Guardia alla fine di ogni battaglia.Se la tua [img:int] è 0 o inferiore, inizi ogni battaglia KO.","Preparação {aux}.Obtenha -1 de [img:int] permanentemente no final de cada batalha.Este item obtém +2 de [img:shield] e +1 de preparação no final de cada batalha.Se a sua [img:int] for igual ou menor do que 0, inicie cada batalha inconsciente.",,,ガード{aux}。​各バトル終了時に​-1 [img:int]を​永久に​獲得。​各バトル終了時に​+2 [img:shield]と​+1ガードを​獲得。[img:int]が​0以下なら​各バトル開始時に​倒れた​状態で​開始。,
ARMOR_SACCULINACARCINI_NAME,Sacculina Carcini,,Sacculina carcini,Sacculina carcini,Sackkrebse,Sacculina Carcini,Sacculina Carcini,,,フクロムシ,
ARMOR_SACCULINACARCINI_DESC,,,,,,,,,,,
ARMOR_SCABIES_NAME,Scabies,,Escabiosis,Gale,Krätze,Scabbia,Sarna,,,疥癬,
ARMOR_SCABIES_DESC,Bruise 2. Spawn a charmed Flea when you take damage.,,2 de moratón. Genera una pulga embrujada al sufrir daño.,"Contusion +2. Quand vous subissez des dégâts, une puce envoûtée est invoquée.","Beulen&nbsp;2. Rufe einen freundlichen Floh, wenn du Schaden erleidest.",Livido 2. Genera una Pulce Ammaliata quando subisci danno.,Contusão 2. Gere uma pulga enfeitiçada ao sofrer dano.,,,打撲2。​ダメージを​受けると​魅了された​ノミを​生成。[b][/b],
ARMOR_SOULSUCKER_NAME,Soul Sucker,,Chupaalmas,Suceur d'âmes,Seelensauger,Succhia-Anime,Suga-Almas,,,魂吸い,
ARMOR_SOULSUCKER_DESC,Restore 2 mana when you kill an enemy.,,Restaura 2 de maná al matar a un enemigo.,Mana +2&nbsp;quand vous tuez un ennemi.,"Stelle 2&nbsp;Mana wieder her, wenn du einen Gegner tötest.",Recuperi 2 mana quando uccidi un nemico.,Restaure 2 de mana ao matar um inimigo.,,,敵を​倒すと​2マナ回復。,
ARMOR_THETICK_NAME,The Tick,,Garrapata,La Tique,Die Zecke,La Zecca,Carrapato,,,ティック,
ARMOR_THETICK_DESC,Inflict All Stats Down on bosses and minibosses at the start of each battle.Heal +12 HP at the end of each battle.,,Inflige reducción total a los jefes y minijefes al inicio de cada combate.Recupera +12 PS al final de cada combate.,Inflige Baisse de stats aux boss et miniboss au début de chaque combat.Rend +12&nbsp;PV à la fin de chaque combat.,Verursache am Anfang des Kampfes bei Bossen und Minibossen einen Malus auf alle Attribute.Heile dich am Ende jedes Kampfes um +12&nbsp;LP.,Infliggi Diminuzione delle Statistiche a boss e miniboss all'inizio di ogni battaglia.Rigeneri +12 PS alla fine di ogni battaglia.,Aplique todos os atributos diminuídos em chefes e mini chefes no início de cada batalha.Cure 12 PV no final de cada batalha.,,,各バトル開始時に​ボスと​ミニボスに​全ステータス低下を​付与。​各バトル終了時に​+12HP回復。[b][/b],
ITEM_EUHAPLORCHISCALIFORNIENSIS_NAME,Euhaplorchis Californiensis,,Euhaplorchis californiensis,Euhaplorchis californiensis,Euhaplorchis Californiensis,Euhaplorchis Californiensis,Euhaplorchis Californiensis,,,カリフォルニアハプロルキス,
ITEM_EUHAPLORCHISCALIFORNIENSIS_DESC,Start with Confusion 3.,,Empieza con 3 de confusión.,Vous débutez avec Confusion +3.,Beginne jeden Kampf mit Verwirrung&nbsp;3.,Inizi con Confusione 3.,Inicie com confusão 3.,,,混乱3で​開始。,
ITEM_PAROUSWORM_NAME,Parous Worm,,Lombriz parturienta,Ver fécond,Parasitärer Wurm,Verme Paro,Verme Parasita,,,産卵ワーム,
ITEM_PAROUSWORM_DESC,66% chance to find a random parasite at the end of each battle.,,66% de probabilidad de encontrar un parásito al azar al final de cada combate.,66&nbsp;% de chances de trouver un parasite aléatoire à la fin de chaque combat.,66%ige Wahrscheinlichkeit am Ende jedes Kampfes einen zufälligen Parasiten zu finden.,66% di probabilità di trovare un parassita casuale alla fine di ogni battaglia.,66% de chance de encontrar um parasita aleatório no final de cada batalha.,,,各バトル終了時に​66%の​確率で​ランダムな​寄生虫を​発見。[b][/b],
ITEM_ROUNDWORM_NAME,Roundworm,,Lombriz intestinal,Ascaris,Fadenwurm,Ascaride,Lombriga,,,回虫,
ITEM_ROUNDWORM_DESC,Units that contact you get knocked back 5 tiles.,,Las unidades que entren en contacto con esta retroceden 5 casillas.,Les unités qui vous touchent subissent Recul +5.,"Einheiten, die dich berühren, werden 5&nbsp;Felder zurückgestoßen.",Le unità che ti toccano vengono respinte di 5 caselle.,Unidades que entram em contato com você são empurradas 5 espaços para trás.,,,接触ユニットを​5タイルノックバック。[b][/b],
PARASITE_AMOEBAHEAD_NAME,Amoeba,,Ameba,Amibe,Amöbe,Ameba,Ameba,,,アメーバ,
PARASITE_AMOEBAHEAD_DESC,+1 Brace. +10% Miss Chance.,,+1 de refuerzo. +10 % de probabilidad de fallo.,Garde +1. Risques d'échec +10&nbsp;%.,"+1&nbsp;Wappnen. +10&nbsp;% Wahrscheinlichkeit, dass Angriffe verfehlen.",+1 alla Guardia. +10% di probabilità di mancare il bersaglio.,+1 de preparação. +10% de chance de erro.,,,+1ガード。​+10%ミス率。,
PARASITE_AMOEBANECK_NAME,Amoeba,,Ameba,Amibe,Amöbe,Ameba,Ameba,,,アメーバ,
PARASITE_AMOEBANECK_DESC,+1 Brace. +10% Miss Chance.,,+1 de refuerzo. +10 % de probabilidad de fallo.,Garde +1. Risques d'échec +10&nbsp;%.,"+1&nbsp;Wappnen. +10&nbsp;% Wahrscheinlichkeit, dass Angriffe verfehlen.",+1 alla Guardia. +10% di probabilità di mancare il bersaglio.,+1 de preparação. +10% de chance de erro.,,,+1ガード。​+10%ミス率。,
PARASITE_AMOEBAFACE_NAME,Amoeba,,Ameba,Amibe,Amöbe,Ameba,Ameba,,,アメーバ,
PARASITE_AMOEBAFACE_DESC,+1 Brace. +10% Miss Chance.,,+1 de refuerzo. +10 % de probabilidad de fallo.,Garde +1. Risques d'échec +10&nbsp;%.,"+1&nbsp;Wappnen. +10&nbsp;% Wahrscheinlichkeit, dass Angriffe verfehlen.",+1 alla Guardia. +10% di probabilità di mancare il bersaglio.,+1 de preparação. +10% de chance de erro.,,,+1ガード。​+10%ミス率。,
SETBONUS_AMOEBA_NAME,Amoeba Set Bonus!,,¡Bonificación de conjunto de ameba!,Bonus d'ensemble&nbsp;: amibe&nbsp;!,Setbonus: Amöben!,Bonus Set: Ameba!,Bônus de Conjunto de Ameba!,,,アメーバセットボーナス!,
SETBONUS_AMOEBA_DESC,Permanent Madness.,,Locura permanente.,Folie permanente.,Dauerhafter Wahnsinn.,Follia permanente.,Insanidade permanente.,,,永続的な​狂気。,
PARASITE_BOTFLYLARVA_NAME,Botfly Larva,,Larva éstrida,Larve de taon,Dasselfliegenlarve,Larva di Tafano,Larva de Mosca-Varejeira,,,ウマバエの​幼虫,
PARASITE_BOTFLYLARVA_DESC,Spawns 2 Pooter familiars when you're downed.,,Genera 2 familiares moscones cuando esta unidad está abatida.,"Quand vous êtes mis K.O., 2&nbsp;mouches cracheuses sont invoquées.","Ruft 2&nbsp;Pupserbegleiter, wenn du in Ohnmacht fällst.",Genera 2 famigli Puzzone quando sei KO.,Gere 2 familiares pooters ao ficar inconsciente.,,,倒れた​時に​2体の​プーターの​使い魔を​生成。[b][/b],
PARASITE_BRAINMAGGOT_NAME,Brain Maggot,,Gusano cerebral,Asticot de cerveau,Hirnmade,Verme del Cervello,Verme de Cérebro,,,脳ウジ,
PARASITE_BRAINMAGGOT_DESC,Revive with 50% HP 2 rounds after you are downed.,,Esta unidad resucita con un 50 % de PS 2 rondas después de caer abatida.,"2&nbsp;manches après avoir été mis K.O., vous réanime avec 50&nbsp;% de vos PV.","Du wirst 2&nbsp;Runden, nachdem du in Ohnmacht fällst, mit 50&nbsp;%&nbsp;LP wiederbelebt.",Ti rianimi con il 50% di PS 2 round dopo il tuo KO.,Reviva com 50% de saúde 2 rodadas após ficar inconsciente.,,,倒れた​2ラウンド後に​50%HPで​復活。[b][/b],
PARASITE_HEARTWORM_NAME,Heartworm,,Lombriz del corazón,Ver cardiaque,Herzwurm,Filarioidea,Dirofilariose,,,心臓ワーム,
PARASITE_HEARTWORM_DESC,"When downed, your body is destroyed.",,"Cuando esta unidad cae abatida, el cadáver se destruye.",Votre corps est détruit si vous êtes mis K.O.,"Wenn du in Ohnmacht fällst, wird dein Körper zerstört.","Quando sei KO, il tuo corpo viene distrutto.","Ao ficar inconsciente, seu corpo é destruído.",,,倒れた​時、​体が​破壊される。[b][/b],
PARASITE_PINWORM_NAME,Pinworm,,Filaria,Oxyure,Madenwurm,Ossiuro,Oxiúros,,,蟯虫,
PARASITE_PINWORM_DESC,Spawns a Maggot familiar when you take damage.,,Genera un familiar gusano al sufrir daño.,"Quand vous subissez des dégâts, un asticot de compagnie est invoqué.","Ruft einen Madenbegleiter, wenn du Schaden erleidest.",Generi un famiglio Larva quando subisci danno.,Gere um familiar verme ao sofrer dano.,,,ダメージを​受けると​ウジの​使い魔を​生成。[b][/b],
PARASITE_RINGWORM_NAME,Ringworm,,Tiña,Mycose,Ringelflechte,Tigna,Micose,,,白癬,
PARASITE_RINGWORM_DESC,Your basic attack inflicts Weakness 3.,,El ataque básico inflige +3 de debilidad.,Votre attaque de base inflige Vulnérabilité +3.,Dein Grundangriff verursacht Schwäche&nbsp;3.,Il tuo attacco base infligge Debolezza 3.,Seu ataque básico aplica fraqueza 3.,,,通常攻撃が​衰弱3を​付与。,
PARASITE_SPIDEREGG_NAME,Spider Egg,,Huevo de araña,Œuf d'araignée,Spinnenei,Uovo di Ragno,Ovo de Aranha,,,蜘蛛の​卵,
PARASITE_SPIDEREGG_DESC,Your basic attack inflicts Infested.,,El ataque básico inflige infestación.,Votre attaque de base inflige Infestation.,Dein Grundangriff verursacht Infiziert.,Il tuo attacco base infligge Infestato.,Seu ataque básico aplica infestação.,,,通常攻撃が​寄生を​付与。,
PARASITE_SPIDERWEBBER_NAME,Spider Webber,,Hilos de araña,Araignée tisseuse,Spinnenweber,Ragno Tessitore,Teia de Aranha,,,蜘蛛の​糸吐き,
PARASITE_SPIDERWEBBER_DESC,Use: A ranged attack that inflicts Webbed.,,Uso: Lanza un ataque a distancia que inflige telaraña.,Utilisation&nbsp;: une attaque à distance qui inflige Toile.,"Benutzen: Ein Fernkampfangriff, der Netz verursacht.",Uso: Un attacco a distanza che infligge Ragnatela.,Uso: um ataque à distância que aplica teia.,,,使用:蜘蛛の​糸を​付与する​遠距離攻撃。[b][/b],
PARASITE_TAPEWORM_NAME,Tapeworm,,Solitaria,Ver solitaire,Bandwurm,Tenia,Tênia,,,条虫,
PARASITE_TAPEWORM_DESC,Your basic attack inflicts Poison 1.,,El ataque básico inflige 1 de veneno.,Votre attaque de base inflige Poison +1.,Dein Grundangriff verursacht Gift&nbsp;1.,Il tuo attacco base infligge Veleno 1.,Seu ataque básico aplica veneno 1.,,,通常攻撃が​毒1を​付与。,
,,,,,,,,,,,
//cursed,,,,,,,,,,,
ARMOR_BIRDPOOPHAT_NAME,Bird Poop,,Caca de pájaro,Merde d'oiseau,Vogelkacke,Cacca di Uccello,Cocô de Pássaro,,,鳥の​糞,
ARMOR_BIRDPOOPHAT_DESC,+50% chance for an extra bird to spawn at the start of each battle.,,+50 % de probabilidad de que se genere un pájaro extra al inicio de cada combate.,+50&nbsp;% de chances d'invoquer un oiseau supplémentaire au début de chaque combat.,"+50&nbsp;% Wahrscheinlichkeit, dass am Anfang jedes Kampfes ein zusätzlicher Vogel erscheint.",+50% di probabilità che venga generato un uccello aggiuntivo all'inizio di ogni battaglia.,+50% de chance de um pássaro adicional ser gerado no início de cada batalha.,,,各バトル開始時に​+50%の​確率で​追加の​鳥が​出現。[b][/b],
ARMOR_CALLUS_NAME,Callus,,Callo,Callosité,Kallus,Callo,Calo,,,タコ,
ARMOR_CALLUS_DESC,Permanently gain +2 [img:shield] each time you end a battle with 1 or more [img:shield].,,Obtiene +2 [img:shield] para siempre cada vez que termina un combate con 1 [img:shield] o más.,[img:shield] +2&nbsp;de façon permanente quand vous terminez un combat avec 1&nbsp;[img:shield] ou plus.,"Du erhältst jedes Mal dauerhaft +2&nbsp;[img:shield], wenn du den Kampf mit 1 oder mehr [img:shield] beendest.",Ottieni permanentemente +2 allo [img:shield] ogni volta che termini una battaglia con 1 o più [img:shield].,Obtenha permanentemente +2 de [img:shield] a cada vez que finalizar uma batalha com 1 ou mais de [img:shield].,,,1以上の[img:shield]で​バトルを​終える​たびに​永久的に​+2 [img:shield]を​獲得。,
ARMOR_CLAM_NAME,Clam,,Almeja,Palourde,Muschel,Vongola,Marisco,,,ハマグリ,
ARMOR_CLAM_DESC,"5% chance to break when you take damage.When this breaks, find a Pearl.",,"5 % de probabilidad de romperse al sufrir daño.Cuando se rompe, encuentra una perla.","5&nbsp;% de chances de se briser quand vous subissez des dégâts.Brisé, vous obtenez une perle.","Geht mit 5%iger Wahrscheinlichkeit kaputt, wenn du Schaden erleidest.Finde eine Perle, wenn sie kaputtgeht.","5% di probabilità di rompersi quando subisci danno.Quando si rompe, trovi una Perla.","5% de chance de quebrar quando você sofre dano.Quando este item se quebrar, encontre uma pérola.",,,ダメージを​受けると​5%の​確率で​壊れる。​壊れると​真珠を​発見。[b][/b],
ITEM_ALLURINGDOODIE_NAME,Alluring Doodie,,Mojoncito carismático,Étron alléchant,Verlockendes Häufchen,Cacchina Adescante,Cocô Atraente,,,魅惑の​糞,
ITEM_ALLURINGDOODIE_DESC,10% chance to eat poop and gain Poison 1 each turn.,,10 % de probabilidad de comer caca y obtener 1 de veneno cada turno.,10&nbsp;% de chances de manger de la merde et de subir Poison +1&nbsp;chaque tour.,"10%ige Wahrscheinlichkeit pro Zug, ein Häufchen zu fressen und Gift&nbsp;1 zu erleiden.",10% di probabilità di mangiare della cacca e ottenere Veleno 1 a ogni turno.,10% de chance de comer cocô e obter veneno 1 em cada turno.,,,各ターン10%の​確率で​糞を​食べて​毒1を​獲得。[b][/b],
ITEM_BADSPLINTERS_NAME,Bad Splinters,,Astillas malvadas,Vilaines échardes,Bösartige Splitter,Schegge Cattive,Farpas,,,悪い​トゲ,
ITEM_BADSPLINTERS_DESC,+2 Thorns.,,+2 de espinas.,Épines +2.,+2&nbsp;Dornen.,+2 Spine.,+2 de espinhos.,,,+2棘。,
ITEM_BRAININAJAR_NAME,Brain In A Jar,,Sesos en un tarro,Cerveau en bocal,Hirn im Glas,Cervello in Barattolo,Cérebro no Pote,,,瓶詰めの​脳,
ITEM_BRAININAJAR_DESC,The first spell you cast each turn is free.,,El primer hechizo de cada turno es gratis.,Le premier sort que vous lancez chaque tour est gratuit.,"Der erste Zauber, den du in deinem Zug wirkst, ist kostenlos.",Il primo incantesimo che lanci ogni turno è gratuito.,O primeiro encantamento que você lança em cada turno é grátis.,,,各ターン最初の​スペルが​無料。[b][/b],
ITEM_BIGTOECURSED_NAME,Big Toe,,Dedo gordo,Gros orteil,Großer Zeh,Alluce,Dedão Grande,,,大きな​足指,
ITEM_BIGTOECURSED_DESC,"After your 3rd turn, spawn a Charmed Spookie with Madness on a random tile.",,"Después del tercer turno, genera un fantasmito embrujado con locura en una casilla al azar.","Après votre 3e tour, une Trouille envoûtée affectée par Folie est invoquée sur une case aléatoire.","Nach deinem dritten Zug rufst du einen freundlichen Spuki auf ein zufälliges Feld, der an Wahnsinn leidet.","Dopo il tuo terzo turno, generi uno Spauracchio Ammaliato con Follia su una casella casuale.","Após seu terceiro turno, gere um sustinho enfeitiçado com insanidade em um espaço aleatório.",,,3ターン後、​狂気を​持つ魅了された​スプーキーを​ランダムな​タイルに​生成。[b][/b],
ITEM_CHILDSSKULL_NAME,Child's Skull,,Cráneo infantil,Crâne d'enfant,Kinderschädel,Teschio di Bambino,Crânio de Criança,,,子供の​頭蓋骨,
ITEM_CHILDSSKULL_DESC,Your basic attack is a weak tear shot. You can use your basic attack an extra time each turn.,,El ataque básico es un disparo de lágrima débil. Puede lanzar el ataque básico otra vez cada turno.,Votre attaque de base devient Tir de larme faible. Vous pouvez utiliser votre attaque de base une fois de plus chaque tour.,Dein Grundangriff ist ein schwacher Tränenschuss. Du kannst deinen Grundangriff ein zusätzliches Mal pro Zug benutzen.,Il tuo attacco base è un debole pallonetto. Puoi usare il tuo attacco base una volta in più in ogni turno.,Seu ataque básico é um tiro divisor fraco. Você pode utilizar seu ataque uma vez adicional a cada turno.,,,通常攻撃が​弱い涙の​射撃に​なる。​各ターン通常攻撃を​追加1回​使用可能。[b][/b],
ITEM_CURSEDHAIRBALL_NAME,Cursed Hairball,,Bola de pelo maldita,Boule de poils maudite,Verfluchter Haarballen,Palla di Pelo Maledetta,Bola de Pelos Amaldiçoada,,,呪われた​毛玉,
ITEM_CURSEDHAIRBALL_DESC,Your basic attack inflicts Poison 2. Start each battle with Poison 3.,,El ataque básico inflige +2 de veneno. Empieza cada combate con +3 de veneno.,Votre attaque de base inflige Poison +2. Vous débutez chaque combat avec Poison +3.,Dein Grundangriff verursacht Gift&nbsp;2. Beginne jeden Kampf mit Gift&nbsp;3.,Il tuo attacco base infligge Veleno 2. Inizi ogni battaglia con Veleno 3.,Seu ataque básico aplica veneno 2. Inicie cada batalha com veneno 3.,,,通常攻撃が​毒2を​付与。​各バトル開始時に​毒3。[b][/b],
ITEM_CURSEDROCK_NAME,Cursed Rock,,Roca maldita,Pierre maudite,Verfluchter Stein,Roccia Maledetta,Pedra Amaldiçoada,,,呪われた​石,
ITEM_CURSEDROCK_DESC,,,,,,,,,,,
ITEM_CURSEDSTICKMAN_NAME,Cursed Stickman,,Monigote maldito,Bonhomme bâton maudit,Verfluchte Astfigur,Stickman Maledetto,Boneco de Palitinho Amaldiçoado,,,呪われた​人形,
ITEM_CURSEDSTICKMAN_DESC,Gain All Stats Up when you deal damage to a party member.10% chance to gain Madness at the start of your turn.,,Obtiene aumento total al infligir daño a un miembro del grupo.10 % de probabilidad de obtener locura al inicio del turno.,Hausse de stats quand vous infligez des dégâts à un membre de l'équipe.10&nbsp;% de chances de subir Folie à la fin de votre tour.,"Erhalte einen Bonus auf alle Attribute, wenn du einem Gruppenmitglied Schaden zufügst.10%ige Wahrscheinlichkeit, am Anfang deines Zuges Wahnsinn zu erleiden.",Ottieni Aumento delle Statistiche quando infliggi danno a un membro del gruppo.10% di probabilità di ottenere Follia all'inizio del tuo turno.,Obtenha todos os atributos aumentados ao causar dano a um membro da sua equipe.10% de chance de obter insanidade no início do seu turno.,,,パーティメンバーに​ダメージを​与えると​全ステータス上昇を​獲得。​ターン開始時に​10%の​確率で​狂気を​獲得。[b][/b],
ITEM_FACESHARDS_NAME,Face Shards,,Fragmentos faciales,Éclats faciaux,Gesichtssplitter,Frammenti Facciali,Fragmentos de Rosto,,,顔の​破片,
ITEM_FACESHARDS_DESC,"+2 Thorns.Gain +1 Bleed each time you take damage.",,+2 de espinas.Obtiene +1 de hemorragia cada vez que sufre daño.,Épines +2.Saignement +1&nbsp;quand vous subissez des dégâts.,"+2&nbsp;Dornen.Erhalte jedes Mal +1&nbsp;Blutung, wenn du Schaden erleidest.",+2 Spine.Ottieni +1 Sanguinamento ogni volta che subisci danno.,+2 de espinhos.Obtenha +1 de sangramento sempre que sofrer dano.,,,+2棘。​ダメージを​受ける​たびに​+1出血を​獲得。[b][/b],
ITEM_GOLDENIDOL_NAME,Golden Idol,,Ídolo dorado,Idole en or,Goldenes Idol,Idolo d'Oro,Ídolo Dourado,,,黄金の​偶像,
ITEM_GOLDENIDOL_DESC,Becomes {aux} coins when you return home.,,Se transforma en {aux} monedas al volver a casa.,Se change en {aux} pièces quand vous rentrez chez vous.,"Wird zu {aux}&nbsp;Münzen, wenn du nach Hause zurückkehrst.",Diventa {aux} monete quando torni a casa.,Torna-se {aux} moedas quando você volta para casa.,,,帰宅時に{aux}コインに​なる。[b][/b],
ITEM_MARKOFTHEBEAST_NAME,Mark of the Beast,,Marca de la bestia,Marque de la bête,Malzeichen des Tieres,Marchio della Bestia,Marca da Besta,,,獣の​刻印,
ITEM_MARKOFTHEBEAST_DESC,"+6 Damage. Holy Element heals damage you instead.When downed, your body is destroyed.",,"+6 de daño. Las acciones curativas de los elementos sagrados infligen daño a esta unidad.Cuando cae abatida, el cadáver se destruye.",Dégâts +6. Les soins sacrés vous infligent des dégâts.Votre corps est détruit si vous êtes mis K.O.,"+6&nbsp;Schaden. Heilige Heilzauber verursachen Schaden bei dir.Wenn du in Ohnmacht fällst, wird dein Körper zerstört.","+6 al Danno. L'Elemento Sacro ti cura invece di danneggiarti.Quando sei KO, il tuo corpo viene distrutto.","+6 de dano. Curas do elemento sagrado passam a causar dano a você.Ao ficar inconsciente, seu corpo é destruído.",,,+6ダメージ。​聖属性が​あなたを​回復。​倒れた​時、​体が​破壊される。[b][/b],
ITEM_METALROD_NAME,Metal Rod,,Varilla metálica,Barre métallique,Metallstab,Asta di Metallo,Haste de Metal,,,金属棒,
ITEM_METALRODHAT_DESC,Use: A melee attack with Knockback 1 and a 10% chance to inflict Stun.,,Uso: Lanza un ataque cuerpo a cuerpo con 1 de retroceso y un 10 % de probabilidad de aturdir.,Utilisation&nbsp;: une attaque au corps-à-corps avec Recul +1&nbsp;et 10&nbsp;% de chances d'infliger Étourdissement.,"Benutzen: Ein Nahkampfangriff mit Rückstoß&nbsp;1 und einer 10%igen Wahrscheinlichkeit, Betäubung zu verursachen.",Uso: Un attacco corpo a corpo con Contraccolpo 1 e una probabilità del 10% di infliggere Stordimento.,Uso: um ataque corpo-a-corpo com empurrão 1 e 10% de chance de aplicar atordoamento.,,,使用:ノックバック1と​10%スタン率の​近接攻撃。[b][/b],
ITEM_PAWSHARDS_NAME,Paw Shards,,Fragmentos de pata,Éclats tranchants,Pfotensplitter,Frammenti nella Zampa,Fragmentos de Pata,,,肉球の​破片,
ITEM_PAWSHARDS_DESC,Your basic attack inflicts Bleed 1. Gain +1 Bleed each time you use your basic attack.,,El ataque básico inflige 1 de hemorragia. Obtiene +1 de hemorragia cada vez que lanza el ataque básico.,Votre attaque de base inflige Saignement +1. Saignement +1&nbsp;quand vous utilisez votre attaque de base.,"Dein Grundangriff verursacht Blutung&nbsp;1. Erhalte jedes Mal +1&nbsp;Blutung, wenn du deinen Grundangriff benutzt.",Il tuo attacco base infligge Sanguinamento 1. Ottieni +1 Sanguinamento ogni volta che usi il tuo attacco base.,Seu ataque básico aplica sangramento 1. Obtenha +1 de sangramento a cada vez que utilizar seu ataque básico.,,,通常攻撃が​出血1を​付与。​通常攻撃使用時に​+1出血を​獲得。[b][/b],
ITEM_PUTRIDPILE_NAME,Putrid Pile,,Mojón pútrido,Tas putride,Verfaulter Haufen,Mucchio Putrido,Pilha Pútrida,,,腐敗の​山,
ITEM_PUTRIDPILE_DESC,Adjacent units move away from you at the end of their turns.Your basic attack inflicts Poison.,,Las unidades adyacentes se alejan al final de sus turnos.El ataque básico inflige veneno.,Les unités adjacentes s'éloignent de vous à la fin de leurs tours respectifs.Votre attaque de base inflige Poison.,Benachbarte Einheiten bewegen sich am Ende ihres Zuges von dir weg.Dein Grundangriff verursacht Gift.,Le unità adiacenti si allontanano da te alla fine del loro turno.Il tuo attacco base infligge Veleno.,Unidades adjacentes se afastam de você no final de seus turnos.Seu ataque básico aplica veneno.,,,隣接ユニットが​ターン終了時に​あなたから​離れる。​通常攻撃が​毒を​付与。[b][/b],
ITEM_SLAGTIGHT_NAME,Slag Tight,,Estala gtita,Stalactite,Fetter Stamm,Stala Gtite,Estala Ctite,,,スラグタイト,
ITEM_SLAGTIGHT_DESC,Brace 1. Your basic attack inflicts Bruise 1.,,1 de refuerzo. El ataque básico inflige 1 de moratón.,Garde +1. Votre attaque de base inflige Contusion +1.,Wappnen&nbsp;1. Dein Grundangriff verursacht Beulen&nbsp;1.,Guardia 1. Il tuo attacco base infligge Livido 1.,Preparação 1. Seu ataque básico aplica contusão 1.,,,ガード1。​通常攻撃が​打撲1を​付与。[b][/b],
ITEM_SPLINTERS_NAME,Splinters,,Astillas,Échardes,Splitter,Schegge,Lascas,,,トゲ,
ITEM_SPLINTERS_DESC,,,,,,,,,,,
ITEM_VIBRATINGMETEORITE_NAME,Vibrating Meteorite,,Meteorito vibrante,Météorite vibrante,Vibrierender Meteorit,Meteorite Vibrante,Meteorito Vibrante,,,振動する​隕石,
ITEM_VIBRATINGMETEORITE_DESC,"This item loses 1 of each stat at the end of each battle, permanently.[s:.7](This can go negative.)[/s]",,"Este objeto pierde 1 de cada atributo al final de cada combate, para siempre.[s:.7](Puede hacerse negativo).[/s]",Cet objet perd 1&nbsp;point de chaque stat à la fin de chaque combat de façon permanente.[s:.7](Les stats peuvent devenir négatives.)[/s],Dieser Gegenstand verliert am Ende jedes Kampfes dauerhaft 1 von jedem Attribut.[s:.7](Kann negativ werden.)[/s],Quest'oggetto perde permanentemente 1 a ogni statistica alla fine di ogni battaglia.[s:.7](Questo valore può diventare negativo.)[/s],"Este item perde 1 de cada atributo no final de cada batalha, permanentemente.[s:.7](É possível atingir valores negativos.)[/s]",,,各バトル終了時、​全ステータスが​永久に​1低下。[s:.7](マイナスに​なる​可能性​あり。)[/s],
,,,,,,,,,,,
//quest,,,,,,,,,,,
ARMOR_ANGRYFACE_NAME,Angry Face,,Carita enfadada,Visage en rogne,Wütendes Gesicht,Faccia Arrabbiata,Cara Enfezada,,,怒った​顔,
ARMOR_ANGRYFACE_DESC,"Side Quest Item. Equipped cat is an enemy, must be downed to win the battle, and can still receive level ups. Can't be equipped to a Collarless cat.",,"Objeto de misión secundaria. El gato equipado es enemigo, debe estar abatido para ganar el combate, y aún puede recibir subidas de nivel. Los gatos sin collar no pueden equiparse con este objeto.","Objet de quête secondaire. Le chat équipé est un ennemi, il doit être tué pour gagner le combat et peut toujours monter de niveau. Inéquipable sur un chat sans collier.","Nebenquestgegenstand. Die Katze, die diesen Gegenstand ausgerüstet hat, ist ein Gegner. Sie muss besiegt werden, um den Kampf zu gewinnen und kann trotzdem aufleveln. Klassenlose Katzen können dies nicht ausrüsten.","Oggetto per missione secondaria. Il gatto equipaggiato è un nemico, va messo KO per vincere la battaglia e può comunque salire di livello. Non può essere equipaggiata su un gatto Senza Collare.","Item de missão secundária. O gato que equipar este item se torna um inimigo e precisa ficar inconsciente para que você vença a batalha, mas ainda pode subir de nível. Não pode ser equipado com um gato sem coleira.",,,サイドクエストアイテム。​装備した猫は​敵に​なり、​勝利には​倒す必要が​あり、​レベルアップも​可能。​首輪なし猫には​装備不可。[b][/b],
ARMOR_ANGRYFACE_FIXED_NAME,Happy Face,,Carita sonriente,Visage enjoué,Lachendes Gesicht,Faccia Felice,Rosto Feliz,,,笑​顔,
ARMOR_ANGRYFACE_FIXED_DESC,Spawn near enemies and take an AI controlled bonus turn at the start of every battle.,,Genera enemigos cercanos y juega un turno de bonificación controlado por la IA al inicio de cada combate.,Vous apparaissez près des ennemis et effectuez un tour bonus contrôlé par l'IA au début de chaque combat.,Du beginnst den Kampf in der Nähe von Gegnern und führst am Anfang jedes Kampfes einen zusätzlichen computergesteuerten Zug aus.,Si genera vicino ai nemici e ti consente di effettuare un turno bonus controllato dall'IA all'inizio di ogni battaglia.,Gere inimigos próximos e obtenha um turno sob controle do computador no início de cada batalha.,,,敵の​近くに​出現し、​各バトル開始時に​AI制御の​ボーナスターンを​得る。[b][/b],
ARMOR_BUBBLEBOY_NAME,Bubble Boy,,Niño Burbuja,Bulle protectrice,Bubble Boy,Ragazzo Bolla,Menino Bolha,,,バブルボーイ,
ARMOR_BUBBLEBOY_DESC,Side Quest Item. All units rebound with Knockback 5 on contact.,,Objeto de misión secundaria. Todas las unidades rebotan con 5 de retroceso al contactar.,Objet de quête secondaire. Toutes les unités subissent Recul +5&nbsp;au contact.,Nebenquestgegenstand. Alle Einheiten auf der Karte werden bei Kontakt mit Rückstoß&nbsp;5 zurückgestoßen.,Oggetto per missione secondaria. Tutte le unità rimbalzano con Contraccolpo 5 al contatto.,Item de missão secundária. Todas as unidades ricocheteiam com empurrão 5 ao entrar em contato.,,,サイドクエストアイテム。​全ユ​ニットが​接触時に​ノックバック5で​反発。[b][/b],
ARMOR_CHAOSDEVICE_NAME,Chaos Device,,Dispositivo del caos,Outil du chaos,Chaosgerät,Dispositivo del Caos,Dispositivo do Caos,,,カオスデバイス,
ARMOR_CHAOSDEVICE_DESC,Side Quest Item. When any cat levels up they are offered abilities from all classes.,,"Objeto de misión secundaria. Cuando cualquier gato sube de nivel, se le ofrece habilidades de todas las clases.","Objet de quête secondaire. Quand un chat monte de niveau, des compétences de toutes classes lui sont proposées.","Nebenquestgegenstand. Wenn Katzen aufleveln, erscheinen Fähigkeiten einer beliebigen Klasse zum Auswählen.","Oggetto per missione secondaria. Quando un gatto sale di livello, gli vengono offerte abilità di tutte le classi.","Item de missão secundária. Quando qualquer gato sobe de nível, habilidades de todas as classes são oferecidas.",,,サイドクエストアイテム。​猫が​レベルアップ時に​全ク​ラスの​アビリティが​提示される。[b][/b],
ARMOR_CHAOSDEVICE_FIXED_NAME,Chaos Controller,,Mando del caos,Contrôle du chaos,Chaossteuerung,Controllore del Caos,Controlador do Caos,,,カオスコントローラー,
ARMOR_CHAOSDEVICE_FIXED_DESC,Abilities from all classes are offered when you level up. You can reroll your levelup options thrice.,,Se ofrecen habilidades de todas las clases al subir de nivel. Se pueden cambiar al azar las opciones tres veces al subir de nivel.,Des compétences de toutes classes vous sont proposées quand vous montez de niveau. Vous pouvez tirer de nouvelles options jusqu'à 3&nbsp;fois.,"Wenn Katzen aufleveln, erscheinen Fähigkeiten einer beliebigen Klasse zum Auswählen. Du kannst deine Auswahlmöglichkeiten dreimal neu generieren, wenn du ein Level aufsteigst.",Ti vengono offerte abilità di tutte le classi quando sali di livello. Puoi modificare le tue scelte per tre volte.,Habilidades de todas as classes são oferecidas ao subir de nível. Você pode rolar suas opções novamente três vezes.,,,レベルアップ時に​全ク​ラスの​アビリティが​提示。​レベルアップ選択肢を​3回リロール可能。[b][/b],
ARMOR_EXPERIMENTALTREATMENT_NAME,Experimental Treatment,,Tratamiento Experimental,Traitement expérimental,Experimentelle Behandlung,Trattamento Sperimentale,Tratamento Experimental,,,実験的治療,
ARMOR_EXPERIMENTALTREATMENT_DESC,Side Quest Item. Your team's passive ability level ups offer disorders instead.,,Objeto de misión secundaria. La habilidad pasiva del grupo ofrece trastornos al subir de nivel.,Objet de quête secondaire. Des troubles vous sont proposés quand la compétence passive de votre équipe monte de niveau.,"Nebenquestgegenstand. Wenn du normalerweise Passivfähigkeiten aufleveln würdest, kannst du stattdessen Störungen erhalten.",Oggetto per missione secondaria. Gli aumenti di livello delle abilità passive della tua squadra sono dei disturbi.,Item de missão secundária. Os novos níveis das habilidades passivas de sua equipe passam a oferecer transtornos.,,,サイドクエストアイテム。​チームの​パッシブアビリティの​レベルアップが​障害を​提示。[b][/b],
ARMOR_EXPERIMENTALTREATMENT_FIXED_NAME,Disorder Decoder,,Descodificador de Trastornos,Décodeur de troubles,Entstörungssender,Decodificatore di Disturbi,Decodificador de Transtornos,,,障害デコーダー,
ARMOR_EXPERIMENTALTREATMENT_FIXED_DESC,Your spells cost 1 less for each disorder you have.,,Sus hechizos cuestan 1 menos por cada trastorno que sufre esta unidad.,Vos sorts coûtent -1&nbsp;mana pour chaque trouble qui vous affecte.,"Deine Zauber kosten pro Störung, unter der du leidest, 1&nbsp;Mana weniger.",I tuoi incantesimi costano 1 in meno per ogni disturbo che hai.,Seus encantamentos custam 1 a menos para cada transtorno que você possui.,,,障害を​1つ​持つ​ごとに​スペルコスト-1。[b][/b],
ARMOR_FARTFACE_NAME,Fart Face,,Caraculo,Face de pet,Furzgesicht,Faccia da Peto,Cara de Pum,,,おなら​顔,
ARMOR_FARTFACE_DESC,Side Quest Item. Apply Poison 1 to everything at the start of the battle.,,Objeto de misión secundaria. Aplica 1 de veneno a todo al inicio del combate.,Objet de quête secondaire. Toutes les unités subissent Poison +1&nbsp;en début de combat.,Nebenquestgegenstand. Verursache am Anfang des Kampfes bei allen Einheiten Gift&nbsp;1.,Oggetto per missione secondaria. Applichi Veleno 1 a tutto all'inizio della battaglia.,Item de missão secundária. Aplique veneno 1 em tudo no início da batalha.,,,サイドクエストアイテム。​バトル開始時に​全てに​毒1を​付与。[b][/b],
ARMOR_FARTFACE_FIXED_NAME,Robo Fart Face,,Caraculo robótico,Face de pet robot,Robo-Furzgesicht,Faccia da Peto Robotica,Cara de Pum Robô,,,ロボおなら​顔,
ARMOR_FARTFACE_FIXED_DESC,Apply Poison 1 to all enemies at the start of the battle.,,Aplica 1 de veneno a todos los enemigos al inicio del combate.,Tous les ennemis subissent Poison +1&nbsp;en début de combat.,Verursache am Anfang des Kampfes bei allen Gegnern Gift&nbsp;1.,Applica Veleno 1 a tutti i nemici all'inizio della battaglia.,Aplique veneno 1 em todos os inimigos no início da batalha.,,,バトル開始時に​全敵に​毒1を​付与。[b][/b],
ARMOR_GUILLOTINASHEAD_NAME,Guillotina's Head,,Cabeza de Guillotina,Tête de Guillotina,Guillotinas Kopf,Testa di Guillotina,Cabeça de Guilhotina,,,ギロチナの​首,
ARMOR_GUILLOTINASHEAD_DESC,Take it to the Meat Altar in the Throbbing Domain.All battles are Hard battles. Enemies will attack you instead of your allies if they can. Units that contact or attack you have a chance to be Feared. Your basic attack has a +10% chance to inflict Fear.,,"Hay que llevarla al altar de carne, en el Dominio Palpitante.Todos los combates se libran en modo Difícil. Si pueden, los enemigos atacarán a esta unidad en vez de a sus aliados. Las unidades que entren en contacto con ella o la ataquen pueden sufrir miedo. El ataque básico tiene +10 % de probabilidad de infligir miedo.",Amenez-la à l'Autel de chair dans le Domaine lancinant.Les combats deviennent tous difficiles. Les ennemis vous attaqueront de préférence au lieu de vos alliés. Les unités qui vous touchent ou vous attaquent ont une chance de subir Peur. Votre attaque de base a +10&nbsp;% de chances d'infliger Peur.,"Bring ihn zum Fleischaltar im Pulsierenden Reich.Alle Kämpfe sind hart. Gegner priorisieren dich. Einheiten, die dich berühren oder angreifen können Angst erleiden. Dein Grundangriff verursacht mit +10%iger Wahrscheinlichkeit Angst.","Portala all'Altare della Carne nel Regno Pulsante.Tutte le battaglie sono di livello Difficile. I nemici attaccheranno te invece dei tuoi alleati, se possono. Le unità che ti toccano o ti attaccano hanno una probabilità di generare Paura. Il tuo attacco base ha una probabilità del +10% di infliggere Paura.","Leve este item para o Altar de Carne no Domínio Pulsante.Todas as batalhas se tornam difíceis. Inimigos atacam você ao invés de seus aliados, se puderem. Unidades que atacarem ou entrarem em contato com você possuem uma chance de aplicar medo. Seu ataque básico possui +10% de chance de aplicar medo.",,,拍動する​領域の​肉の​祭壇に​持っていく。​全バトルが​ハードバトル。​可能な​限り敵は​味方でなく​あなたを​攻撃。​接触・攻撃ユニットが​恐怖の​可能性。​通常攻撃に​+10%恐怖率。[b][/b],
ARMOR_MAGICMIRROR_NAME,Magic Mirror (Broken),,Espejo mágico (roto),Miroir magique (brisé),Zauberspiegel (Kaputt),Specchio Magico (Rotto),Espelho Mágico (Quebrado),,,魔法の​鏡(壊れた),
ARMOR_MAGICMIRROR_DESC,Side Quest Item. Your team has very bad luck during events. +2 Thorns.,,Objeto de misión secundaria. El grupo tiene muy mala pata durante los eventos. +2 de espinas.,Objet de quête secondaire. Votre équipe est très malchanceuse lors des événements. Épines +2.,Nebenquestgegenstand. Deine Gruppe hat bei allen Ereignissen extremes Unglück. +2&nbsp;Dornen.,Oggetto per missione secondaria. La tua squadra è molto sfortunata durante gli eventi. +2 Spine.,Item de missão secundária. Sua equipe tem muito azar durante eventos. +2 de espinhos.,,,サイドクエストアイテム。​イベント時に​チームの​運が​非常に​悪い。​+2棘。[b][/b],
ARMOR_MAGICMIRROR_FIXED_NAME,Magic Mirror,,Espejo mágico,Miroir magique,Zauberspiegel,Specchio Magico,Espelho Mágico,,,魔法の​鏡,
ARMOR_MAGICMIRROR_FIXED_DESC,+20% chance to reflect projectiles. Spawn a friendly Spookie when downed.,,+20 % de probabilidad de devolver proyectiles. Esta unidad genera un fantasmito aliado al caer abatida.,Chances de renvoyer les projectiles +20&nbsp;%. Une Trouille alliée apparaît quand vous êtes mis K.O.,"+20%ige Wahrscheinlichkeit, Geschosse zu reflektieren. Rufe einen freundlichen Spuki, wenn du in Ohnmacht fällst.",+20% di probabilità di riflettere i proiettili. Generi uno Spauracchio alleato quando sei KO.,+20% de chance de refletir projéteis. Gere um sustinho amigável ao ficar inconsciente.,,,+20%飛び道具反射率。​倒れると​友好的な​スプーキーを​生成。[b][/b],
ARMOR_NUKE_NAME,Nuke,,Arma nuclear,Ogive,Atombombe,Bomba Atomica,Nuclear,,,核爆弾,
ARMOR_NUKE_DESC,"Take it to The Infinite and wait for the signal from Dr. Beanies to set it off.+2 Brace. If this cat dies, it explodes and damages everything for 50.Bonus Ability: Trigger the Nuke.",,"Hay que llevarla al infinito y esperar la señal del Dr. Beanies para detonarla.+2 de refuerzo. Si este gato muere, hace explosión e inflige 50 de daño.Habilidad de bonificación: Detonación de arma nuclear.","Amenez-la à l'Infini et attendez le signal du Dr Beanies pour la déclencher.Garde +2. Si ce chat meurt, il explose et inflige 50&nbsp;dégâts à toutes les unités.Capacité bonus&nbsp;: Bombe nucléaire.","Bring sie in die Unendlichkeit und warte auf das Signal von Dr. Beanies, bevor du sie zündest.+2&nbsp;Wappnen. Wenn diese Katze stirbt, explodiert sie und fügt allen Einheiten 50&nbsp;Schaden zu.Bonusfähigkeit: Atombombe zünden.","Portala all'Infinito e attendi il segnale del Dottor Beanies per farla esplodere.+2 alla Guardia. Se questo gatto muore, esplode e infligge un danno di 50 a tutto.Abilità Bonus: Attiva l'Atomica.","Leve-a até o Infinito e espere pelo sinal do Dr. Beanies para ativá-la.+2 de preparação. Se este gato morrer, ela explode e causa 50 de dano a tudo.Habilidade bônus: Ativar Bomba Nuclear.",,,無限に​持っていき、​ビーニー博士の​合図を​待って​起動。​+2ガード。​この​猫が​死ぬと​爆発し全てに​50ダメージ。​ボーナスアビリティ:核爆弾を​起動。[b][/b],
ARMOR_PRINCESSHAT_NAME,Princess Hat,,Gorro de princesa,Coiffe de princesse,Prinzessinnenhut,Cappello da Principessa,Chapéu de Princesa,,,プリンセスの​帽子,
ARMOR_PRINCESSHAT_DESC,Side Quest Item. Fragile. Equipped cat cannot use any actions except Move.,,Objeto de misión secundaria. Fragilidad. El gato que lo tenga equipado solo puede moverse.,Objet de quête secondaire. Fragile. Le chat équipé ne peut que se déplacer.,"Nebenquestgegenstand. Zerbrechlich. Die Katze, die ihn trägt, kann keine Aktionen außer Bewegung benutzen.",Oggetto per missione secondaria. Fragile. Il gatto equipaggiato non può usare alcuna azione a eccezione di Movimento.,Item de missão secundária. O gato que o equipar não pode realizar qualquer ação além de se mover.,,,サイドクエストアイテム。​壊れやすい。​装備した猫は​移動以外の​アクションを​使用不可。[b][/b],
ARMOR_PRINCESSHAT_FIXED_NAME,Used Princess Hat,,Gorro de princesa usado,Coiffe de princesse usée,Gebrauchter Prinzessinnenhut,Cappello da Principessa Usato,Chapéu de Princesa Usado,,,古い​プリンセスの​帽子,
ARMOR_PRINCESSHAT_FIXED_DESC,,,,,,,,,,,
ARMOR_PUTRIDLEECH_NAME,Putrid Leech,,Sanguijuela putrefacta,Sangsue putride,Verfaulter Blutegel,Sanguisuga Putrida,Sanguessuga Pútrida,,,腐敗の​ヒル,
ARMOR_PUTRIDLEECH_DESC,Take it to the Throbbing Artery in the Boneyard.You never level up and die when downed. You have Lifesteal on all of your attacks and abilities.,,"Hay que llevarla a la arteria palpitante, en el cementerio.Esta unidad no sube de nivel y muere al caer abatida. Todos sus ataques y habilidades tienen robavida.",Ammenez-la à l'Artère lancinante dans le Cimetière.Vous ne montez jamais de niveau et mourrez lorsqu'on vous met à terre. Toutes vos attaques et compétences bénéficient de Vol de vie.,"Bring ihn zur Pulsierenden Arterie auf dem Friedhof.Du kannst nicht aufleveln und stirbst, wenn du in Ohnmacht fällst. All deine Angriffe und Fähigkeiten saugen Leben ab.",Portala all'Arteria Pulsante nel Cimitero.Non salirai mai di livello e morirai se vai KO. Hai Rubavita su tutti i tuoi attacchi e le tue abilità.,Leve para a Artéria Pulsante no Cemitério de Ossos.Você nunca sobe de nível ao ficar inconsciente. Você possui roubo de vida em todos os seus ataques e habilidades.,,,墓地の​拍動する​動脈に​持っていく。​レベルアップせず​倒れると​死ぬ。​全攻撃と​アビリティに​ライフスティール。[b][/b],
ARMOR_RECEIVERANTENNA_NAME,Receiver Antenna,,Antena receptora,Antenne réceptrice,Empfängerantenne,Antenna Ricevitrice,Antena Receptora,,,受信アンテナ,
ARMOR_RECEIVERANTENNA_DESC,Place it far in the past.All events cause special happenings.Gain +2 Charge whenever an ally spends mana.,,Hay que colocarla en el pasado.Todos los eventos provocan acontecimientos especiales.Obtiene +2 de carga siempre que un aliado consume maná.,À installer dans un passé très lointain.Les événements contiendront tous des incidents spéciaux.Charge +2&nbsp;quand un allié dépense du mana.,"Bau sie in der Vergangenheit auf.Bei allen Ereignissen passiert etwas Besonderes.Erhalte +2&nbsp;Ladung, wenn ein Verbündeter Mana ausgibt.",Posizionala nel lontano passato.Tutti gli eventi causano avvenimenti speciali.Ottieni +2 Carica ogni volta che un alleato spende mana.,Coloque este item no passado distante.Todos os eventos possuem acontecimentos especiais.Obtenha +2 cargas sempre que um aliado gastar mana.,,,遠い​過去に​設置。​全イベントが​特別な​出来事を​引き起こす。​味方が​マナを​使うたびに​+2チャージを​獲得。[b][/b],
ARMOR_REDACTED_NAME,Redacted,,Tachado,Caviardeur,Schwärzer,Secretato,Censurado,,,検閲済み,
ARMOR_REDACTED_DESC,Side Quest Item. Health bars and status icons are hidden in battle.,,Objeto de misión secundaria. Las barras de salud y los iconos de estado se ocultan durante el combate.,"Objet de quête secondaire. En combat, les barres de vie et icônes d'état sont cachées.",Nebenquestgegenstand. LP-Anzeigen und Statussymbole sind im Kampf versteckt.,Oggetto per missione secondaria. Le barre della salute e le icone di stato sono nascoste in battaglia.,Item de missão secundária. Barras de saúde e ícones de estado ficam ocultos durante batalhas.,,,サイドクエストアイテム。​バトル中に​HPバーと​ステータスアイコンが​非表示。[b][/b],
ARMOR_REDACTED_FIXED_NAME,Paper Bag,,Bolsa de papel,Sac en papier,Papiertüte,Sacchetto di Carta,Saco de Papel,,,紙袋,
ARMOR_REDACTED_FIXED_DESC,Your [img:cha] is equal to your highest other stat.,,[img:cha] se iguala con el otro atributo más alto.,Votre [img:cha] est égal à votre stat la plus haute.,Dein [img:cha] ist genauso hoch wie dein höchstes anderes Attribut.,Il tuo [img:cha] è pari alla tua statistica più alta tra le altre.,Seu [img:cha] passa a ser igual ao seu outro atributo mais alto.,,,[img:cha]が​他の​最高ステータスと​同じに​なる。,
ARMOR_SPIDERINJECTOR_NAME,Spider Injector,,Inyección arácnida,Injecteur arachnéen,Spinneninjektor,Iniettore Aracnide,Injetor Aranha,,,蜘蛛注射器,
ARMOR_SPIDERINJECTOR_DESC,Side Quest Item. Apply Infested 4 to all allies at the start of each battle.,,Objeto de misión secundaria. Aplica 4 de infestación a todos los aliados al inicio de cada combate.,Objet de quête secondaire. Inflige Infestation +4&nbsp;à tous les alliés au début de chaque combat.,Nebenquestgegenstand. Verursache am Anfang jedes Kampfes bei allen Verbündeten Infiziert&nbsp;4.,Oggetto per missione secondaria. Applica Infestato 4 a tutti gli alleati all'inizio di ogni battaglia.,Item de missão secundária. Aplique infestação 4 em todos os aliados no início de cada batalha.,,,サイドクエストアイテム。​各バトル開始時に​全味方に​寄生4を​付与。[b][/b],
ARMOR_SPIDERINJECTOR_FIXED_NAME,Spider Baby,,Bebé araña,Bébé-araignée,Babyspinne,Ragnetto Neonato,Bebê Aranha,,,蜘蛛の​赤ちゃん,
ARMOR_SPIDERINJECTOR_FIXED_DESC,Apply Infested 1 to all enemies at the start of each battle.,,Aplica 1 de infestación a todos los enemigos al inicio de cada combate.,Inflige Infestation +1&nbsp;à tous les ennemis au début de chaque combat.,Verursache am Anfang jedes Kampfes bei allen Gegnern Infiziert&nbsp;1.,Applica Infestato 1 a tutti i nemici all'inizio di ogni battaglia.,Aplique infestação 1 em todos os aliados no início de cada batalha.,,,各バトル開始時に​全敵に​寄生1を​付与。[b][/b],
ARMOR_STORAGELOCKER_NAME,Storage Locker,,Taquilla,Casier de rangement,Schrank,Armadietto,Armário,,,保管ロッカー,
ARMOR_STORAGELOCKER_DESC,Side Quest Item. Your team's active ability level ups offer rare items instead.,,Objeto de misión secundaria. La habilidad activa del grupo ofrece objetos inusuales al subir de nivel.,Objet de quête secondaire. Les gains de niveau de la compétence active de votre équipe confèrent des objets rares.,"Nebenquestgegenstand. Wenn du normalerweise Aktivfähigkeiten aufleveln würdest, kannst du stattdessen seltene Gegenstände erhalten.",Oggetto per missione secondaria. Gli aumenti di livello delle abilità attive della tua squadra sono oggetti rari.,Item de missão secundária. Os novos níveis das habilidades ativas de sua equipe passam a oferecer itens raros.,,,サイドクエストアイテム。​チームの​アクティブアビリティの​レベルアップが​レアアイテムを​提示。[b][/b],
ARMOR_STORAGELOCKER_FIXED_NAME,Armory Key,,Llave de la armería,Clé d'armurerie,Schlüssel für die Waffenkammer,Chiave dell'Armeria,Chave do Arsenal,,,武器庫の​鍵,
ARMOR_STORAGELOCKER_FIXED_DESC,Find an extra item after each battle.,,Encuentra un objeto extra después de cada combate.,Vous obtenez un objet bonus après chaque combat.,Finde nach jedem Kampf einen zusätzlichen Gegenstand.,Trovi un oggetto aggiuntivo dopo ogni battaglia.,Encontre um item adicional após cada batalha.,,,各バトル後に​追加アイテムを​発見。[b][/b],
ARMOR_TRANSMITTERANTENNA_NAME,Transmitter Antenna,,Antena transmisora,Antenne émettrice,Sendeantenne,Antenna Trasmittente,Antena Transmissora,,,送信アンテナ,
ARMOR_TRANSMITTERANTENNA_DESC,"Place it far in the future.Your spells cost -2 mana. Every time you or another cat casts a spell, scramble that spell for the rest of the battle.",,Hay que colocarla en un futuro lejano.Sus hechizos cuestan -2 de maná. Los hechizos que lanzan este gato u otro se mezclan durante el resto del combate.,"À installer dans un futur très lointain.Vos sorts coûtent -2&nbsp;mana. Quand vous ou un autre chat lancez un sort, altérez ce sort pour le reste du combat.","Bau sie in der Zukunft auf.Deine Zauber kosten -2&nbsp;Mana. Jedes Mal, wenn du oder eine andere Katze einen Zauber wirkt, wird er für den Rest des Kampfes mit einem anderen zufälligen Zauber ausgetauscht.","Posizionala nel lontano futuro.I tuoi incantesimi costano -2 mana. Ogni volta che tu o un altro gatto lanciate un incantesimo, quell'incantesimo diventa scombussolato per il resto della battaglia.","Coloque este item no futuro distante.Seus encantamentos custam -2 de mana. Sempre que você ou outro gato lançar um encantamento, embaralhe esse encantamento pelo resto da batalha.",,,遠い​未来に​設置。​スペルコスト-2。​あなたまたは​他の​猫が​スペルを​詠唱する​たびに、​その​スペルは​バトル終了まで​スクランブル。[b][/b],
ARMOR_ULTRAVISION3000_NAME,Ultra Vision 3000,,Ultravisión 3000,Ultra Vision 3&nbsp;000,Ultravision 3000,Ultra Vision 3000,Ultra Visão 3000,,,ウルトラビジョン3000,
ARMOR_ULTRAVISION3000_DESC,Side Quest Item. Events are harder. All normal events trigger 2 extra events.,,Objeto de misión secundaria. Los eventos son más difíciles. Todos los eventos normales activan 2 eventos extras.,Objet de quête secondaire. La difficulté des événements se corse. Les événements normaux déclenchent 2&nbsp;événements bonus.,Nebenquestgegenstand. Ereignisse sind schwerer. Alle normalen Ereignisse lösen 2&nbsp;zusätzliche Ereignisse aus.,Oggetto per missione secondaria. Gli eventi sono più difficili. Tutti gli eventi normali attivano 2 eventi aggiuntivi.,Item de missão secundária. Eventos são mais difíceis. Todos os eventos normais ativam 2 eventos adicionais.,,,サイドクエストアイテム。​イベントが​困難。​全通​常イベントが​追加2イベントを​引き起こす。[b][/b],
ARMOR_ULTRAVISION3000_FIXED_NAME,Ultra Vision 3000 v1.1,,Ultravisión 3000 v1.1,Ultra Vision 3&nbsp;000&nbsp;v1.1,Ultravision 3000 v1.1,Ultra Vision 3000 v1.1,Ultra Visão 3000 v1.1,,,ウルトラビジョン3000 v1.1,
ARMOR_ULTRAVISION3000_FIXED_DESC,Your basic attack inflicts Marked.,,El ataque básico inflige punto de mira.,Votre attaque de base inflige Marquage.,Dein Grundangriff verursacht Markiert.,Il tuo attacco base infligge Marchiato.,Seu ataque básico aplica marcação.,,,通常攻撃が​マーク済みを​付与。[b][/b],
ITEM_AIRHORN_NAME,Air Horn,,Sirena,Corne de brume,Lufthorn,Sirena,Buzina,,,エアホーン,
ITEM_AIRHORN_DESC,Side Quest Item. You are Ambushed every battle. Use to make some noise!,,"Objeto de misión secundaria. Esta unidad sufre un ataque por sorpresa en cada combate. Si la usa, ¡hará mucho ruido!",Objet de quête secondaire. Vous êtes pris en embuscade à chaque combat. Utilisez-la pour faire du boucan&nbsp;!,"Nebenquestgegenstand. Du wirst in jedem Kampf überrascht. Benutz es, um ordentlich Lärm zu machen!",Oggetto per missione secondaria. Ti viene tesa un'imboscata in ogni battaglia. Usala per fare rumore!,Item de missão secundária. Você sofre emboscadas em todas as batalhas. Use-a para criar o caos!,,,サイドクエストアイテム。​毎バトル奇襲される。​使用:音を​出す![b][/b],
ITEM_AIRHORN_FIXED_NAME,Amplified Air Horn,,Sirena amplificada,Corne de brume amplifiée,Verstärktes Lufthorn,Sirena Amplificata,Buzina de Ar Amplificada,,,増幅エアホーン,
ITEM_AIRHORN_FIXED_DESC,Use: Apply Madness to a unit within 5 tiles in your line of sight.[s:.7](Usable once per battle.)[/s],,Uso: Aplica locura a una unidad en un radio de 5 casillas del campo visual.[s:.7](Disponible una vez por combate).[/s],Utilisation&nbsp;: Inflige Folie à une unité située dans un rayon de 5&nbsp;cases dans votre ligne de mire.[s:.7](Utilisable 1&nbsp;fois par combat.)[/s],Benutzen: Verursache Wahnsinn bei einer Einheit innerhalb von 5&nbsp;Feldern in deiner Sichtlinie.[s:.7](Einmal pro Kampf verwendbar.)[/s],Uso: Applica Follia a un'unità entro 5 caselle nel tuo campo visivo.[s:.7](Utilizzabile una volta per battaglia.)[/s],Uso: aplique insanidade em uma unidade a até 5 espaços de distância dentro do seu campo de visão.[s:.7](Um uso por batalha.)[/s],,,使用:視界内5タイル以内の​ユニットに​狂気を​付与。[s:.7](バトル中1回のみ​使用可能。)[/s],
ITEM_BLACKSHARD_NAME,Black Shard,,Fragmento negro,Sombréclat,Schwarzer Splitter,Frammento Nero,Fragmento Negro,,,黒い​欠片,
ITEM_BLACKSHARD_DESC,Use: Absorb a unit with {aux} or less health to power this item up.Transforms after 20 absorptions.[s:.7](Saves its power across multiple runs.)[/s][s:.7](Usable once per battle.)[/s],,Uso: Absorbe a una unidad con {aux} de salud o menos para potenciar este objeto.Se transforma después de 20 absorciones.[s:.7](Guarda el poder durante varias aventuras).[/s][s:.7](Disponible una vez por combate).[/s],Utilisation&nbsp;: cet objet bénéficie d'un bonus en absorbant une unité avec {aux} PV ou moins.Se transforme après 20&nbsp;absorptions.[s:.7](Conserve sa puissance au cours des parties.)[/s][s:.7](Utilisable 1&nbsp;fois par combat.)[/s],"Benutzen: Absorbiere eine Einheit mit {aux} oder weniger Gesundheit, um diesen Gegenstand zu verstärken.Verwandelt sich nach 20&nbsp;absorbierten Einheiten.[s:.7](Behält seine Kraft über mehrere Abenteuer hinweg.)[/s][s:.7](Einmal pro Kampf verwendbar.)[/s]",Uso: Assorbe un'unità con {aux} o meno di salute per potenziare quest'oggetto.Si trasforma dopo 20 potenziamenti.[s:.7]Mantiene la potenza anche in partite diverse.[/s][s:.7](Utilizzabile una volta per battaglia.)[/s],Uso: absorva uma unidade com {aux} ou menos de saúde para abastecer este item.Transforma-se após 20 absorções.[s:.7](Sua energia é mantida por diversas partidas.)[/s][s:.7](Um uso por batalha.)[/s],,,使用:{aux}以下の​HPの​ユニットを​吸収して​パワーアップ。​20回吸収後に​変化。[s:.7](複数の​冒険に​またがって保存。)[/s][s:.7](バトル中1回のみ​使用可能。)[/s],
ITEM_BLACKSHARD_GLOWING_NAME,Glowing Black Shard,,Fragmento negro resplandeciente,Sombréclat scintillant,Glühender Schwarzer Splitter,Frammento Nero Luminescente,Fragmento Negro Brilhante,,,輝く​黒い​欠片,
ITEM_BLACKSHARD_GLOWING_DESC,"Stab it into The Coven! Use: Deal 5 damage with Lifesteal, inflict Burn 5, and purge all buffs. Instantly kills The Coven.[s:.7](Usable once per battle.)[/s]",,"¡Hay que clavarlo en el Aquelarre! Uso: Inflige 5 de daño con robavida y 5 de quemadura, y elimina todas las ventajas. Mata al instante al Aquelarre.[s:.7](Disponible una vez por combate).[/s]","Balance ça dans l'Amalgamation&nbsp;!Utilisation&nbsp;: inflige 5&nbsp;dégâts avec Vol de vie, applique Brûlure +5, et dissipe tous les bonus. Tue instantanément la Congrégation.[s:.7](Utilisable 1&nbsp;fois par combat.)[/s]","Stich den Zirkel mit ihm ab!Benutzen: Verursache 5&nbsp;Schaden mit Lebensabsaugung, Verbrennung&nbsp;5 und reinige alle Stärkungen. Tötet den Zirkel sofort.[s:.7](Einmal pro Kampf verwendbar.)[/s]","Conficcalo nella Congrega!Uso: Infliggi 5 di danno con Rubavita, Bruciatura 5 e rimuovi tutti i bonus. Uccide istantaneamente la Congrega.[s:.7](Utilizzabile una volta per battaglia.)[/s]","Crave-o no Sabá!Uso: cause 5 de dano com roubo de vida, aplique queimadura 5 e remova todos os fortalecimentos. Mata o sabá instantaneamente.[s:.7](Um uso por batalha.)[/s]",,,集会に​突き刺す!使用:ライフスティールで​5ダメージ、​燃焼5を​付与、​全バフを​剥がす。​集会を​即死。[s:.7](バトル中1回のみ​使用可能。)[/s],
ITEM_BUBBLEBOY_FIXED_NAME,Bubbles,,Burbujas,Bulles,Bläschen,Bolle,Bolhas,,,泡,
ITEM_BUBBLEBOY_FIXED_DESC,Use: Throw a bubble with Wind and Water Element that inflicts Confusion.,,Uso: Lanza una burbuja con los elementos de viento y agua que inflige confusión.,Utilisation&nbsp;: lance une bulle de vent et d'eau qui inflige Confusion.,"Benutzen: Wirf eine Wind-/Wasserblase, die Verwirrung verursacht.",Usa: Lanci una bolla con elementi Vento e Acqua che infligge Confusione.,Uso: lance uma bolha do elemento vento e água que aplica confusão.,,,使用:混乱を​付与する​風・​水属性の​泡を​投げる。[b][/b],
ITEM_CRYOGENICTIMECHAMBER_EMPTY_NAME,Cryogenic Time Chamber,,Cámara temporal criogénica,Cryocapsule temporelle,Kryogene Zeitkammer,Camera del Tempo Criogenica,Câmara de Tempo Criogênico,,,極低温タイムチャンバー,
ITEM_CRYOGENICTIMECHAMBER_EMPTY_DESC,Put the Throbbing King's heart inside it.All enemy bodies revive to 30% health at the end of each round (except bosses). Find a random pill at the end of each battle.,,Hay que meter el corazón del Rey Palpitante dentro.Todos los cadáveres enemigos resucitan con un 30 % de salud al final de cada ronda (menos los jefes). Encuentra una pastilla al azar al final de cada combate.,Placez-y le cœur du Roi lancinant.Les cadavres ennemis reviennent à la vie avec 30&nbsp;% de leurs PV à la fin de chaque manche (excepté les boss). Vous obtenez une pilule aléatoire à la fin de chaque combat.,Bewahre das Herz des Pulsierenden Königs in ihr auf.Alle Gegner werden am Ende jeder Runde mit 30&nbsp;% LP wiederbelebt (außer Bosse). Finde am Ende jedes Kampfes eine zufällige Pille.,Metti il ​​cuore del Re Pulsante al suo interno.Tutti i corpi nemici si rianimano con il 30% della salute alla fine di ogni round (tranne i boss). Trovi una pillola casuale alla fine di ogni battaglia.,Coloque o coração do Rei Pulsante em seu interior.Todos os corpos de inimigos revivem com 30% de saúde no final de cada rodada (exceto chefes). Encontre uma pílula adicional no final de cada batalha.,,,拍動する​王の​心臓を​入れる。​全敵の​死体が​各ラウンド終了時に​30%HPで​復活(ボス除く)。​各バトル終了時に​ランダムな​ピルを​発見。[b][/b],
ITEM_CRYOGENICTIMECHAMBER_FULL_NAME,Cryogenic Time Chamber (Throbbing),,Cámara temporal criogénica (palpitante),Cryocapsule temporelle (lancinante),Kryogene Zeitkammer (Pulsierend),Camera del Tempo Criogenica (Pulsante),Câmara de Tempo Criogênico (Pulsante),,,極低温タイムチャンバー(拍動),
ITEM_CRYOGENICTIMECHAMBER_FULL_DESC,Use it on the time machine in the Lab.All enemy bodies revive to full health at the end of each round (except bosses). +2 Health Regen.,,Hay que usarla en la máquina del tiempo del laboratorio.Todos los cadáveres enemigos resucitan con la salud al completo al final de cada ronda (menos los jefes). +2 de regeneración de salud.,À utiliser avec la machine à voyager dans le temps du labo.Les cadavres ennemis reviennent à la vie avec l'intégralité de leurs PV à la fin de chaque manche (excepté les boss). Régénération de PV +2.,Verwende sie bei der Zeitmaschine im Labor.Alle Gegner werden am Ende jeder Runde mit vollen LP wiederbelebt (außer Bosse). +2&nbsp;Lebensregeneration.,Usala sulla macchina del tempo nel Laboratorio.Tutti i corpi nemici si rianimano al massimo della salute alla fine di ogni round (tranne i boss). +2 a Rigenerazione Salute.,Use na máquina do tempo no Laboratório.Todos os corpos de inimigos revivem com saúde completa no final de cada rodada (exceto chefes). +2 de regeneração de saúde.,,,研究所の​タイムマシンで​使用。​全敵の​死体が​各ラウンド終了時に​満タンHPで​復活(ボス除く)。​+2HP再生。[b][/b],
ITEM_GLASSCANNON_NAME,Glass Cannon,,Cañón de cristal,Canon de verre,Glaskanone,Cannone di Vetro,Canhão de Vidro,,,ガラスの​大砲,
ITEM_GLASSCANNON_DESC,Side Quest Item. Fill the map with glass at the start of each battle.Use: Shoot a glass ball.,,Objeto de misión secundaria. Llena el mapa de cristales al inicio de cada combate.Uso: Dispara una bola de cristal.,Objet de quête secondaire. La carte est couverte de verre au début de chaque combat.Utilisation&nbsp;: tire un boulet de canon de verre.,Nebenquestgegenstand. Füll die Karte am Anfang jedes Kampfes mit Scherben.Benutzen: Verschieße eine Glaskugel.,Oggetto per missione secondaria. Riempi la mappa di vetro all'inizio di ogni battaglia.Uso: Spari una sfera di vetro.,Item de missão secundária. Encha o mapa com vidro no início de cada batalha.Uso: atire uma bola de vidro.,,,サイドクエストアイテム。​各バトル開始時に​マップを​ガラスで​埋め尽くす。​使用: ガラス弾を​撃つ。[b][/b],
ITEM_GLASSCANNON_FIXED_NAME,Glass Cannon (Fixed),,Cañón de cristal (arreglado),Canon de verre (réparé),Glaskanone (Repariert),Cannone di Vetro (Riparato),Canhão de Vidro (Reparado),,,ガラスの​大砲(修理済),
ITEM_GLASSCANNON_FIXED_DESC,Use: Shoot a glass ball anywhere.,,Uso: Dispara una bola de cristal a cualquier parte.,Utilisation&nbsp;: tire un boulet de canon de verre n'importe où.,Benutzen: Verschieße eine Glaskugel auf ein beliebiges Ziel.,Uso: Spari una sfera di vetro in qualunque punto.,Uso: dispare uma bola de vidro em qualquer lugar.,,,使用: どこでも​ガラス弾を​撃つ。[b][/b],
ITEM_HARDPILL_NAME,Unidentified Pills,,Pastillas sin nombre,Pilules non identifiées,Geheimnisvolle Pillen,Pillole Non Identificate,Pílulas Desconhecidas,,,正体​不明の​錠剤,
ITEM_HARDPILL_DESC,Side Quest Item. The adventure is harder!,,Objeto de misión secundaria. ¡La aventura se complica!,Objet de quête secondaire. La difficulté de l'aventure se corse&nbsp;!,Nebenquestgegenstand: Dein Abenteuer ist härter!,Oggetto per missione secondaria. L'avventura è più difficile!,Item de missão secundária. A aventura é mais difícil!,,,サイドクエストアイテム。​冒険の​難易度が​上がる![b][/b],
ITEM_HARDPILL_FIXED_NAME,Truck Stop Pills,,Pastillas de la parada de camiones,Pilules de l'aire de repos,Parkplatzpillen,Pillole da Area di Servizio,Pílulas de Parada de Caminhões,,,トラック野郎の​錠剤,
ITEM_HARDPILL_FIXED_DESC,+3 Brace. You count as a rock.,,+3 de refuerzo. Esta unidad cuenta como roca.,Garde +3. Vous êtes considéré comme une pierre.,+3&nbsp;Wappnen. Du zählst als Stein.,+3 alla Guardia. Vali come una roccia.,+3 de preparação. Você conta como uma pedra.,,,+3ガード。​あなたは​岩と​して​扱われる。[b][/b],
ITEM_JAROFCHAOS_NAME,Jar Of Chaos,,Tarro de caos,Bocal du chaos,Chaosglas,Barattolo del Caos,Pote de Caos,,,混沌の​瓶,
ITEM_JAROFCHAOS_DESC,Bring it to Dr. Beanies....or drink it to permanently gain All Stats Up 2 and upgrade all of your spells.,,Hay que llevárselo al Dr. Beanies...O bebérselo para obtener 2 de aumento total y mejorar todos sus hechizos para siempre.,Ammenez-le au Dr Beanies.... ou buvez-le pour obtenir Hausse de stats +2&nbsp;de façon permanente et améliorer tous vos sorts.,"Bring es zu Dr. Beanies.…&nbsp;Oder du kannst es trinken, um dauerhaft einen Bonus von 2 auf alle Attribute zu erhalten und all deine Zauber zu verbessern.",Portalo al Dottor Beanies....o bevilo per ottenere permanentemente Aumento delle Statistiche 2 e potenziare tutti i tuoi incantesimi.,Leve-o para o Dr. Beanies....ou beba-o para obter todos os atributos aumentados 2 permanentemente e aprimorar todos os seus encantamentos.,,,ビーニーズ博士に​届けよう。…または​飲んで​全ステータス+2を​永続的に​得て、​全スペルを​アップグレードする。[b][/b],
ITEM_JAROFNOTHING_NAME,Jar Of Nothing,,Tarro de nada,Bocal vide,Leeres Glas,Barattolo del Nulla,Pote de Nada,,,空っぽの​瓶,
ITEM_JAROFNOTHING_DESC,It's trash now.,,Para la basura.,Bon pour la poubelle.,Das ist jetzt wertlos.,Ora è spazzatura.,É lixo agora.,,,もう​ゴミにゃ。,
ITEM_JAROFRADIATEDBLOOD_NAME,Jar of Radiated Blood,,Tarro de sangre irradiada,Bocal de sang irradié,Glas mit radioaktivem Blut,Barattolo di Sangue Irradiato,Pote de Sangue Radioativo,,,汚染された​血の​瓶,
ITEM_JAROFRADIATEDBLOOD_DESC,"Add a bit of Chaos to it from The Rift.Whenever you take damage, spawn a friendly Clot that can grow into a copy of yourself. At the end of each battle, gain +2 to a random stat and -2 to a random stat, permanently.",,"Hay que añadir un poco de caos de la Grieta.Siempre que sufre daño, esta unidad genera un coágulo aliado que puede convertirse en una copia. Al final de cada combate, obtiene para siempre +2 de un atributo al azar y -2 de otro atributo al azar.","Ajoutez-y un peu du chaos de la Faille.Quand vous subissez des dégâts, un caillot allié pouvant vous copier apparaît. À la fin de chaque combat, +2&nbsp;à une stat aléatoire et -2&nbsp;à une autre, de façon permanente.","Alles, was das noch braucht, ist ein wenig Chaos aus dem Riss.Immer wenn du Schaden erleidest, erscheint ein freundliches Blutgerinnsel, das zu einem Klon von dir heranwachsen kann. Am Ende jedes Kampfes erhältst du dauerhaft +2&nbsp;auf ein zufälliges Attribut und -2&nbsp;auf ein zufälliges Attribut.","Aggiungici un po' di Caos dalla Fenditura.Ogni volta che subisci danno, generi un Grumo alleato che può crescere e diventare una tua copia. Alla fine di ogni battaglia, ottieni +2 a una statistica casuale e -2 a una statistica casuale, in modo permanente.","Adicione um pouco de caos da Fissura.Sempre que sofrer dano, gere um coágulo amigável que pode se tornar uma cópia sua. No final de cada batalha, obtenha +2 em um atributo aleatório e -2 em um atributo aleatório, permanentemente.",,,裂け目から​混沌を​少し​加えよう。​ダメージを​受ける​たびに、​成長する​友好的な​血塊を​召喚する。[b][/b],
ITEM_JAROFRADIATION_NAME,Jar of Radiation,,Tarro de radiación,Bocal irradié,Verstrahltes Glas,Barattolo delle Radiazioni,Pote de Radiação,,,放射能の​瓶,
ITEM_JAROFRADIATION_DESC,"Fill it with the blood of the Throbbing King.At the end of your turn, deal 1 damage to EVERYTHING. At the end of each battle, gain +1 to a random stat and -1 to a random stat, permanently.",,"Hay que llenarlo con la sangre del Rey Palpitante.Al final del turno, inflige 1 de daño a todo. Al final de cada combate, obtiene para siempre +1 de un atributo al azar y -1 de otro atributo al azar.","Remplissez-le du sang du Roi lancinant.À la fin de votre tour, 1&nbsp;dégât est infligé à absolument tout. À la fin de chaque combat, +1&nbsp;à une stat aléatoire et -1&nbsp;à une autre, de façon permanente.",Füll es mit dem Blut des Pulsierenden Königs.Am Ende deines Zuges verursacht du bei ALLEM 1&nbsp;Schaden. Am Ende jedes Kampfes erhältst du dauerhaft +1&nbsp;auf ein zufälliges Attribut und -1&nbsp;auf ein zufälliges Attribut.,"Riempilo con il sangue del Re Pulsante.Alla fine del tuo turno, infliggi 1 danno a TUTTO. Alla fine di ogni battaglia, ottieni +1 a una statistica casuale e -1 a una statistica casuale, in modo permanente.","Preencha com o sangue do Rei Pulsante.No final do seu turno, cause 1 de dano a TUDO. No final de cada batalha, obtenha +1 em um atributo aleatório e -1 em um atributo aleatório, permanentemente.",,,脈動の​王の​血で​満た​そう。​ターン終了時に​全てに​1ダメージを​与える。[b][/b],
ITEM_MESTONE_NAME,Me Stone,,Piedra del yo,Pierre d'égo,Ich-Stein,Pietra del Me,Pedra Eu,,,ミーストーン,
ITEM_MESTONE_DESC,"Side Quest Item. This cat always levels up, and can level up even if it was downed.",,"Objeto de misión secundaria. Este gato siempre sube de nivel, aunque haya sido abatido.","Objet de quête secondaire. Ce chat monte constamment de niveau, et ce même K.O.","Nebenquestgegenstand. Diese Katze steigt immer ein Level auf, sogar, wenn sie ohnmächtig ist.",Oggetto per missione secondaria. Questo gatto sale sempre di livello e può farlo anche se è KO.,"Item de missão secundária. Este gato sempre sobre de nível, mesmo se ficou inconsciente.",,,サイドクエストアイテム。​この​猫は​必ずレベルアップし、​倒されていても​レベルアップできる。[b][/b],
ITEM_MESTONE_FIXED_NAME,Suck Stone,,Piedra succionadora,Pierre absorbante,Saugerstein,Pietra del Risucchio,Pedra Suga,,,サックストーン,
ITEM_MESTONE_FIXED_DESC,"At the end of your turn, drain up to 5 mana from each of your allies.",,"Al final del turno, absorbe hasta 5 de maná de cada uno de los aliados.","À la fin de votre tour, aspire jusqu'à 5&nbsp;mana à chacun de vos alliés.",Am Ende deines Zuges saugst du bis zu 5&nbsp;Mana von allen Verbündeten ab.,"Alla fine del tuo turno, risucchi fino a 5 mana da ciascuno dei tuoi alleati.","No final do seu turno, drene até 5 de mana de cada um dos seus aliados.",,,ターン終了時に​各味方から​最大5マナを​吸い​取る。[b][/b],
ITEM_MYSTERIOUSDICE_NAME,Mysterious Dice,,Dados misteriosos,Dé mystérieux,Geheimnisvoller Würfel,Dadi Misteriosi,Dados Misteriosos,,,不​思議な​ダイス,
ITEM_MYSTERIOUSDICE_DESC,Side Quest Item. Your team's level up options are complete chaos!,,Objeto de misión secundaria. ¡Las opciones para subir de nivel del grupo son un caos monumental!,Objet de quête secondaire. Les options de montée de niveau de votre équipe sont un véritable chaos&nbsp;!,Nebenquestgegenstand. Die Auswahlmöglichkeiten deiner Gruppe sind beim aufleveln völlig chaotisch!,Oggetto per missione secondaria. Le opzioni di aumento di livello della tua squadra sono puro caos!,Item de missão secundária. As opções da sua equipe ao subir de nível são completamente caóticas!,,,サイドクエストアイテム。​チームの​レベルアップ選択肢が​完全に​カオスに​なる![b][/b],
ITEM_MYSTERIOUSDICE_FIXED_NAME,The D6,,D6,Le D6,Der W6,Il D6,D6,,,D6,
ITEM_MYSTERIOUSDICE_FIXED_DESC,Use: Permanently upgrade one of your active abilities at random.,,Uso: Mejora para siempre una de las habilidades activas al azar.,Utilisation&nbsp;: améliore aléatoirement une de vos compétences actives de façon permanente.,Benutzen: Verbessere eine zufällige deiner Aktivfähigkeiten dauerhaft.,Uso: Potenzi permanentemente una delle tue abilità attive a caso.,Uso: aprimore permanentemente uma de suas habilidades ativas de forma aleatória.,,,使用: アビリティの​1つを​ランダムに​永続アップグレードする。[b][/b],
ITEM_NUCLEARKNIFE_NAME,Nuclear Knife,,Cuchillo nuclear,Couteau nucléaire,Atommesser,Coltello Nucleare,Faca Nuclear,,,核ナイフ,
ITEM_NUCLEARKNIFE_DESC,"Side Quest Item. Use: Melee Attack with damage = charges ({aux}). Permanenetly gains 1 charge at the end of each turn.If charges go above 10, this weapon explodes.Loses half of its charges when it gets a kill.",,"Objeto de misión secundaria. Uso: Ataque cuerpo a cuerpo que inflige el mismo daño que cargas ({aux}). Obtiene para siempre 1 de carga al final de cada turno.Con más de 10 cargas, esta arma estalla.Pierde la mitad al matar a un enemigo.","Objet de quête secondaire. Utilisation&nbsp;: une attaque au corps-à-corps dont les dégâts sont égaux aux charges ({aux}). Charge +1&nbsp;de façon permanente à la fin de chaque tour.Si plus de 10&nbsp;charges, l'arme explose.Perd la moitié de ses charges à chaque ennemi tué.","Nebenquestgegenstand. Benutzen: Nahkampfangriff mit Schaden&nbsp;= Aufladungen ({aux}). Erhält am Ende jedes Zuges dauerhaft 1&nbsp;Aufladung.Wenn es mehr als 10&nbsp;Aufladungen erhält, explodiert die Waffe.Verliert die Hälfte seiner Aufladungen, wenn du etwas mit ihr tötest.","Oggetto per missione secondaria. Uso: Attacco corpo a corpo con danno = Cariche ({aux}). Ottieni permanentemente 1 Carica alla fine di ogni turno.Se le cariche sono più di 10, quest'arma esplode.Perde metà delle sue cariche quando uccide qualcuno.","Item de missão secundária. Uso: um ataque corpo-a-corpo com dano equivalente à quantidade de cargas ({aux}). Obtenha 1 carga permanentemente no final de cada turno.Se a quantidade de cargas for maior do que 10, esta arma explode.Perde metade de suas cargas ao realizar uma baixa.",,,サイドクエストアイテム。​使用: チャージ数({aux})分の​ダメージで​近接攻撃。​ターン終了時に​チャージが​1永続的に​増加。[b][/b],
ITEM_NUCLEARKNIFE_GLOWING_NAME,Nuclear Knife (Glowing),,Cuchillo nuclear (brillante),Couteau nucléaire (scintillant),Atommesser (Strahlend),Coltello Nucleare (Luminescente),Faca Nuclear (Brilhante),,,核ナイフ(発光中),
ITEM_NUCLEARKNIFE_GLOWING_DESC,Side Quest Item. It's about to explode! Get a kill with this now to quench it.,,Objeto de misión secundaria. ¡Está a punto de estallar! Tiene que matar ya para saciar su sed de sangre.,Objet de quête secondaire. Il va exploser&nbsp;! Tuez une unité ennemie pour empêcher ça.,"Nebenquestgegenstand. Es explodiert gleich! Töte etwas mit ihm, um die Explosion zu verhindern.",Oggetto per missione secondaria. Sta per esplodere! Usalo subito per uccidere qualcuno e acquietarlo.,Item de missão secundária. Está prestes a explodir! Realize uma baixa com ela agora para acalmá-la.,,,サイドクエストアイテム。​爆発寸前! 今すぐ​キルして​鎮めろ![b][/b],
ITEM_NUCLEARKNIFE_FIXED_NAME,Nuclear Gun,,Arma nuclear,Pistolet nucléaire,Atompistole,Pistola Nucleare,Arma Nuclear,,,核銃,
ITEM_NUCLEARKNIFE_FIXED_DESC,Use: Deals 40 damage to a target and 20 damage to EVERYTHING ELSE. 20% chance to break on use.,,Uso: Inflige 40 de daño a un objetivo y 20 de daño a todo lo demás. 20 % de probabilidad de romperse al usarla.,Utilisation&nbsp;: inflige 40&nbsp;dégâts à une cible et 20&nbsp;dégâts à absolument tout le reste. 20&nbsp;% de chances de se briser après utilisation.,"Benutzen: Verursacht 40&nbsp;Schaden bei seinem Ziel und 20&nbsp;Schaden bei ALLEM ANDEREN. 20%ige Wahrscheinlichkeit, nach Benutzung kaputtzugehen.",Uso: Infliggi 40 di danno a un bersaglio e 20 di danno a TUTTO IL RESTO. 20% di probabilità di rottura quando viene usata.,Uso: causa 40 de dano a um alvo e 20 de dano a TODO O RESTO. 20% de chance de quebrar ao ser utilizada.,,,使用: 対象に​40ダメージ、​他の​全てに​20ダメージ。​20%の​確率で​壊れる。[b][/b],
ITEM_PARTYDETONATOR_NAME,Party Detonator,,Detonafiestas,Détonateur festif,Partydetonator,Detonatore da Festa,Detonador de Festa,,,パーティ起爆装置,
ITEM_PARTYDETONATOR_DESC,"Side Quest Item. All units explode when they die.Use: Explode a random other unit, once per battle.",,"Objeto de misión secundaria. Todas las unidades estallan al morir.Uso: Vuelva por los aires a otra unidad al azar, una vez por combate.","Objet de quête secondaire. Toutes les unités explosent quand elles meurent.Utilisation&nbsp;: fait exploser une autre unité aléatoire, une fois par combat.","Nebenquestgegenstand. Alle Einheiten explodieren, wenn sie sterben.Benutzen: Explodiere einmal pro Kampf eine zufällige andere Einheit.","Oggetto per missione secondaria. Tutte le unità esplodono quando muoiono.Uso: Fai esplodere un'altra unità a caso, una volta per battaglia.",Item de missão secundária. Todas as unidades explodem ao morrer.Uso: exploda uma outra unidade aleatória uma vez por batalha.,,,サイドクエストアイテム。​全ユ​ニットが​死亡時に​爆発する。​使用: ランダムな​ユニットを​爆発させる​(バトル中1回)。[b][/b],
ITEM_PARTYDETONATOR_FIXED_NAME,Party Detonator (Fixed),,Detonafiestas (arreglado),Détonateur d'équipe (réparé),Partydetonator (Repariert),Detonatore di gruppo (Riparato),Detonador de Festa (Reparado),,,パーティ起爆装置(修理済),
ITEM_PARTYDETONATOR_FIXED_DESC,Use: Explode a random unit within a target radius.[s:.7](Usable once per battle.)[/s],,Uso: Hace estallar una unidad al azar en un radio objetivo.[s:.7](Disponible una vez por combate).[/s],Utilisation&nbsp;: fait exploser une unité aléatoire dans un rayon ciblé.[s:.7](Utilisable 1&nbsp;fois par combat.)[/s],Benutzen: Explodiere eine zufällige Einheit innerhalb eines Zielradius.[s:.7](Einmal pro Kampf verwendbar.)[/s],Uso: Fai esplodere un'unità a caso entro un raggio bersaglio.[s:.7](Utilizzabile una volta per battaglia.)[/s],Uso: exploda uma unidade aleatória dentro de um raio.[s:.7](Um uso por batalha.)[/s],,,使用: 対象範囲内の​ランダムな​ユニットを​爆発させる。[s:.7](バトル中1回​使用可能)[/s],
ITEM_PERSUASIONDEVICE_NAME,Persuasion Device,,Dispositivo de persuasión,Outil de persuasion,Überzeugungsgerät,Dispositivo di Persuasione,Dispositivo de Persuasão,,,説得デバイス,
ITEM_PERSUASIONDEVICE_DESC,Side Quest Item. Use to permanently charm a non-boss enemy. It joins your party.[s:.7](Usable once per battle.)[/s],,"Objeto de misión secundaria. Uso: Embruja para siempre a un enemigo que no sea jefe, que se une al grupo.[s:.7](Disponible una vez por combate).[/s]",Objet de quête secondaire. Envoûte de façon permanente un ennemi non-boss. Il rejoint votre équipe.[s:.7](Utilisable 1&nbsp;fois par combat.)[/s],Nebenquestgegenstand. Verursache bei einem regulären Gegner dauerhaft Charme. Er tritt deiner Gruppe bei.[s:.7](Einmal pro Kampf verwendbar.)[/s],"Oggetto per missione secondaria. Usalo per ammaliare permanentemente un nemico non boss, che si unisce al tuo gruppo.[s:.7](Utilizzabile una volta per battaglia.)[/s]",Item de missão secundária. Use para enfeitiçar permanentemente um inimigo que não seja um chefe. Ele passa a fazer parte da sua equipe.[s:.7](Um uso por batalha.)[/s],,,サイドクエストアイテム。​使用で​ボス以外の​敵を​永続的に​魅了する。​パーティに​加わる。[s:.7](バトル中1回​使用可能)[/s],
ITEM_PERSUASIONDEVICE_FIXED_DESC,Use to permanently charm a non-boss enemy. It joins your party.[s:.7](Usable once per battle.)[/s],same?,"Uso: Embruja para siempre a un enemigo que no sea jefe, que se une al grupo.[s:.7](Disponible una vez por combate).[/s]",Envoûte de façon permanente un ennemi non-boss. Il rejoint votre équipe.[s:.7](Utilisable 1&nbsp;fois par combat.)[/s],Verursache bei einem regulären Gegner dauerhaft Charme. Er tritt deiner Gruppe bei.[s:.7](Einmal pro Kampf verwendbar.)[/s],"Usalo per ammaliare permanentemente un nemico non boss, che si unisce al tuo gruppo.[s:.7](Utilizzabile una volta per battaglia.)[/s]",Use para enfeitiçar permanentemente um inimigo que não seja um chefe. Ele passa a fazer parte da sua equipe.[s:.7](Um uso por batalha.)[/s],,,使用で​ボス以外の​敵を​永続的に​魅了する。​パーティに​加わる。[s:.7](バトル中1回​使用可能)[/s],
ITEM_PYROPHINASCOLLAR_NAME,Pyrophina's Collar,,Collar de Pyrophina,Collier de Pyrophina,Pyrophinas Halsband,Collare di Pyrophina,Coleira de Pyrophina,,,パイロフィーナの​首輪,
ITEM_PYROPHINASCOLLAR_DESC,Pyrophina joins you on your journey. She wishes to activate an obelisk on the moon.,,Pyrophina se une a la aventura con el deseo de activar un obelisco en la luna.,Pyrophina se joint à vous. Elle souhaite activer un obélisque sur la lune.,Pyrophina begleitet dich auf deiner Reise. Sie möchte einen Obelisk auf dem Mond aktivieren.,Pyrophina si unisce a te nel tuo viaggio. Vuole attivare un obelisco sulla luna.,Pyrophina se junta a você em sua jornada. Ela deseja ativar um obelisco na Lua.,,,パイロフィーナが​旅に​同行する。​月に​ある​オベリスクを​起動したがっている。[b][/b],
ITEM_SCALDINGORB_NAME,Scalding Orb,,Orbe abrasador,Orbe brûlant,Siedende Kugel,Sfera Rovente,Orbe Escaldante,,,灼熱の​オーブ,
ITEM_SCALDINGORB_DESC,Feed it to the Man in the Moon.Toss it to allies with open weapon slots to avoid taking Burn 3 each turn!Applies Burn 3 to units adjacent to allies that catch it.,,Hay que dárselo de comer al Hombre Lunar.¡Se lanza a los aliados con espacios de arma vacíos para no sufrir 3 de quemadura cada turno!Aplica 3 de quemadura a las unidades adyacentes a los aliados que lo atrapen.,Donnez-le à l'homme sur la lune.Lancez la patate chaude à des alliés ayant un emplacement d'arme libre pour éviter de subir Brûlure +3&nbsp;chaque tour&nbsp;!Inflige Brûlure +3&nbsp;aux unités adjacentes aux alliés qui l'attrapent.,"Verfüttere sie an den Mann im Mond.Wirf sie zu einem Verbündeten mit freiem Waffenplatz, um zu vermeiden, Verbrennung&nbsp;3 zu erleiden!Verursacht Verbrennung&nbsp;3 bei benachbarten Einheiten von dem Verbündeten, der sie fängt.",Dalla da mangiare all'Uomo nella Luna.Lanciala agli alleati con slot arma libero per evitare di subire Bruciatura 3 a ogni turno!Applica Bruciatura 3 alle unità adiacenti agli alleati che la prendono.,Entregue-o para o Homem na Lua.Lance-o em aliados com espaços abertos de armas para evitar sofrer queimadura 3 a cada turno!Aplica queimadura 3 em unidades adjacentes a aliados que o pegam.,,,月の​男に​食べさせよう。​武器スロットが​空いている​味方に​投げると、​毎ターン燃焼3を​受けるのを​回避できる。[b][/b],
ITEM_SIGNALAMPLIFIER_NAME,Signal Amplifier,,Amplificador de señal,Amplificateur de signal,Signalverstärker,Amplificatore di Segnale,Amplificador de Sinal,,,信号増幅器,
ITEM_SIGNALAMPLIFIER_DESC,Place it on a floating head inside The Rift.Spawn a random robot miniboss with Madness at the end of the first round.Use: Energize all robots and give yourself All Stats Up.,,Hay que colocarlo en una cabeza flotante que hay dentro de la Grieta.Genera un minijefe robot al azar con locura al inicio de la primera ronda.Uso: Esta unidad energiza a todos los robots y se otorga aumento total a sí misma.,Placez-le sur une tête flottante de la Faille.Invoque un mini-boss robot aléatoire touché par Folie à la fin de la première manche.Utilisation&nbsp;: stimule les robots et vous confère Hausse de stats.,Bau sie auf einem schwebenden Kopf im Riss auf.Rufe am Ende der ersten Runde einen zufälligen Roboter-Miniboss mit Wahnsinn.Benutzen: Verleihe allen Robotern Energetisch und dir einen Bonus auf alle Attribute.,Posizionalo su una testa fluttuante all'interno della Fenditura.Generi un miniboss robot casuale con Follia alla fine del primo round.Uso: Energizzi tutti i robot e ottieni Aumento delle Statistiche.,Coloque-o em uma cabeça flutuante na Fissura.Gere um mini chefe robô aleatório com insanidade no final da primeira rodada.Uso: abasteça todos os robôs e obtenha todos os atributos aumentados.,,,裂け目の​中の​浮遊する​頭に​取り付けよう。​ラウンド終了時に​狂気状態の​ランダムな​ロボットミニボスを​召喚する。[b][/b],
ITEM_STOPWATCH_NAME,Stopwatch,,Cronómetro,Chronomètre,Stoppuhr,Cronometro,Cronômetro,,,ストップウォッチ,
ITEM_STOPWATCH_DESC,"Side Quest Item. You have 5 seconds to make decisions in battle, otherwise cats will act randomly.",,"Objeto de misión secundaria. Tiene 5 segundos para decidir en combate. Si no, los gatos hacen cosas al azar.","Objet de quête secondaire. En combat, vous avez 5&nbsp;secondes pour prendre vos décisions. Ce délai écoulé, vos chats agiront aléatoirement.","Nebenquestgegenstand. Du musst dich innerhalb von 5&nbsp;Sek. für eine Aktion entscheiden, sonst agieren deine Katzen selbstständig.","Oggetto per missione secondaria. Hai 5 secondi per prendere decisioni in battaglia, altrimenti i gatti agiranno in modo casuale.","Item de missão secundária. Você possui 5 segundos para tomar decisões em batalha, ou então os gatos vão agir de forma aleatória.",,,サイドクエストアイテム。​バトル中の​判断時間が​5秒。​時間切れで​猫が​ランダムに​行動する。[b][/b],
ITEM_STOPWATCH_FIXED_NAME,Stopwatch (Fixed),,Cronómetro (arreglado),Chronomètre (réparé),Stoppuhr (Repariert),Cronometro (Riparato),Cronômetro (Reparado),,,ストップウォッチ(修理済),
ITEM_STOPWATCH_FIXED_DESC,Use: You or a target unit takes an AI controlled bonus turn.[s:.7](Usable once per battle.)[/s],,Uso: Esta unidad u otra objetivo juegan un turno de bonificación controlado por la IA.[s:.7](Disponible una vez por combate).[/s],Utilisation&nbsp;: vous ou une unité ciblée effectuez un tour bonus contrôlé par l'IA.[s:.7](Utilisable 1&nbsp;fois par combat.)[/s],Benutzen: Du oder eine ausgewählte Einheit erhältst einen zusätzlichen computergesteuerten Zug.[s:.7](Einmal pro Kampf verwendbar.)[/s],Uso: Tu o un'unità bersaglio effettuate un turno bonus sotto il controllo dell'IA.[s:.7](Utilizzabile una volta per battaglia.)[/s],Uso: você ou uma unidade alvo obtém um turno adicional sob controle do computador.[s:.7](Um uso por batalha.)[/s],,,使用: ​自分または​対象ユニットが​AI操作の​ボーナスターンを​得る。[s:.7](バトル中1回​使用可能)[/s],
ITEM_THELONER_NAME,The Loner,,El soloizador,Le Cavalier seul,Der Eigenbrötler,Il Solitario,Solitude,,,ザ・ローナー,
ITEM_THELONER_DESC,Side Quest Item. Kill all of your allies at the start of each battle.,,Objeto de misión secundaria. Mata a todos los aliados al inicio de cada combate.,"Objet de quête secondaire. Au début de chaque combat, tous vos alliés sont mis K.O.",Nebenquestgegenstand. Töte am Anfang jedes Kampfes all deine Verbündeten.,Oggetto per missione secondaria. Uccidi tutti i tuoi alleati all'inizio di ogni battaglia.,Item de missão secundária. Mate todos os seus aliados no início de cada batalha.,,,サイドクエストアイテム。​各バトル開始時に​味方を​全員殺す。[b][/b],
ITEM_THELONER_FIXED_NAME,The Loner Mark 2,,El soloizador II,Le Cavalier seul MK2,Der Eigenbrötler Mk. II,Marchio del Solitario 2,Marca da Solidão 2,,,ザ・ローナー Mark 2,
ITEM_THELONER_FIXED_DESC,Use: Deals 5 damage to anything in your line of sight.RELOAD: Any ally dies.,,Uso: Inflige 5 de daño a lo que haya en el campo visual.RECARGA: Cualquier aliado muere.,Utilisation&nbsp;: inflige 5&nbsp;dégâts à tout ce qui se trouve dans votre ligne de mire.RECHARGE&nbsp;: un allié est mis K.O.,Benutzen: Verursache 5&nbsp;Schaden bei allen Einheiten in deiner Sichtlinie.NACHLADEN: Ein Verbündeter stirbt.,Uso: Infliggi di 5 danno a qualsiasi cosa nel tuo campo visivo.RICARICA: Ogni alleato muore.,Uso: causa 5 de dano a qualquer coisa dentro do seu campo de visão.RECARREGAMENTO: a morte de qualquer aliado.,,,使用: 射線上に​ある​ものに​5ダメージ。​リロード: 味方が​死亡した時。[b][/b],
ITEM_THROBBINGGRISTLE_NAME,Throbbing Gristle,,Cartílago palpitante,Cartilage lancinant,Pulsierender Knorpel,Cartilagine Pulsante,Cartilagem Pulsante,,,脈動する​グリストル,
ITEM_THROBBINGGRISTLE_DESC,Take it to the Wall of Flesh in the Caves.All units die when they get downed.Use: A melee attack that turns things it kills into Meat.,,Hay que llevarlo al muro de carne que hay en las cuevas.Todas las unidades mueren al ser abatidas.Uso: Lanza un ataque cuerpo a cuerpo que convierte todo lo que mata en carne.,Ammenez-le au Mur de chair des grottes.Les unités meurent quand elles sont mises K.O.Utilisation&nbsp;: une attaque au corps-à-corps qui change en viande tout ce qu'elle tue.,"Bring ihn zur Fleischmauer in den Höhlen.Alle Einheiten sterben, wenn sie in Ohnmacht fallen.Benutzen: Ein Nahkampfangriff, der das, was er tötet, in Fleisch verwandelt.",Portala al Muro di Carne nelle Caverne.Tutte le unità muoiono quando vengono messe KO.Uso: Un attacco corpo a corpo che trasforma in carne tutto ciò che uccide.,Leve até a Parede de Carne nas Cavernas.Todas as unidades morrem ao ficarem inconscientes.Uso: um ataque corpo-a-corpo que transforma coisas que mata em carne.,,,洞窟の​肉の​壁に​持っていこう。​全ユ​ニットが​倒れた​時に​死亡する。​使用: 近接攻撃で​周囲の​全ユ​ニットの​肉を​もぎ取る。[b][/b],
ITEM_ZARATANASCOLLAR_NAME,Zaratana's Collar,,Collar de Zaratana,Collier de Zaratana,Zaratanas Halsband,Collare di Zaratana,Coleira de Zaratana,,,ザラタナの​首輪,
ITEM_ZARATANASCOLLAR_DESC,Zaratana joins you on your journey. She wishes to activate an obelisk in the Core.,,Zaratana se une a la aventura con el deseo de activar un obelisco en el núcleo.,Pyrophina se joint à vous. Elle souhaite activer un obélisque dans le Noyau.,Zaratana begleitet dich auf deiner Reise. Sie möchte einen Obelisk im Kern aktivieren.,Zaratana si unisce a te nel tuo viaggio. Vuole attivare un obelisco nel Nucleo.,Zaratana se junta a você em sua jornada. Ela deseja ativar um obelisco no Núcleo.,,,ザラタナが​旅に​同行する。​コアに​ある​オベリスクを​起動したがっている。[b][/b],
,,,,,,,,,,,
//class,,,,,,,,,,,
ITEM_MEATHOOK_NAME,Meat Hook,,Gancho para carne,Crochet à viande,Fleischhaken,Gancio da Macellaio,Gancho de Carne,,,ミートフック,
ITEM_MEATHOOK_DESC,Use: Pull a unit toward you.Innate,,Uso: Atrae a una unidad.Innato.,Utilisation&nbsp;: attire une unité vers vous.Objet inné.,Benutzen: Zieh eine Einheit an dich heran.Inhärent,Uso: Attiri un'unità verso di te.Innato,Uso: puxa uma unidade na sua direção.Inato.,,,使用: ユニットを​引き寄せる。​固有[b][/b],
ITEM_MEATHOOKTEMP_DESC,Use: Pull a unit toward you.,,Uso: Atrae a una unidad.,Utilisation&nbsp;: attire une unité vers vous.,Benutzen: Zieh eine Einheit an dich heran.,Uso: Attiri un'unità verso di te.,Uso: puxe uma unidade na sua direção.,,,使用: ユニットを​引き寄せる。[b][/b],
ITEM_MONKFIST_NAME,Monk Fist,,Puño de monje,Poing de moine,Mönchsfaust,Pugno del Monaco,Punho de Monge,,,モンクの​拳,
ITEM_MONKFIST_DESC,"You can use your basic attack an extra time each turn.Innate",,Puede lanzar el ataque básico otra vez cada turno.Innato.,Vous pouvez utiliser votre attaque de base une fois de plus chaque tour.Objet inné.,Du kannst deinen Grundangriff ein zusätzliches Mal pro Zug benutzen.Inhärent,Puoi usare il tuo attacco base una volta in più ogni turno.Innato,Você pode utilizar seu ataque básico uma vez adicional a cada turno.Inato.,,,毎ターン通常攻撃を​追加で​1回​使える。​固有[b][/b],
ITEM_SOULDAGGER_NAME,Soul Dagger,,Daga de alma,Dague spirituelle,Seelendolch,Daga dell'Anima,Adaga da Alma,,,ソウルダガー,
ITEM_SOULDAGGER_DESC,"Use: A melee attack. If this weapon damages an allied cat, gain one of their spells at random in your bonus ability slot.If this weapon downs an ally it becomes Charged for the rest of the battle.",,"Uso: Lanza un ataque cuerpo a cuerpo. Si esta arma daña a un aliado, la unidad obtiene uno de sus hechizos al azar en el espacio de habilidad de bonificación.Si abate a un aliado, se carga durante el resto del combate.","Utilisation&nbsp;: une attaque au corps-à-corps. Si cette arme inflige des dégâts à un chat allié, vous obtenez l'un de ses sorts au hasard dans votre emplacement de compétence bonus.Si cette arme met un allié K.O., elle devient chargée pour le reste du combat.","Benutzen: Ein Nahkampfangriff. Wenn diese Waffe einer verbündeten Katze Schaden zufügt, erhältst du einen zufälligen ihrer Zauber als Bonusfähigkeit.Wenn diese Waffe einen Verbündeten ohnmächtig macht, ist sie für den Rest des Kampfes aufgeladen.","Uso: Un attacco corpo a corpo. Se quest'arma infligge danno a un gatto alleato, ottieni uno dei suoi incantesimi a caso nel tuo slot abilità bonus.Se quest'arma mette KO un alleato, diventa Carica per il resto della battaglia.","Uso: um ataque corpo-a-corpo. Se esta arma causar dano a um gato aliado, obtenha um de seus encantamentos aleatoriamente em seu espaço de habilidade bônus.Se esta arma deixar um aliado inconsciente, ela se torna carregada pelo resto da batalha.",,,使用: 近接攻撃。​味方の​猫に​ダメージを​与えると、​その​スペルを​ランダムに​1つ​空きスロットに​得る。[b][/b],
ITEM_SOULDAGGERCHARGED_NAME,Charged Soul Dagger,,Daga de alma cargada,Dague spirituelle chargée,Aufgeladener Seelendolch,Pugnale dell'Anima Carico,Adaga da Alma Carregada,,,チャージド・ソウルダガー,
ITEM_SOULDAGGERCHARGED_DESC,"Use: A melee attack with Lifesteal. If this weapon damages an allied cat, gain one of their spells at random in your bonus ability slot.Loses its charge at the end of the battle.",,"Uso: Lanza un ataque cuerpo a cuerpo con robavida. Si esta arma daña a un aliado, la unidad obtiene uno de sus hechizos al azar en el espacio de habilidad de bonificación.Pierde la carga al final del combate.","Utilisation&nbsp;: une attaque au corps-à-corps avec Vol de vie. Si cette arme inflige des dégâts à un chat allié, vous obtenez l'un de ses sorts au hasard dans votre emplacement de compétence bonus.Perd sa charge en fin de combat.","Benutzen: Ein Nahkampfangriff, der Leben absaugt. Wenn diese Waffe einer verbündeten Katze Schaden zufügt, erhältst du einen zufälligen ihrer Zauber als Bonusfähigkeit.Verliert am Ende des Kampfes die Aufladung.","Uso: Un attacco corpo a corpo con Rubavita. Se quest'arma infligge danno a un gatto alleato, ottieni uno dei suoi incantesimi a caso nel tuo slot abilità bonus.Perde la carica alla fine della battaglia.","Uso: um ataque corpo-a-corpo com roubo de vida. Se esta arma causar dano a um gato aliado, obtenha um de seus encantamentos aleatoriamente em seu espaço de habilidade bônus.Perde sua carga no final da batalha.",,,使用: ライフスティール付き近接攻撃。​味方の​猫に​ダメージを​与えると、​その​スペルを​ランダムに​1つ​空きスロットに​得る。[b][/b],
ITEM_STANCESWITCHER_NAME,Stance Switcher,,Cambiaposturas,Change-posture,Haltung wechseln,Cambio di Postura,Alternador de Postura,,,スタンス切替器,
ITEM_STANCESWITCHER_DESC,Use: Switch between melee and ranged stances.You have Brace 1 while in melee stance.Innate,,Uso: Cambia entre las posturas de cuerpo a cuerpo y a distancia.Tiene 1 de refuerzo en la postura cuerpo a cuerpo.Innato.,Utilisation&nbsp;: vous changez de posture (de corps-à-corps ou de distance).Garde +1&nbsp;en posture de corps-à-corps.Objet inné.,Benutzen: Wechsel zwischen Nahkampf- und Fernkampfhaltung.In der Nahkampfhaltung hast du Wappnen&nbsp;1.Inhärent,Usa: Passi dalla postura corpo a corpo a quella a distanza.Hai Guardia 1 mentre sei in postura corpo a corpo.Innato,Uso: alterne entre as posturas corpo-a-corpo e à distância.Você possui preparação 1 enquanto está na postura corpo-a-corpo.Inato.,,,使用: 近接と​遠距離の​スタンスを​切り​替える。​近接スタンス中は​ガード1。​固有[b][/b],
,,,,,,,,,,,
//modifier,,,,,,,,,,,
ITEM_LEARNABILITY_NAME,{str_aux_active_name} Syringe,,Jeringuilla de {str_aux_active_name},Seringue ({str_aux_active_name}),{str_aux_active_name}-Spritze,{str_aux_active_name} Siringa,{str_aux_active_name} Seringa,,,{str_aux_active_name}の​注射器[b][/b],
ITEM_LEARNABILITY_DESC,"Use to immediately teach a cat the active ability: {str_aux_active_name}{str_aux_active_desc}",,"Al usarla, un gato aprende al momento la habilidad activa: {str_aux_active_name}{str_aux_active_desc}",Enseigne la compétence active suivante à un chat&nbsp;: {str_aux_active_name}{str_aux_active_desc},"Benutzen, um einer Katze sofort die folgende Aktivfähigkeit beizubringen: {str_aux_active_name}{str_aux_active_desc}",Usala per insegnare immediatamente a un gatto l'abilità attiva: {str_aux_active_name}{str_aux_active_desc},Use para ensinar imediatamente a um gato a seguinte habilidade ativa: {str_aux_active_name}{str_aux_active_desc},,,使用で​猫に​アビリティを​即座に​教える​: {str_aux_active_name}{str_aux_active_desc}[b][/b],
ITEM_LEARNDISORDER_NAME,{str_aux_passive_name} Syringe,,Jeringuilla de {str_aux_passive_name},Seringue ({str_aux_passive_name}),{str_aux_passive_name}-Spritze,{str_aux_passive_name} Siringa,{str_aux_passive_name} Seringa,,,{str_aux_passive_name}の​注射器[b][/b],
ITEM_LEARNDISORDER_DESC,"Use to immediately give a cat the disorder: {str_aux_passive_name}{str_aux_passive_desc}",,"Al usarla, un gato recibe al momento el trastorno: {str_aux_passive_name}{str_aux_passive_desc}",Donne le trouble suivant à un chat&nbsp;: {str_aux_passive_name}{str_aux_passive_desc},"Benutzen, um bei einer Katze sofort die folgende Störung zu verursachen: {str_aux_passive_name}{str_aux_passive_desc}",Usala per infliggere immediatamente a un gatto il disturbo: {str_aux_passive_name}{str_aux_passive_desc},Use para conceder imediatamente a um gato o seguinte transtorno: {str_aux_passive_name}{str_aux_passive_desc},,,使用で​猫に​障害を​即座に​付与する​: {str_aux_passive_name}{str_aux_passive_desc}[b][/b],
ITEM_LEARNPASSIVE_NAME,{str_aux_passive_name} Syringe,,Jeringuilla de {str_aux_passive_name},Seringue ({str_aux_passive_name}),{str_aux_passive_name}-Spritze,{str_aux_passive_name} Siringa,{str_aux_passive_name} Seringa,,,{str_aux_passive_name}の​注射器[b][/b],
ITEM_LEARNPASSIVE_DESC,"Use to immediately teach a cat the passive ability: {str_aux_passive_name}{str_aux_passive_desc}",,"Al usarla, un gato aprende al momento la habilidad pasiva: {str_aux_passive_name}{str_aux_passive_desc}",Enseigne la compétence passive suivante à un chat&nbsp;: {str_aux_passive_name}{str_aux_passive_desc},"Benutzen, um einer Katze sofort die folgende Passivfähigkeit beizubringen: {str_aux_passive_name}{str_aux_passive_desc}",Usala per insegnare immediatamente a un gatto l'abilità passiva: {str_aux_passive_name}{str_aux_passive_desc},Use para ensinar imediatamente a um gato a seguinte habilidade passiva: {str_aux_passive_name}{str_aux_passive_desc},,,使用で​猫に​パッシブを​即座に​教える​: {str_aux_passive_name}{str_aux_passive_desc}[b][/b],
,,,,,,,,,,,
ABILITY_PUKESHOT_NAME,Puke Shot,,Disparo de vómito,Vomitir,Kotzeschuss,Colpo di Vomito,Tiro de Vômito,,,ゲロ弾,
ABILITY_PUKESHOT_DESC,Lob projectiles in an area.,,Bombea proyectiles en un área.,Tire des projectiles en cloche dans une zone donnée.,Verschieße Geschosse in einem bestimmten Bereich.,Scagli proiettili a parabola in un'area.,Lança projéteis em arco em uma área.,,,範囲に​飛び道具を​投げる。,
ABILITY_CROWNOFPESTILENCE_NAME,Pestilence,,Pestilencia,Pestilence,Pestilenz,Pestilenza,Pestilência,,,疫病,
ABILITY_CROWNOFPESTILENCE_DESC,Deal 1 damage to all units.,,Inflige 1 de daño a todas las unidades.,Inflige 1&nbsp;dégât à toutes les unités.,Verursache 1&nbsp;Schaden bei allen Einheiten.,Infliggi 1 di danno a tutte le unità.,Cause 1 de dano a todas as unidades.,,,全ユ​ニットに​1ダメージ。,
ABILITY_NUKEBONUS_NAME,Trigger the Nuke,,Detonación de arma nuclear,Bombe nucléaire,Atombombe zünden,Innesco dell'Atomica,Ativar a Bomba Nuclear,,,核起爆,
ABILITY_NUKEBONUS_DESC,Explode the nuke and mass damage everything.,,Detona el arma nuclear e inflige muchísimo daño a todo.,Fait exploser une ogive. Toutes les unités subissent des dégâts monumentaux.,Lass die Atombombe hochgehen und verursache massiven Schaden bei allen Einheiten.,Fai esplodere l'atomica e infliggi danno di massa a tutto.,Exploda a bomba nuclear e cause dano em massa a tudo.,,,核を​爆発させて​全てに​大ダメージ。[b][/b],
ABILITY_EATNEVERSTONE_NAME,Mmmm... Yummy Neverstone,,Piedrajamás deliciosa,Pierre de stagnation appétissante,Mmmh&nbsp;… Lecker Vergängnisstein,Mmm... una gustosa Pietra del Mai,Mmmm... Pedra do Nunca gostosa...,,,んー…​おいしい​ネバーストーン[b][/b],
,,,,,,,,,,,
//enemy items that show their name,,,,,,,,,,,
ITEM_CAVECATCLUB_NAME,Club,,Garrote,Batte,Keule,Mazza,Porrete,,,こん棒,
ITEM_ASTROTASER_NAME,Astro Zapper,,Astropistola eléctrica,Astro-foudroyeur,Astrozapper,Astro-Taser,Astro Zapper,,,アストロザッパー,
ITEM_GUNSLINGERPISTOL_NAME,Gunslinger Pistol,,Revólver de pistolero,Flingue de franc-tireur,Heldenrevolver,Revolver del Pistolero,Pistola de Pistoleiro,,,ガンスリンガーピストル,

