KEY,en,notes,sp,fr,de,it,pt-br,ja
KEYWORD_ADRENALINE_NAME,Adrenaline,,Adrenalina,Adrénaline,Adrenalin,Adrenalina,Adrenalina,アドレナリン
KEYWORD_ADRENALINE_DESC,Keeps Exhaustion at 0.+25% Crit Chance.+25% Block Chance.,,Mantiene el agotamiento en 0.+25 % de probabilidad de crítico.+25 % de probabilidad de bloqueo.,L'épuisement reste à 0.Chances de coup critique +25&nbsp;%.Chances de bloquer +25&nbsp;%.,Erschöpfung bleibt auf 0.+25&nbsp;% kritische Trefferchance.+25&nbsp;% Blockwahrscheinlichkeit.,Mantiene la Spossatezza a 0.+25% probabilità di colpo critico.+25% probabilità di parata.,Mantém a exaustão em 0.+25% de chance de crítico.+25% de chance de bloquear.,疲弊を​0に​維持するにゃ。​+25% クリティカル率。​+25% ブロック率。[b][/b]
KEYWORD_ALLSTATSUP_NAME,All Stats Up,,Aumento total,Hausse de stats,Bonus auf alle Attribute,Aumento delle Statistiche,Todos os atributos aumentados,全ステータス上昇
KEYWORD_ALLSTATSUP_DESC,All Stats increased by {stacks},,Todos los atributos aumentan en {stacks}.,Toutes les stats augmentent de {stacks}.,Alle Attribute um {stacks} erhöht,Tutte le statistiche aumentano di {stacks}.,Todos os atributos são aumentados em {stacks},全ステータスが{stacks}上昇
KEYWORD_ALLSTATSDOWN_NAME,All Stats Down,,Reducción total,Baisse de stats,Malus auf alle Attribute,Diminuzione delle Statistiche,Todos os atributos diminuídos,全ステータス低下
KEYWORD_ALLSTATSDOWN_DESC,All Stats decreased by {absstacks},,Todos los atributos se reducen en {absstacks}.,Toutes les stats baissent de {stacks}.,Alle Attribute um {absstacks} verringert.,Tutte le statistiche diminuiscono di {absstacks}.,Todos os atributos são diminuídos em {absstacks},全ステータスが{absstacks}低下
KEYWORD_ALPHA_NAME,The Alpha,,Alfa,L'Alpha,Der Alpha,L'Alfa,Alfa,アルファ
KEYWORD_ALPHA_DESC,This is the Alpha. Certain abilities care about this.,,Es la unidad alfa. Ciertas habilidades le tienen cariño.,"L'Alpha, en chair et en os. Certaines compétences le prennent en compte.",Dies ist der Alpha. Relevant für gewisse Fähigkeiten.,Questo è l'Alfa. Alcune abilità ne tengono conto.,Esta unidade possui o papel de alfa. Isso é importante para certas habilidades.,これが​アルファにゃ。​特定の​アビリティが​これを​参照するにゃ。[b][/b]
KEYWORD_ALPHA_DESC_STACKLESS,No effects on its own. Only one unit can be The Alpha. Certain spells and abilities provide bonuses for The Alpha.,,No tiene efectos propios. Tan solo una unidad puede ser alfa. Ciertos hechizos y habilidades ofrecen bonificaciones para el gato alfa.,Aucun effet en soi. Une seule unité peut être l'Alpha. Certains sorts et compétences confèrent des bonus à l'Alpha.,Hat allein keine Wirkung. Nur eine Einheit kann der Alpha sein. Gewisse Zauber und Fähigkeiten verleihen dem Alpha Boni.,Nessun effetto di per sé. Solo un'unità può essere l'Alfa. Alcuni incantesimi e abilità forniscono bonus per l'Alfa.,Nenhum efeito por si só. Apenas uma unidade pode assumir o papel de alfa. Certos encantamentos e habilidades concedem bônus para alfas.,単体では​効果なしにゃ。​アルファに​なれるのは​1体だけ。​特定の​スペルと​アビリティが​アルファに​ボーナスを​与えるにゃ。[b][/b]
KEYWORD_AMMO_NAME,Ammo,,Munición,Munitions,Munition,Munizioni,Munição,弾薬
KEYWORD_AMMO_DESC,{stacks} shots left.,,Quedan {stacks} disparos.,Balles qu'il vous reste&nbsp;: {stacks}.,Noch {stacks}&nbsp;Schüsse übrig.,{stacks} colpi rimanenti.,{stacks} disparos restantes.,残り{stacks}発にゃ。
KEYWORD_AMMO_DESC_STACKLESS,Certain abilities require ammo to use.,,Ciertas habilidades necesitan munición.,Certaines compétences requièrent des munitions.,Gewisse Fähigkeiten benötigen Munition.,Alcune abilità richiedono delle munizioni per essere utilizzate.,Certas habilidades requerem munição para serem utilizadas.,特定の​アビリティは​弾薬が​必要にゃ。[b][/b]
KEYWORD_ATTRACTION_NAME,Attraction,,Atracción,Attraction,Anziehung,Attrazione,Atração,引き寄せ
KEYWORD_ATTRACTION_REF,Attraction,,Atracción,Attraction,Anziehung,Attrazione,Atração,引き寄せ
KEYWORD_ATTRACTION_DESC_REF,Moves towards {applier} at the start of its turn.,,Se mueve hacia {applier} al inicio del turno.,Avance vers {applier} au début de son tour.,Bewegt sich am Anfang des Zuges auf {applier} zu.,Si muove verso {applier} all'inizio del suo turno.,Move-se na direção de {applier} no início de seu turno.,ターン開始時に{applier}に​向かって​移動するにゃ。[b][/b]
KEYWORD_ATTRACTION_DESC,The thing attracting you is gone. Does nothing.,,Lo que ejercía la atracción ha desaparecido. No hace nada.,Ce qui vous attirait a disparu. L'effet disparaît également.,"Was auch immer dich angezogen hat, ist nicht mehr da. Hat keine Wirkung.",L'oggetto che ti attrae è sparito. Non succede nulla.,A coisa que está atraindo você se foi. Não faz nada.,引き寄せていた​対象が​消えたにゃ。​何も​起きないにゃ。[b][/b]
KEYWORD_ATTRACTION_DESC_STACKLESS,Moves towards you at the start of its turn.,,Se mueve hacia esta unidad al inicio del turno.,Se déplace en votre direction au début de son tour.,Bewegt sich am Anfang des Zuges auf dich zu.,Si muove verso di te all'inizio del suo turno.,Move-se na sua direção no início de seu turno.,ターン開始時に​あにゃたに​向かって​移動するにゃ。[b][/b]
KEYWORD_BACKFLIP_NAME,Backflip,,Mortal hacia atrás,Salto arrière,Rückwärtssalto,Salto Mortale all'Indietro,Mortal para Trás,バックフリップ
KEYWORD_BACKFLIP_DESC,Backflips out of the way the next time it's targeted.,,Esta unidad se apartará dando un mortal hacia atrás la próxima vez que la apunten.,Effectue un salto arrière pour esquiver la prochaine fois qu'il est pris pour cible.,"Führt einen Rückwärtssalto aus, wenn die Einheit das nächste Mal anvisiert wird.",Effettua un salto mortale all'indietro la prossima volta che diventa un bersaglio.,Dá um mortal para trás na próxima que se tornar alvo.,次に​狙われた​時、​後方​宙返りで​回避するにゃ。[b][/b]
KEYWORD_BLEED_NAME,Bleed,,Hemorragia,Saignement,Blutung,Sanguinamento,Sangramento,出血
KEYWORD_BLEED_DESC,"Takes {stacks} damage at the end of the round, then increase Bleed by 1.",,Sufre {stacks} de daño al final de la ronda y luego aumenta la hemorragia en 1.,"Subit {stacks} dégâts en fin de manche, puis Saignement +1.",Erleidet am Ende der Runde {stacks}&nbsp;Schaden und erhöht Blutung um 1.,"Subisce {stacks} di danno alla fine del round, poi aumenta Sanguinamento di 1.",Sofre {stacks} de dano no final da rodada e então aumenta o sangramento em 1.,ラウンド終了時に{stacks}ダメージを​受け、​出血が​1増加するにゃ。[b][/b]
KEYWORD_BLEED_DESC_STACKLESS,"Takes damage at the end of the round, then increase Bleed by 1.",,Sufre daño al final de la ronda y luego aumenta la hemorragia en 1.,"Subit des dégâts en fin de manche, puis Saignement +1.",Erleidet am Ende der Runde Schaden und erhöht Blutung um 1.,"Subisce danno alla fine del round, poi aumenta Sanguinamento di 1.","Sofre dano no final da rodada, e então aumenta o sangramento em 1.",ラウンド終了時に​ダメージを​受け、​出血が​1増加するにゃ。[b][/b]
KEYWORD_BLEEDTHORNS_NAME,Bleed Thorns,,Espinas hemorrágicas,Épines sanglantes,Blutige Dornen,Spine Insanguinate,Espinhos de Sangramento,出血の​棘
KEYWORD_BLEEDTHORNS_DESC,Deals {stacks} damage and inflicts Bleed {stacks} to units that contact you.,,Inflige {stacks} de daño y +{stacks} de hemorragia a las unidades en que entran en contacto con esta.,Inflige {stacks} dégâts et Saignement {stacks} aux unités qui vous touchent.,"Verursacht {stacks}&nbsp;Schaden und {stacks}&nbsp;Stapel Blutung bei Einheiten, die dich berühren.",Infligge {stacks} danno e Sanguinamento {stacks} alle unità che ti toccano.,Causa {stacks} de dano e aplica sangramento {stacks} em unidades que entrarem em contato com você.,接触した​ユニットに{stacks}ダメージと​出血{stacks}を​与えるにゃ。[b][/b]
KEYWORD_BLEEDTHORNS_DESC_STACKLESS,Deals damage and inflicts Bleed to units that contact you.,,Inflige daño y hemorragia a las unidades que entran en contacto con esta.,Inflige des dégâts et Saignement aux unités qui vous touchent.,"Verursacht Schaden und Blutung bei Einheiten, die dich berühren.",Infligge danno e Sanguinamento alle unità che ti toccano.,Causa dano e aplica sangramento em unidades que entrarem em contato com você.,接触した​ユニットに​ダメージと​出血を​与えるにゃ。[b][/b]
KEYWORD_BLESSINGOFPEACE_NAME,Blessing of Peace,,Bendición de paz,Bénédiction de paix,Friedenssegen,Benedizione della Pace,Benção da Paz,平和の​祝福
KEYWORD_BLESSINGOFPEACE_DESC,Gain +{stacks} [img:divineshield] at the end of your turn. Lose this when you deal damage.,,Obtiene +{stacks} [img:divineshield] al final del turno. Lo pierde al infligir daño.,[img:divineshield] +{stacks} à la fin de votre tour. Vous perdez ceci quand vous subissez des dégâts.,"Erhält am Ende deines Zuges +{stacks}&nbsp;[img:divineshield]. Verschwindet, wenn du Schaden verursachst.",Ottieni +{stacks} allo [img:divineshield] alla fine del tuo turno. Perdi questo bonus quando infliggi danno.,Obtenha +{stacks} de [img:divineshield] no final do seu turno. Perca isto ao causar dano.,ターン終了時に​+{stacks} [img:divineshield]を​得るにゃ。​ダメージを​与えると​失われるにゃ。
KEYWORD_BLESSINGOFPEACE_DESC_STACKLESS,Gain [img:divineshield] at the end of your turn. Lose this when you deal damage.,,Obtiene [img:divineshield] al final del turno. Lo pierde al infligir daño.,Vous obtenez de la [img:divineshield] à la fin de votre tour. Vous perdez ceci quand vous infligez des dégâts.,"Erhält am Ende deines Zuges [img:divineshield]. Verschwindet, wenn du Schaden verursachst.",Ottieni [img:divineshield] alla fine del tuo turno. Lo perdi quando infliggi danno.,Obtenha [img:divineshield] no final do seu turno. Perca isto ao causar dano.,ターン終了時に[img:divineshield]を​得るにゃ。​ダメージを​与えると​失われるにゃ。
KEYWORD_BLIND_NAME,Blind,,Ceguera,Cécité,Blindheit,Accecamento,Cegueira,盲目
KEYWORD_BLIND_DESC,30% miss chance for the next {stacks} turns.,,30 % de probabilidad de fallo en los siguientes {stacks} turnos.,Risques d'échec +30&nbsp;% pour les {stacks} prochains tours.,"Für die nächsten {stacks}&nbsp;Züge: 30%ige Wahrscheinlichkeit, dass Angriffe verfehlen.",30% di probabilità di mancare il bersaglio per i prossimi {stacks} turni.,30% de chance de errar nos próximos {stacks} turnos.,次の{stacks}ターン、​30%ミス率にゃ。[b][/b]
KEYWORD_BLIND_DESC_STACKLESS,30% miss chance for the next turn.,,30 % de probabilidad de fallo en el siguiente turno.,Risques d'échec +30&nbsp;% pour le tour à venir.,"Für den nächsten Zug: 30%ige Wahrscheinlichkeit, dass Angriffe verfehlen.",30% di probabilità di mancare il bersaglio per il prossimo turno.,30% de chance de errar no próximo turno.,次の​ターン、​30%ミス率にゃ。[b][/b]
KEYWORD_BLOODZERK_NAME,Bloodzerked,,Sangramiento,Sanguinaire,Blutberserker,Furia di Sangue,Sanguinolência,血の​狂気
KEYWORD_BLOODZERK_DESC,"When you deal health damage to a bleeding unit, heal that much health.",,"Al infligir daño a una unidad con hemorragia, recupera la misma cantidad de salud.","Quand vous infligez des dégâts à une unité subissant Saignement, vous récupérez autant de santé.","Heile dich um die Höhe des Schadens, den du bei einer blutenden Einheit verursachst.","Quando infliggi un danno alla salute di un'unità con Sanguinamento, ti curi di un ammontare pari a quel danno.","Ao causar dano à saúde de uma unidade com sangramento, cure uma quantidade equivalente de saúde.",出血状態の​ユニットに​体力ダメージを​与えた​時、​その分体力を​回復するにゃ。[b][/b]
KEYWORD_BODYGUARD_NAME,Body Guard,,Guardaespaldas,Garde du corps,Bodyguard,Guardia del Corpo,Guarda-Costas,ボディガード
KEYWORD_BODYGUARD_DESC,"The next time an ally is targeted, swap places with them first.",,"La próxima vez que apunten a un aliado, se intercambian las casillas.","La prochaine fois qu'un allié est pris pour cible, vous échangez votre place avec lui.","Tausche das nächste Mal, wenn ein Verbündeter anvisiert wird, Plätze mit ihm, bevor er angegriffen wird.","La prossima volta che un alleato viene preso di mira, ti scambi prima di posto con lui.","Na próxima vez em que um aliado se tornar alvo, troque de lugar com ele.",次に​味方が​狙われた​時、​まず​場所を​入れ替わるにゃ。[b][/b]
KEYWORD_BOUNTY_NAME,Bounty,,Recompensa,Prime,Kopfgeld,Taglia,Recompensa,賞金首
KEYWORD_BOUNTY_DESC,"Takes 25% extra damage. If killed, gain {stacks} coins.",,"Sufre un 25 % de daño extra. Si muere, obtiene {stacks} monedas.","Vous subissez +25&nbsp;% de dégâts. K.O., vous obtenez {stacks} pièce(s).","Erleidet 25&nbsp;% zusätzlichen Schaden. Erhalte {stacks}&nbsp;Münzen, wenn die Einheit stirbt.","Subisce il 25% di danno aggiuntivo. Se muore, guadagni {stacks} monete.","Sofre 25% de dano adicional. Ao morrer, obtenha {stacks} moedas.",25%追加ダメージを​受けるにゃ。​倒されると{stacks}コインを​得るにゃ。[b][/b]
KEYWORD_BOUNTY_DESC_STACKLESS,"Takes 25% extra damage. If killed, gain coins.",,"Sufre un 25 % de daño extra. Si muere, obtiene monedas.","Vous subissez +25&nbsp;% de dégâts. K.O., vous obtenez des pièces.","Erleidet 25&nbsp;% zusätzlichen Schaden. Erhalte Münzen, wenn die Einheit stirbt.","Subisce il 25% di danno aggiuntivo. Se muore, guadagni monete.","Sofre 25% de dano adicional. Ao morrer, obtenha moedas.",25%追加ダメージを​受けるにゃ。​倒されると​コインを​得るにゃ。[b][/b]
KEYWORD_BRACE_NAME,Brace,,Refuerzo,Garde,Wappnen,Guardia,Preparação,ガード
KEYWORD_BRACE_DESC,Takes {stacks} less damage from all sources.,,Sufre {stacks} menos de daño de todos los ataques.,Les dégâts que vous subissez diminuent de {stacks}.,Erleidet von allen Quellen {stacks}&nbsp;Schaden weniger.,Subisce {stacks} di danno in meno da tutte le fonti.,Sofre {stacks} a menos de dano de todas as fontes.,全ダ​メージを{stacks}軽減するにゃ。[b][/b]
KEYWORD_BRACE_DESC_STACKLESS,Reduces all incoming damage.,,Reduce todo el daño sufrido.,Réduit tous les dégâts que vous subissez.,Reduziert sämtlichen erhaltenen Schaden.,Riduce tutto il danno in arrivo.,Reduz todo o dano sofrido.,全ダ​メージを​軽減するにゃ。
KEYWORD_BRUISE_NAME,Bruise,,Moratón,Contusion,Beulen,Livido,Contusão,打撲
KEYWORD_BRUISE_DESC,Takes {stacks} more damage from physical sources.,,Sufre {stacks} más de daño de los ataques físicos.,Les dégâts physiques que vous subissez augmentent de {stacks}.,Erleidet {stacks}&nbsp;Schaden mehr durch physische Angriffe.,Subisce {stacks} di danno in più da fonti fisiche.,Sofre {stacks} a mais de dano de fontes físicas.,物理ダメージを{stacks}多く​受けるにゃ。[b][/b]
KEYWORD_BRUISE_DESC_STACKLESS,Increases all incoming physical damage.,,Aumenta todo el daño físico sufrido.,Augmente tous les dégâts physiques que vous subissez.,Erhöht sämtlichen physischen Schaden.,Aumenta tutto il danno fisico in arrivo.,Aumenta todo o dano físico sofrido.,物理ダメージが​増加するにゃ。
KEYWORD_BURN_NAME,Burn,,Quemadura,Brûlure,Verbrennung,Bruciatura,Queimadura,燃焼
KEYWORD_BURN_DESC,"Takes {stacks} damage at start of its turn, then decrease Burn by 1.",,Sufre {stacks} de daño al inicio del turno y luego reduce la quemadura en 1.,"Subit {stacks} dégâts au début de son tour, puis Brûlure -1.",Erleidet am Ende des Zuges {stacks}&nbsp;Schaden und verringert Verbrennung um 1.,"Subisce {stacks} di danno all'inizio del suo turno, poi riduce Bruciatura di 1.","Sofre {stacks} de dano no início de seu turno, e então diminui a queimadura em 1.",ターン開始時に{stacks}ダメージを​受け、​燃焼が​1減少するにゃ。[b][/b]
KEYWORD_BURN_DESC_STACKLESS,"Takes damage at start of its turn, then decrease Burn by 1.",,Sufre daño al inicio del turno y luego reduce la quemadura en 1.,"Subit des dégâts au début de son tour, puis Brûlure -1.",Erleidet am Ende des Zuges Schaden und verringert Verbrennung um 1.,"Subisce danno all'inizio del suo turno, poi riduce Bruciatura di 1.","Sofre dano no início de seu turno, e então diminui a queimadura em 1.",ターン開始時に​ダメージを​受け、​燃焼が​1減少するにゃ。[b][/b]
KEYWORD_PROMOTE_NAME,Promote,,Ascenso,Promotion,Beförderung,Promozione,Promover,昇格
KEYWORD_PROMOTE_DESC,The next familiar you spawn is upgraded into a [img:champion] Champion.,,El siguiente familiar que se genera mejora a [img:champion] adalid.,Le prochain familier que vous invoquez est promu au rang de champion [img:champion].,"Der nächste Begleiter, den du rufst, wird zum [img:champion]&nbsp;Champion befördert.",Il prossimo famiglio che generi viene potenziato in un Campione [img:champion].,O próximo familiar que você gerar é aprimorado para um campeão [img:champion].,次に​召喚する​使い魔が[img:champion]チャンピオンに​アップグレードされるにゃ。
KEYWORD_PROMOTE2_NAME,Promote+,,Ascenso+,Promotion+,Beförderung+,Promozione+,Promover+,昇格+
KEYWORD_PROMOTE2_DESC,The next familiar you spawn is upgraded into an [img:elite] Elite.,,El siguiente familiar que se genera mejora a [img:elite] élite.,Le prochain familier que vous invoquez est promu au rang d'élite [img:champion].,"Der nächste Begleiter, den du rufst, wird zur [img:elite]&nbsp;Elite befördert.",Il prossimo famiglio che generi viene potenziato in un Élite [img:elite].,O próximo familiar que você gerar é aprimorado para um elite [img:elite].,次に​召喚する​使い魔が[img:elite]エリートに​アップグレードされるにゃ。
KEYWORD_CHARGE_NAME,Charge,,Carga,Charge,Ladung,Carica,Carga,チャージ
KEYWORD_CHARGE_DESC,Gains {stacks} mana at the start of its next turn.,,Obtiene {stacks} de maná al inicio del siguiente turno.,Mana +{stacks} au début de son prochain tour.,Erhält am Anfang seines nächsten Zuges {stacks}&nbsp;Mana.,Ottiene {stacks} mana all'inizio del suo prossimo turno.,Obtém {stacks} de mana no início de seu turno.,次の​ターン開始時に{stacks}マナを​得るにゃ。[b][/b]
KEYWORD_CHARGE_DESC_STACKLESS,Gains mana at the start of its next turn.,,Obtiene maná al inicio del siguiente turno.,Gain de mana au début de son prochain tour.,Erhält am Anfang seines nächsten Zuges Mana.,Ottiene mana all'inizio del suo prossimo turno.,Obtém mana no início de seu turno.,次の​ターン開始時に​マナを​得るにゃ。[b][/b]
KEYWORD_CHARGEFISTS_NAME,Charge Fists,,Carga de puños,Poings étincelants,Fäuste nachladen,Pugni Carichi,Punhos Carregados,チャージフィスト
KEYWORD_CHARGEFISTS_DESC,Your basic attack emits {stacks} Sparkles until the end of the turn.,,El ataque básico emite {stacks} destellos hasta el final del turno.,Votre attaque de base émet {stacks} étincelles jusqu'à la fin du tour.,Bis zum Ende deines Zuges versprüht dein Grundangriff {stacks}&nbsp;Funken.,Il tuo attacco base emette {stacks} Scintille fino alla fine del turno.,Seu ataque básico emite {stacks} fagulhas até o final do turno.,通常攻撃が​ターン終了まで{stacks}個の​火花を​放つにゃ。[b][/b]
KEYWORD_CHARGEFISTS_DESC_SINGULAR,Your basic attack emits a Sparkle until the end of the turn.,,El ataque básico emite un destello hasta el final del turno.,Votre attaque de base émet une étincelle jusqu'à la fin du tour.,Bis zum Ende deines Zuges versprüht dein Grundangriff einen Funken.,Il tuo attacco base emette una Scintilla fino alla fine del turno.,Seu ataque básico emite uma fagulha até o final do turno.,通常攻撃が​ターン終了まで​火花を​1個放つにゃ。[b][/b]
KEYWORD_CHARGEFISTS_DESC_STACKLESS,Your basic attack emits Sparkles until the end of the turn.,,El ataque básico emite destellos hasta el final del turno.,Votre attaque de base émet des étincelles jusqu'à la fin du tour.,Bis zum Ende deines Zuges versprüht dein Grundangriff Funken.,Il tuo attacco base emette Scintille fino alla fine del turno.,Seu ataque básico emite fagulhas até o final do turno.,通常攻撃が​ターン終了まで​火花を​放つにゃ。[b][/b]
KEYWORD_CHAUP_NAME,Charisma Up,,Carisma aumentado,Charisme (+),Charisma hoch,Carisma +,Carisma Aumentado,魅力上昇
KEYWORD_CHAUP_DESC,Charisma increased by {stacks}.Charisma affects max mana and initial mana.,,El carisma aumenta en {stacks}.El carisma afecta al maná inicial y al máximo de maná.,Charisme +{stacks}.Le charisme affecte le mana max. et le mana initial.,Charisma um {stacks} erhöht.Charisma wirkt sich auf max. Mana und Mana zu Kampfbeginn aus.,Il carisma aumenta di {stacks}.Il carisma influenza il mana massimo e il mana iniziale.,O carisma é aumentado em {stacks}.O carisma afeta a mana máxima e a mana inicial.,魅力が{stacks}上昇にゃ。​魅力は​最大マナと​初期マナに​影響するにゃ。[b][/b]
KEYWORD_CHADOWN_NAME,Charisma Down,,Carisma reducido,Charisme (-),Charisma runter,Carisma -,Carisma Diminuído,魅力低下
KEYWORD_CHADOWN_DESC,Charisma decreased by {absstacks}.Charisma affects max mana and initial mana.,,El carisma se reduce en {absstacks}.El carisma afecta al maná inicial y al máximo de maná.,Charisme -{absstacks}.Le charisme affecte le mana max. et le mana initial.,Charisma um {stacks} verringert.Charisma wirkt sich auf max. Mana und Mana zu Kampfbeginn aus.,Il carisma diminuisce di {absstacks}.Il carisma influenza il mana massimo e il mana iniziale.,O carisma é diminuído em {absstacks}.O carisma afeta a mana máxima e a mana inicial.,魅力が{absstacks}低下にゃ。​魅力は​最大マナと​初期マナに​影響するにゃ。[b][/b]
KEYWORD_CLEAVE_NAME,Cleave,,Incisión,Fendoir,Schlachten,Fendente,Cisão,肉切り
KEYWORD_CLEAVE_DESC,Cuts a chunk of meat off what it hits.,,Corta un trozo de carne de aquello que golpea.,Coupe la cible comme un vulgaire morceau de viande.,Schneidet ein Stück Fleisch von seinem Ziel ab.,Taglia via un pezzo di carne da ciò che colpisce.,Corta um pedaço de carne do que é atingido.,攻撃した​対象から​肉の​塊を​切り取るにゃ。[b][/b]
KEYWORD_CHARMED_NAME,Charmed,,Embrujo,Envoûtement,Charme,Ammaliamento,Feitiço,魅了
KEYWORD_CHARMED_DESC,It's brainwashed!,,¡Le han lavado el cerebro!,On lui a lavé le cerveau&nbsp;!,Die Einheit ist verliebt!,È un lavaggio del cervello!,Lavagem cerebral!,洗脳されてるにゃ!
KEYWORD_CHARMED_DESC_STACKLESS,Behaves as if it's on your team.,,Se comporta como si fuera del grupo.,Se comporte comme un membre de l'équipe.,"Einheit benimmt sich, als wäre sie auf deiner Seite.",Si comporta come se facesse parte della tua squadra.,Comporta-se como se estivesse na sua equipe.,あに​ゃたの​チームの​一員と​して​行動するにゃ。[b][/b]
KEYWORD_PROBED_NAME,Probed,,Sonda,Sonde,Sondiert,Sonda,Sondagem,洗脳
KEYWORD_PROBED_DESC,It's being controlled! Attack it to break the probe!,,¡Controlan su voluntad! Hay que atacar para destrozar la sonda.,Il est contrôlé&nbsp;! Attaquez-le pour détruire la sonde&nbsp;!,"Wird ferngesteuert! Greife die Einheit an, um die Sonde zu zerstören!",L'unità è sotto controllo! Attaccala per rompere la sonda!,Suas ações estão sendo controladas! Ataque para interromper a sondagem!,操られてるにゃ!攻撃して​プローブを​壊すにゃ![b][/b]
KEYWORD_PROBED_DESC_STACKLESS,Behaves as if it's on your team. Attacks from allies will break the probe.,,Se comporta como si fuera del grupo. Los ataques aliados destrozarán la sonda.,Se comporte comme s'il était dans votre équipe. Les attaques des alliés détruiront la sonde.,"Einheit benimmt sich, als wäre sie auf deiner Seite. Angriffe von Verbündeten zerstören die Sonde.",Si comporta come se facesse parte della tua squadra. Gli attacchi degli alleati romperanno la sonda.,Comporta-se como se estivesse na sua equipe. Ataques de aliados interrompem a sondagem.,あに​ゃたの​チームの​一員と​して​行動するにゃ。​味方の​攻撃で​プローブが​壊れるにゃ。[b][/b]
KEYWORD_CONFUSION_NAME,Confusion,,Confusión,Confusion,Verwirrung,Confusione,Confusão,混乱
KEYWORD_CONFUSION_DESC,"When performing an action, 25% chance to instead hit itself equal to its strength. Lasts {stacks} turns.",,"Al realizar una acción, tiene un 25 % de probabilidad de autogolpearse con su fuerza. Dura {stacks} turnos.","En effectuant une action, 25&nbsp;% de chances de se frapper soi-même. Dure {stacks} tours.","Wenn die Einheit eine Aktion ausführt, besteht eine 25%ige Wahrscheinlichkeit, dass sie sich selbst Schaden in Höhe ihrer Stärke zufügt. Dauert {stacks}&nbsp;Züge.","Quando esegue un'azione, c'è il 25% di probabilità che si autocolpisca con un danno pari alla sua forza. Dura {stacks} turni.","Ao realizar uma ação, possui 25% de chance de golpear a si mesmo de forma equivalente à sua força. Dura {stacks} turnos.",行動時、​25%の​確率で​自分に​筋力分の​ダメージを​与えるにゃ。{stacks}ターン持続するにゃ。[b][/b]
KEYWORD_CONFUSION_DESC_STACKLESS,"When performing an action, 25% chance to instead hit itself equal to its strength.",,"Al realizar una acción, tiene un 25 % de probabilidad de autogolpearse con su fuerza.","En effectuant une action, 25&nbsp;% de chances de se frapper soi-même.","Wenn die Einheit eine Aktion ausführt, besteht eine 25%ige Wahrscheinlichkeit, dass sie sich selbst Schaden in Höhe ihrer Stärke zufügt.","Quando esegue un'azione, c'è il 25% di probabilità che si autocolpisca con un danno pari alla sua forza.","Ao realizar uma ação, possui 25% de chance de golpear a si mesmo de forma equivalente à sua força.",行動時、​25%の​確率で​自分に​筋力分の​ダメージを​与えるにゃ。[b][/b]
KEYWORD_CONUP_NAME,Constitution Up,,Constitución aumentada,Constitution (+),Konstitution hoch,Costituzione +,Constituição Aumentada,体力上昇
KEYWORD_CONUP_DESC,Constitution increased by {stacks}.Constitution affects max health and post-battle health regen.,,La constitución aumenta en {stacks}.La constitución afecta al máximo de salud y a la regeneración de salud tras el combate.,Constitution +{stacks}.La constitution affecte les PV max. et la régénération de PV après les combats.,Konstitution um {stacks} erhöht.Konstitution wirkt sich auf max. Gesundheit und Lebensregeneration nach dem Kampf aus.,La costituzione aumenta di {stacks}.La costituzione influenza la salute massima e la rigenerazione della salute dopo le battaglie.,A constituição é aumentada em {stacks}.A constituição afeta a saúde máxima e a regeneração de saúde pós-batalha.,体力が{stacks}上昇にゃ。​体力は​最大HPと​バトル後HP回復に​影響するにゃ。[b][/b]
KEYWORD_CONDOWN_NAME,Constitution Down,,Constitución reducida,Constitution (-),Konstitution runter,Costituzione -,Constituição Diminuída,体力低下
KEYWORD_CONDOWN_DESC,Constitution decreased by {absstacks}.Constitution affects max health and post-battle health regen.,,La constitución se reduce en {absstacks}.La constitución afecta al máximo de salud y a la regeneración de salud tras el combate.,Constitution -{absstacks}.La constitution affecte les PV max. et la régénération de PV après les combats.,Konstitution um {absstacks} verringert.Konstitution wirkt sich auf max. Gesundheit und Lebensregeneration nach dem Kampf aus.,La costituzione diminuisce di {stacks}.La costituzione influenza la salute massima e la rigenerazione della salute dopo le battaglie.,A constituição é diminuída em {absstacks}.A constituição afeta a saúde máxima e a regeneração de saúde pós-batalha.,体力が{absstacks}低下にゃ。​体力は​最大HPと​バトル後HP回復に​影響するにゃ。[b][/b]
KEYWORD_COUNTER_NAME,Counter Attack,,Contrataque,Contre-attaque,Konter,Contrattacco,Contra-Ataque,反撃
KEYWORD_COUNTER_DESC,Attack the next thing that damages you automatically.,,Ataca automáticamente al siguiente ente que le inflija daño.,Attaque automatiquement la prochaine chose qui vous blesse.,"Greife die nächste Einheit, die dir Schaden zufügt, automatisch an.",Attacchi automaticamente la prossima cosa che ti infligge danno.,Ataque automaticamente a próxima coisa que causar dano a você.,次に​ダメージを​与えてきた​対象に​自動で​攻撃するにゃ。[b][/b]
KEYWORD_COUNTER_DESC_STACKS,Attack the next {stacks} things that damage you automatically.,,Ataca automáticamente a los siguientes {stacks} entes que le inflijan daño.,Attaque automatiquement les {stacks} prochaines choses qui vous blessent.,"Greife die nächsten {stacks}&nbsp;Einheiten, die dir Schaden zufügen, automatisch an.",Attacchi automaticamente le prossime {stacks} cose che ti infliggono danno.,Ataque automaticamente as próximas {stacks} coisas que causarem dano a você.,次に​ダメージを​与えてくる{stacks}体に​自動で​攻撃するにゃ。[b][/b]
KEYWORD_CRITCHANCE_NAME,Crit Chance Up,,Probabilidad de crítico aumentada,Chances de coup critique (+),Kritische Trefferchance hoch,Probabilità di Critico +,Chance de Crítico Aumentada,クリティカル率上昇
KEYWORD_CRITCHANCE_DESC,Crit Chance increased by {stacks}%,,La probabilidad de crítico aumenta en un {stacks} %.,Chances de coup critique +{stacks}&nbsp;%.,Kritische Trefferchance um {stacks}&nbsp;% erhöht.,La probabilità di colpo critico aumenta del {stacks}%.,A chance de crítico é aumentada em {stacks}%.,クリティカル率が{stacks}%上昇にゃ。
KEYWORD_DAMAGEUP_NAME,Damage Up,,Daño aumentado,Dégâts (+),Schaden hoch,Danno +,Dano Aumentado,ダメージ上昇
KEYWORD_DAMAGEUP_DESC,Basic attack damage increased by {stacks}.,,El daño del ataque básico aumenta en {stacks}.,Dégâts de l'attaque de base +{stacks}.,Schaden des Grundangriffs um {stacks} erhöht.,Il danno da attacco base aumenta di {stacks}.,O dano do ataque básico é aumentado em {stacks}.,通常攻撃の​ダメージが{stacks}上昇にゃ。[b][/b]
KEYWORD_DAMAGEUP_DESC_STACKLESS,Increases the damage (or heal) of its basic attack.,,Aumenta el daño (o la curación) del ataque básico.,Augmente les dégâts (ou soins) de l'attaque de base.,Erhöht den Schaden (oder die Heilung) des Grundangriffs.,Aumenta il danno (o la cura) del suo attacco base.,Aumenta o dano (ou cura) de seu ataque básico.,通常攻撃の​ダメージ(または​回復)が​上昇するにゃ。[b][/b]
KEYWORD_DAMAGEDOWN_NAME,Damage Down,,Daño reducido,Dégâts (-),Schaden runter,Danno -,Dano Diminuído,ダメージ低下
KEYWORD_DAMAGEDOWN_DESC,Basic attack damage decreased by {absstacks}.,,El daño del ataque básico se reduce en {absstacks}.,Dégâts de l'attaque de base -{absstacks}.,Schaden des Grundangriffs um {absstacks} verringert.,Il danno da attacco base diminuisce di {stacks}.,O dano do ataque básico é diminuído em {absstacks}.,通常攻撃の​ダメージが{absstacks}低下にゃ。[b][/b]
KEYWORD_DAMAGEDOWN_DESC_STACKLESS,Decreases the damage (or heal) of its basic attack.,,Reduce el daño (o la curación) del ataque básico.,Baisse les dégâts (ou soins) de l'attaque de base.,Verringert den Schaden (oder die Heilung) des Grundangriffs.,Diminuisce il danno (o la cura) del suo attacco base.,Diminui o dano (ou cura) de seu ataque básico.,通常攻撃の​ダメージ(または​回復)が​低下するにゃ。[b][/b]
KEYWORD_LATEBLOOMER_NAME,Late Bloomer,,Floración tardía,Maturité tardive,Spätzünder,Sviluppo Tardivo,Amadurecimento Tardio,遅咲き
KEYWORD_LATEBLOOMER_DESC,Gain All Stats Up 3 in {stacks} turns.,,Obtiene 3 de aumento total dentro de {stacks} turnos.,Hausse de stats 3&nbsp;dans {stacks} tours.,Erhalte in {stacks}&nbsp;Zügen einen Bonus von 3 auf alle Attribute.,Ottieni Aumento delle Statistiche 3 tra {stacks} turni.,Obtenha todos os atributos aumentados 3 em {stacks} turnos.,{stacks}ターン後に​全ステータス上昇3を​得るにゃ。[b][/b]
KEYWORD_LATEBLOOMER_SINGULAR_DESC,Gain All Stats Up 3 next turn.,,Obtiene 3 de aumento total en el siguiente turno.,Hausse de stats 3&nbsp;le tour prochain.,Erhalte im nächsten Zug einen Bonus von 3 auf alle Attribute.,Ottieni Aumento delle Statistiche 3 nel prossimo turno.,Obtenha todos os atributos aumentados 3 no próximo turno.,次の​ターンに​全ステータス上昇3を​得るにゃ。[b][/b]
KEYWORD_DELAYEDPAIN_NAME,Delayed Pain,,Dolor demorado,Douleur différée,Verzögerte Schmerzen,Dolore Ritardato,Dor Atrasada,遅延ダメージ
KEYWORD_DELAYEDPAIN_DESC,Takes {stacks} damage at the end of its turn.,,Sufre {stacks} de daño al final del turno.,Subit {stacks} à la fin de son tour.,Erleidet am Ende des Zuges {stacks}&nbsp;Schaden.,Subisce {stacks} di danno alla fine del suo turno.,Sofre {stacks} de dano no final de seu turno.,ターン終了時に{stacks}ダメージを​受けるにゃ。[b][/b]
KEYWORD_DELAYEDPAIN_DESC_STACKLESS,Delayed damage is taken all at once at the end of your turn.,,Sufre todo el daño demorado al final del turno.,Les dégâts différés sont subis d'un seul coup à la fin de votre tour.,Verzögerter Schaden wird am Ende deines Zuges aufsummiert und verursacht.,Il danno ritardato viene subito tutto insieme alla fine del tuo turno.,O dano atrasado é sofrido de uma vez só no final de seu turno.,遅延ダメージは​ターン終了時に​一度に​受けるにゃ。[b][/b]
KEYWORD_DEXUP_NAME,Dexterity Up,,Destreza aumentada,Dextérité (+),Geschicklichkeit hoch,Destrezza +,Destreza Aumentada,器用上昇
KEYWORD_DEXUP_DESC,Dexterity increased by {stacks}.Dexterity affects ranged attack and ranged ability damage.,,La destreza aumenta en {stacks}.La destreza afecta al daño de los ataques y las habilidades a distancia.,Dextérité +{stacks}.La dextérité affecte les dégâts des attaques et compétences à distance.,Geschicklichkeit um {stacks} erhöht.Geschicklichkeit wirkt sich auf den Schaden von Fernkampfangriffen und -fähigkeiten aus.,La destrezza aumenta di {stacks}.La destrezza influenza il danno da attacco a distanza e il danno da abilità a distanza.,A destreza é aumentada em {stacks}.A constituição afeta o dano de ataques e habilidades à distância.,器用が{stacks}上昇にゃ。​器用は​遠距離攻撃と​遠距離アビリティの​ダメージに​影響するにゃ。[b][/b]
KEYWORD_DEXDOWN_NAME,Dexterity Down,,Destreza reducida,Dextérité (-),Geschicklichkeit runter,Destrezza -,Destreza Diminuída,器用低下
KEYWORD_DEXDOWN_DESC,Dexterity decreased by {absstacks}.Dexterity affects ranged attack and ranged ability damage.,,La destreza se reduce en {absstacks}.La destreza afecta al daño de los ataques y las habilidades a distancia.,Dextérité -{absstacks}.La dextérité affecte les dégâts des attaques et compétences à distance.,Geschicklichkeit um {absstacks} verringert.Geschicklichkeit wirkt sich auf den Schaden von Fernkampfangriffen und -fähigkeiten aus.,La destrezza diminuisce di {stacks}.La destrezza influenza il danno da attacco a distanza e il danno da abilità a distanza.,A destreza é diminuída em {absstacks}.A destreza afeta o dano de ataques e habilidades à distância.,器用が{absstacks}低下にゃ。​器用は​遠距離攻撃と​遠距離アビリティの​ダメージに​影響するにゃ。[b][/b]
KEYWORD_DIMINISHREGEN_NAME,Health Regen (Diminishing),,Regeneración de salud (decreciente),Régénération de PV (décroissante),Lebensregeneration (Nachlassend),Rigenerazione Salute (Decrescente),Regeneração de Saúde (Decrescente),HP再生(減衰)
KEYWORD_DIMINISHREGEN_DESC,"Regen {stacks} health at the end of its turn, then decreases Health Regen by 1.",,Regenera {stacks} de salud al final del turno y luego reduce la regeneración de salud en 1.,"Régénère {stacks} PV à la fin de son tour, puis Régénération de PV -1.",Regeneriert am Ende des Zuges {stacks}&nbsp;Gesundheit und verringert Lebensregeneration um 1.,"Rigenera {stacks} di salute alla fine del suo turno, poi riduce Rigenerazione Salute di 1.","Regenera {stacks} de saúde no final de seu turno, e então diminui a regeneração de saúde em 1.",ターン終了時に{stacks}HP再生し、​HP再生が​1減少するにゃ。[b][/b]
KEYWORD_DIMINISHREGEN_DESC_STACKLESS,"Regen health at the end of its turn, then decreases Health Regen by 1.",,Regenera salud al final del turno y luego reduce la regeneración de salud en 1.,"Régénère des PV à la fin de son tour, puis Régénération de PV -1.",Regeneriert am Ende des Zuges Gesundheit und verringert Lebensregeneration um 1.,"Rigenera salute alla fine del suo turno, poi riduce Rigenerazione Salute di 1.","Regenera saúde no final de seu turno, e então diminui a regeneração de saúde em 1.",ターン終了時に​HP再生し、​HP再生が​1減少するにゃ。[b][/b]
KEYWORD_DIVINESHIELD_NAME,Holy Shield,,Escudo sagrado,Défense divine,Heiliger Schild,Scudo Sacro,Escudo Sagrado,聖なる​シールド
KEYWORD_DIVINESHIELD_DESC,Blocks an entire instance of incoming damage.,,Bloquea una oleada entera de daño sufrido.,Bloque entièrement une instance de dégâts que vous subissez.,Blockiert den gesamten Schaden eines Angriffs.,Blocca completamente un'istanza di danno in arrivo.,Bloqueia completamente uma instância de dano iminente.,受ける​ダメージを​1回完全に​無効化するにゃ。[b][/b]
KEYWORD_DODGE_NAME,Dodge,,Esquiva,Esquive,Ausweichen,Schivata,Esquiva,回避
KEYWORD_DODGE_DESC,Dodges the next {stacks} attacks.,,Esquiva los siguientes {stacks} ataques.,Esquive les {stacks} prochaines attaques.,Weicht den nächsten {stacks}&nbsp;Angriffen aus.,Schiva i successivi {stacks} attacchi.,Esquiva-se dos próximos {stacks} ataques.,次の{stacks}回の​攻撃を​回避するにゃ。[b][/b]
KEYWORD_DODGE_DESC_STACKLESS,Dodges the next attack.,,Esquiva el siguiente ataque.,Esquive la prochaine attaque.,Weicht dem nächsten Angriff aus.,Schiva il prossimo attacco.,Esquiva-se do próximo ataque.,次の​攻撃を​回避するにゃ。
KEYWORD_DODGECHANCE_NAME,Dodge Chance,,Probabilidad de esquiva,Chances d'esquive,Ausweichchance,Probabilità di schivata,Chance de Esquiva,回避率
KEYWORD_DODGECHANCE_DESC,Dodge Chance increased by {stacks}%.,,La probabilidad de esquiva aumenta en un {stacks} %.,Chances d'esquive +{stacks}&nbsp;%.,Ausweichchance um {stacks}&nbsp;% erhöht.,La probabilità di schivata aumenta del {stacks}%.,A chance de esquiva é aumentada em {stacks}%.,回避率が{stacks}%上昇にゃ。
KEYWORD_DOOMED_NAME,Doomed,,Condenación,Damnation,Todesurteil,Condanna,Perdição,死の​宣告
KEYWORD_DOOMED_DESC,"Ticks down at the end of your turn. When it hits 0, Die.",,"Se inicia una cuenta atrás al final del turno. Al llegar a 0, muere.","-1&nbsp;au décompte à la fin de votre tour. À zéro, vous mourez.","Zählt am Ende deines Zuges herunter. Stirb, wenn der Timer 0 erreicht.","Il valore si riduce alla fine del tuo turno. Quando raggiunge lo 0, muori.","Diminui no final do seu turno. Ao chegar a 0, morra.",ターン終了時に​カウントダウン。​0に​なると​死ぬにゃ。[b][/b]
KEYWORD_DOUBLECAST_NAME,Double Action,,Doble acción,Action double,Doppelaktion,Doppia Azione,Ação Dupla,ダブルアクション
KEYWORD_DOUBLECAST_DESC,The next ability you use is used an additional time for free.,,La siguiente habilidad tiene un tiempo de uso extra gratis.,La prochaine compétence que vous utilisez bénéficie d'une utilisation bonus gratuite.,"Die nächste Fähigkeit, die du einsetzt, wird ein zusätzliches Mal kostenlos ausgelöst.",La prossima abilità che usi viene usata una volta in più gratuitamente.,A próxima habilidade que você utilizar é usada uma segunda vez sem custo.,次に​使用する​アビリティを​無料で​もう​1回使用するにゃ。[b][/b]
KEYWORD_DOUBLECASTSPELL_NAME,Double Cast,,Doble hechizo,Sort double,Doppelzauber,Doppio Lancio,Lançamento Duplo,ダブルキャスト
KEYWORD_DOUBLECASTSPELL_DESC,The next spell you cast is cast an additional time for free.,,El siguiente hechizo tiene un tiempo de uso extra gratis.,Le prochain sort que vous utilisez bénéficie d'une utilisation bonus gratuite.,"Der nächste Zauber, den du einsetzt, wird ein zusätzliches Mal kostenlos ausgelöst.",Il prossimo incantesimo che lanci viene lanciato una volta in più gratuitamente.,O próximo encantamento que você utilizar é lançado uma segunda vez sem custo.,次に​詠唱する​スペルを​無料で​もう​1回詠唱するにゃ。[b][/b]
KEYWORD_DOUBLECASTTHISTURN_NAME,Double Cast (This Turn),,Doble hechizo (este turno),Sort double (ce tour),Doppelzauber (dieser Zug),Doppio Lancio (questo turno),Lançamento Duplo (Neste turno),ダブルキャスト(この​ターン)
KEYWORD_DOUBLECASTTHISTURN_DESC,The next spell you cast this turn is cast an additional time for free.,,El siguiente hechizo de este turno tiene un tiempo de uso extra gratis.,Le prochain sort que vous utilisez bénéficie d'une utilisation bonus gratuite ce tour.,"Der nächste Zauber, den du in diesem Zug einsetzt, wird ein zusätzliches Mal kostenlos ausgelöst.",Il prossimo incantesimo che lanci in queso turno viene lanciato una volta in più gratuitamente.,O próximo encantamento que você utilizar neste turno é lançado uma segunda vez sem custo.,この​ターン次に​詠唱する​スペルを​無料で​もう​1回詠唱するにゃ。[b][/b]
KEYWORD_DROWSY_NAME,Drowsy,,Somnolencia,Somnolence,Schläfrig,Sonnolenza,Sonolência,眠気
KEYWORD_DROWSY_DESC,Falls asleep at the end of its turn.,,Se duerme al final del turno.,S'endort à la fin de son tour.,Schläft am Ende des Zuges ein.,Si addormenta alla fine del suo turno.,Adormece no final de seu turno.,ターン終了時に​眠りに​つくにゃ。[b][/b]
KEYWORD_DYBBUKED_NAME,Possessed by Dybbuk,,Posesión de Dybbuk,Possession de Dibbouk,Vom Dibbuk besessen,Possessione di Dybbuk,Possessão por Dybbuk,ディブクに​憑依された
KEYWORD_DYBBUKED_DESC,This cat is possessed by Dybbuk. Down this cat to exorcise him.,,Este gato cae bajo la posesión de Dybbuk. Abátelo para practicarle el exorcismo.,Ce chat est possédé par Dibbouk. Mettez-le K.O. pour l'exorciser.,"Diese Katze wurde vom Dibbuk besessen. Sie muss in Ohnmacht fallen, um sie von ihm zu befreien.",Questo gatto è posseduto da Dybbuk. Manda KO questo gatto per esorcizzarlo.,Este gato foi possuído por Dybbuk. Derrote-o para exorcizá-lo.,この​猫は​ディブクに​憑依されてるにゃ。​この​猫を​倒して​除霊するにゃ。[b][/b]
KEYWORD_EMPTYMIND_NAME,Empty Mind,,Mente en blanco,Vide mental,Leerer Geist,Mente Vuota,Mente Vazia,空虚な​心
KEYWORD_EMPTYMIND_DESC,"Spells are disabled. Whenever it gets a kill, it takes an extra turn.",,"Los hechizos están deshabilitados. Cuando mata a un enemigo, juega un turno extra.","Les sorts sont désactivés. À chaque ennemi tué, bénéficie d'un tour bonus.","Zauber sind deaktiviert. Immer, wenn die Einheit etwas tötet, erhält sie einen zusätzlichen Zug.","Gli incantesimi sono disabilitati. Ogni volta che uccide, effettua un turno aggiuntivo.","Encantamentos são desabilitados. Sempre que obtiver uma baixa, obtém também um turno adicional.",スペル無効にゃ。​キルを​取る​たびに​追加ターンを​得るにゃ。[b][/b]
KEYWORD_EVENTBOUNTY_NAME,Bounty,,Recompensa,Prime,Kopfgeld,Taglia,Recompensa,賞金首
KEYWORD_EVENTBOUNTY_DESC,Hunted by the bounty hunter.,,Esta unidad cae presa del cazarrecompensas.,Cible du chasseur de primes.,Wird von einem Kopfgeldjäger verfolgt.,Quest'unità è braccata dal cacciatore di taglie.,Possui um caçador de recompensas em seu encalço.,賞金稼ぎに​狙われてるにゃ。
KEYWORD_EXHAUSTION_NAME,Exhaustion,,Agotamiento,Épuisement,Erschöpfung,Spossatezza,Exaustão,疲弊
KEYWORD_EXHAUSTION_DESC,"Takes {stacks} unblockable damage at the start of its turn, then increase Exhaustion by 1. Whenever it would gain mana or health, gain {stacks} less mana or health. Combat regen disabled. Cannot be removed. It's time to finish the fight.",,Sufre {stacks} de daño imparable al inicio del turno y luego aumenta el agotamiento en 1. Obtiene {stacks} menos de maná o salud de la cantidad que le tocaría. Se deshabilita la regeneración poscombate. No se puede quitar. Hora de zanjar la contienda.,"Subit {stacks} dégâts imparables au début de son tour, puis Épuisement +1. Chaque fois qu'il devrait gagner du mana ou des PV, il en gagne {stacks} de moins. Régénération en combat désactivée. Ne peut pas être retiré. Il est temps d'en finir.","Erleidet am Anfang des Zuges {stacks} unvermeidbaren Schaden und erhöht Erschöpfung um 1. Immer, wenn die Einheit Mana oder Leben erhalten würde, erhält sie {stacks} weniger Mana oder Leben. Kampfregeneration deaktiviert. Kann nicht entfernt werden. Zeit, den Kampf zu beenden.","Subisce {stacks} di danno non parabile all'inizio del suo turno, poi aumenta Spossatezza di 1. Ogni volta che dovrebbe ottenere mana o salute, ottiene {stacks} in meno di mana o salute. Rigenerazione in combattimento disabilitata. Non può essere rimossa. È ora di concludere lo scontro.","Sofre {stacks} de dano não-bloqueável no início de seu turno, e então aumenta a exaustão em 1. Sempre que for obter mana ou saúde, obtém {stacks} a menos de mana ou saúde. Regeneração de combate desabilitada. Impossível remover. Está na hora de acabar com a luta.",ターン開始時に{stacks}ブロック不可ダメージを​受け、​疲弊が​1増加するにゃ。​マナや​体力を​得る​時、{stacks}少なく​得るにゃ。​戦闘中再生無効にゃ。​解除不可にゃ。​戦いを​終わらせる​時にゃ。[b][/b]
KEYWORD_EXHAUSTION_DESC_STACKLESS,"Takes unblockable damage at the start of its turn, then increase Exhaustion by 1. Decreases mana and health gain. Combat regen disabled.",,Sufre daño imparable al inicio del turno y luego aumenta el agotamiento en 1. Obtiene menos maná o salud. Se deshabilita la regeneración poscombate.,"Subit des dégâts imparables au début de son tour, puis Épuisement +1. Réduit les gains de mana et de PV. Régénération en combat désactivée.",Erleidet am Anfang des Zuges unvermeidbaren Schaden und erhöht Erschöpfung um 1. Verringert erhaltenes Mana und Leben. Kampfregeneration deaktiviert.,"Subisce danno non parabile all'inizio del suo turno, poi aumenta Spossatezza di 1. Riduce il guadagno di mana e salute. Rigenerazione in combattimento disabilitata.","Sofre dano não-bloqueável no início de seu turno, e então aumenta a exaustão em 1. Diminui os ganhos de mana e saúde. Regeneração de combate desabilitada.",ターン開始時に​ブロック不可ダメージを​受け、​疲弊が​1増加するにゃ。​マナと​体力の​獲得量が​減少するにゃ。​戦闘中再生無効にゃ。[b][/b]
KEYWORD_EXTRAATTACK_NAME,Extra Attacks,,Ataques extras,Attaques supplémentaires,Zusätzliche Angriffe,Attacchi Aggiuntivi,Ataques Adicionais,追加攻撃
KEYWORD_EXTRAATTACK_DESC,Can attack {stacks} extra times each turn.,,Puede atacar {stacks} veces más cada turno.,Peut attaquer {stacks} fois de plus chaque tour.,Kann pro Zug {stacks}-mal mehr angreifen.,Può attaccare {stacks} volte in più ogni turno.,Pode atacar {stacks} vezes adicionais em cada turno.,各ターン{stacks}回追加で​攻撃できるにゃ。[b][/b]
KEYWORD_EXTRAMOVE_NAME,Extra Moves,,Movimientos extras,Déplacements supplémentaires,Zusätzliche Bewegung,Movimenti Aggiuntivi,Movimentos Adicionais,追加移動
KEYWORD_EXTRAMOVE_DESC,Can move {stacks} extra times each turn.,,Puede moverse {stacks} veces más cada turno.,Peut se déplacer {stacks} fois de plus chaque tour.,Kann sich pro Zug {stacks}-mal mehr bewegen.,Può muoversi {stacks} volte in più ogni turno.,Pode se mover {stacks} vezes adicionais em cada turno.,各ターン{stacks}回追加で​移動できるにゃ。[b][/b]
KEYWORD_FEAR_NAME,Fear,,Miedo,Peur,Angst,Paura,Medo,恐怖
KEYWORD_FEAR_DESC,Moves as far away from enemies as it can at the start of its turn.,,Se aleja todo lo posible de los enemigos al inicio del turno.,S'éloigne le plus possible des ennemis au début de son tour.,Bewegt sich am Anfang des Zuges so weit wie möglich von Gegnern weg.,Si allontana il più possibile dai nemici all'inizio del suo turno.,Move-se tão longe quanto possível de inimigos no início de seu turno.,ターン開始時に​敵から​できるだけ遠く​へ移動するにゃ。[b][/b]
KEYWORD_FREESPELL_NAME,Free Spell,,Hechizo gratuito,Sort gratuit,Kostenloser Zauber,Incantesimo Gratuito,Encantamento Grátis,フリースペル
KEYWORD_FREESPELL_DESC,The next spell you cast costs 0 mana.,,El siguiente hechizo cuesta 0 de maná.,Le sort suivant coûte 0&nbsp;mana.,"Der nächste Zauber, den diese Einheit wirkt, kostet 0&nbsp;Mana.",Il prossimo incantesimo che lanci costa 0 mana.,O próximo encantamento que você lançar custa 0 de mana.,次に​詠唱する​スペルの​コストが​0マナに​なるにゃ。[b][/b]
KEYWORD_FREEZE_NAME,Freeze,,Congelación,Gel,Frost,Congelamento,Congelamento,凍結
KEYWORD_FREEZE_DESC,Cannot take damage. Unfreezes at the start of its turn.,,No puede sufrir daño. Se descongela al inicio del turno.,Ne peut pas subir de dégâts. Se dégèle au début de son tour.,Einheit kann keinen Schaden erleiden. Taut am Anfang ihres nächsten Zuges auf.,Non può subire danno. Si scongela all'inizio del suo turno.,Não pode sofrer dano. Descongela no início de seu turno.,ダメージを​受けないにゃ。​ターン開始時に​解凍されるにゃ。[b][/b]
KEYWORD_GRAPPLED_NAME,Grappled,,Sujeción,Agrippé,Gepackt,Avvinghiamento,Agarrão,拘束
KEYWORD_GRAPPLED_DESC,Immobile as long as it's next to the thing that grappled it.,,Se queda inmóvil mientras siga junto al ente que lo tiene agarrado.,L'unité à proximité de ce qui l'a agrippée subit Immobilisation.,"Unbeweglich, solange diese Einheit sich neben der Einheit befindet, die sie gepackt hat.",L'unità è immobilizzata finché resta vicina alla cosa che l'ha avvinghiata.,Permanece imóvel enquanto estiver ao lado da fonte do agarrão.,拘束した​対象の​隣に​いる​限り移動不可にゃ。[b][/b]
KEYWORD_HEALTHREGEN_NAME,Health Regen,,Regeneración de salud,Régénération de PV,Lebensregeneration,Rigenerazione Salute,Regeneração de Saúde,HP再生
KEYWORD_HEALTHREGEN_DESC,Regenerate {stacks} health at the end of its turn.,,Regenera {stacks} de salud al final del turno.,Régénère {stacks} PV à la fin de son tour.,Regeneriert am Ende des Zuges {stacks}&nbsp;Gesundheit.,Rigenera {stacks} di salute alla fine del suo turno.,Regenera {stacks} de saúde no final de seu turno.,ターン終了時に{stacks}HP回復するにゃ。
KEYWORD_HEALTHREGEN_DESC_STACKLESS,Regenerates health at the end of its turn.,,Regenera salud al final del turno.,Régénère des PV à la fin de son tour.,Regeneriert am Ende des Zuges Gesundheit.,Rigenera salute alla fine del suo turno.,Regenera saúde no final de seu turno.,ターン終了時に​HP回復するにゃ。[b][/b]
KEYWORD_HEAVIERHITS_NAME,Heavier Hits,,Golpes más contundentes,Coups violents,Härtere Schläge,Colpi Pesantissimi,Golpes Muito Pesados,重撃
KEYWORD_HEAVIERHITS_DESC_STACKS,Physical damage inflicts Bruise {stacks} this turn.,,El daño físico inflige {stacks} de moratón este turno.,Les dégâts physiques infligent Contusion {stacks} ce tour.,Physischer Schaden verursacht in diesem Zug Beulen&nbsp;{stacks}.,Il danno fisico infligge Livido {stacks} in questo turno.,O dano físico aplica contusão {stacks} neste turno.,この​ターン、​物理ダメージが​打撲{stacks}を​付与するにゃ。[b][/b]
KEYWORD_HEAVYHITS_NAME,Heavy Hits,,Golpes contundentes,Coups lourds,Harte Schläge,Colpi Pesanti,Golpes Pesados,重い​一撃
KEYWORD_HEAVYHITS_DESC_STACKS,Basic attack inflicts Bruise {stacks} this turn.,,El ataque básico inflige {stacks} de moratón este turno.,L'attaque de base inflige Contusion {stacks} ce tour.,Grundangriffe verursachen in diesem Zug Beulen&nbsp;{stacks}.,L'attacco base infligge Livido {stacks} in questo turno.,O ataque básico aplica contusão {stacks} neste turno.,この​ターン、​通常攻撃が​打撲{stacks}を​付与するにゃ。[b][/b]
KEYWORD_HEX_NAME,Hex,,Mal de ojo,Magie vorace,Verhext,Maledizione,Bruxaria,呪詛
KEYWORD_HEX_DESC,Spells cost {stacks} more mana to cast.,,Los hechizos cuestan {stacks} más de maná.,Les sorts coûtent +{stacks} mana.,Zauber kosten {stacks}&nbsp;Mana mehr.,Lanciare gli incantesimi costa {stack} mana in più.,Encantamentos custam {stacks} a mais de mana para serem lançados.,スペル詠唱コストが{stacks}マナ増加するにゃ。
KEYWORD_HEX_DESC_STACKLESS,Spells cost more mana to cast.,,Los hechizos cuestan más maná.,Les sorts coûtent davantage de mana.,Zauber kosten mehr Mana.,Lanciare gli incantesimi costa più mana.,Encantamentos custam mais mana para serem lançados.,スペル詠唱コストが​増加するにゃ。[b][/b]
KEYWORD_IMMOBILE_NAME,Immobile,,Inmovilización,Immobilisation,Unbeweglich,Immobilizzazione.,Imobilização,移動不可
KEYWORD_IMMOBILE_DESC,Cannot move.,,No se puede mover.,Ne peut pas bouger.,Kann sich nicht bewegen.,Il movimento è impossibile.,Não pode se mover.,移動できないにゃ。
KEYWORD_INFESTED_NAME,Infested,,Infestación,Infestation,Infiziert,Infestato,Infestação,寄生
KEYWORD_INFESTED_DESC,"The things infesting this pop out when it dies, destroying its corpse.",,Los entes que han infestado a esta unidad surgen para destrozar el cadáver en cuanto muere.,"Les choses qui l'infestent en jaillissent lorsqu'il meurt, détruisant son cadavre.","Was auch immer diese Einheit infiziert, platzt aus ihr heraus, wenn sie stirbt, und zerstört ihre Leiche.","Le cose che infestano quest'unità vengono fuori quando muore, distruggendone il cadavere.","As coisas que estão infestando isto explodem após sua morte, destruindo seu corpo.",寄生してる​物が​死亡時に​飛び出し、​死体を​破壊するにゃ。[b][/b]
KEYWORD_INTUP_NAME,Intelligence Up,,Inteligencia aumentada,Intelligence (+),Intelligenz hoch,Intelligenza +,Inteligência Aumentada,知力上昇
KEYWORD_INTUP_DESC,Intelligence increased by {stacks}.Intelligence affects mana regen.,,La inteligencia aumenta en {stacks}.La inteligencia afecta a la regeneración de maná.,Intelligence +{stacks}.L'intelligence affecte la régénération de mana.,Intelligenz um {stacks} erhöht.Intelligenz wirkt sich auf Manaregeneration aus.,L'intelligenza aumenta di {stacks}.L'intelligenza influenza la rigenerazione del mana.,A inteligência é aumentada em {stacks}.A inteligência afeta a regeneração de mana.,知力が{stacks}上昇にゃ。​知力は​マナ再生に​影響するにゃ。[b][/b]
KEYWORD_INTDOWN_NAME,Intelligence Down,,Inteligencia reducida,Intelligence (-),Intelligenz runter,Intelligenza -,Inteligência Diminuída,知力低下
KEYWORD_INTDOWN_DESC,Intelligence decreased by {absstacks}.Intelligence affects mana regen.,,La inteligencia se reduce en {absstacks}.La inteligencia afecta a la regeneración de maná.,Intelligence -{absstacks}.L'intelligence affecte la régénération de mana.,Intelligenz um {absstacks} verringert.Intelligenz wirkt sich auf Manaregeneration aus.,L'intelligenza diminuisce di {stacks}.L'intelligenza influenza la rigenerazione del mana.,A inteligência é diminuída em {absstacks}.A inteligência afeta a regeneração de mana.,知力が{absstacks}低下にゃ。​知力は​マナ再生に​影響するにゃ。[b][/b]
KEYWORD_INVULNERABLE_NAME,Invulnerable,,Invulnerabilidad,Invulnérabilité,Unverwundbar,Invulnerabile,Invulnerabilidade,無敵
KEYWORD_INVULNERABLE_DESC,Does not take damage.,,No sufre daño.,Ne peut pas subir de dégâts.,Erleidet keinen Schaden.,Non subisce danno.,Não sofre dano.,ダメージを​受けないにゃ。
KEYWORD_KINETICSPPIKES_NAME,Kinetic Spikes,,Pinchos cinéticos,Pics cinétiques,Kinetiknadeln,Spuntoni Cinetici,Espinhos Cinéticos,運動棘
KEYWORD_KINETICSPPIKES_DESC,"When this takes damage, emit {stacks} Sparkles.",,"Al sufrir daño, emite {stacks} destellos.","Subissant des dégâts, {stacks} étincelles sont émises.","Einheit versprüht {stacks}&nbsp;Funken, wenn sie Schaden erleidet.","Quando subisce danno, emette {stacks} Scintille.","Ao sofrer dano, emite {stacks} fagulhas.",ダメージを​受けた​時、{stacks}個の​火花を​放つにゃ。[b][/b]
KEYWORD_KINETICSPPIKES_DESC_SINGULAR,"When this takes damage, emit a Sparkle.",,"Al sufrir daño, emite un destello.","Subissant des dégâts, une étincelle est émise.","Einheit versprüht einen Funken, wenn sie Schaden erleidet.","Quando subisce danno, emette una Scintilla.","Ao sofrer dano, emite uma fagulha.",ダメージを​受けた​時、​火花を​1個放つにゃ。[b][/b]
KEYWORD_KINETICSPPIKES_DESC_STACKLESS,"When this takes damage, emit Sparkles.",,"Al sufrir daño, emite destellos.","Subissant des dégâts, des étincelles sont émises.","Einheit versprüht Funken, wenn sie Schaden erleidet.","Quando subisce danno, emette Scintille.","Ao sofrer dano, emite fagulhas.",ダメージを​受けた​時、​火花を​放つにゃ。[b][/b]
KEYWORD_LEECHES_NAME,Leeches,,Sanguijuelas,Sangsues,Blutegel,Sanguisughe,Sanguessugas,リーチ
KEYWORD_LEECHES_NAME_APPLIER,{applier's} Leeches.,,Son las sanguijuelas de {applier's}.,Sangsues ({applier}).,Blutegel von {applier},Sanguisughe di {applier}.,Sanguessugas de {applier's}.,{applier}の​リーチ
KEYWORD_LEECHES_DESC,Drains {stacks} health at the end of the round.,,Absorbe {stacks} de salud al final de la ronda.,Draine {stacks} PV à la fin de la manche.,Saugt am Ende der Runde {stacks}&nbsp;Gesundheit ab.,Prosciuga {stacks} di salute alla fine del round.,Drena {stacks} de saúde no final da rodada.,ラウンド終了時に{stacks}体力を​吸い​取られるにゃ。[b][/b]
KEYWORD_LEECHES_DESC_APPLIER,Drains {stacks} health at the end of {applier's} turn and gives it to {applier}.,,Absorbe {stacks} de salud al final del turno de {applier's} para dársela a {applier}.,Draine {stacks} PV et les donne à {applier} à la fin de son tour.,Saugt am Ende des Zugs von {applier} {stacks}&nbsp;Gesundheit ab und heilt {applier}.,Prosciuga {stacks} di salute alla fine del turno di {applier} e le fornisce a {applier}.,Drena {stacks} de saúde no final do turno de {applier's} e a concede para {applier}.,{applier}の​ターン終了時に{stacks}体力を​吸い​取られ、{applier}に​与えられるにゃ。[b][/b]
KEYWORD_LEECHES_DESC_STACKLESS,Drains health from the leeched unit at the end of your turn.,,Absorbe salud de la unidad con sanguijuelas al final del turno.,Draine les PV de la victime de cet effet à la fin de votre tour.,Saugt am Ende deines Zuges Gesundheit von der betroffenen Einheit ab.,Prosciuga la salute dell'unità affetta alla fine del tuo turno.,Drena saúde da unidade com sanguessuga no final do seu turno.,ターン終了時に​リーチされた​ユニットから​体力を​吸い​取るにゃ。[b][/b]
KEYWORD_LIFESTEAL_NAME,Lifesteal,,Robavida,Vol de vie,Leben stehlen,Rubavita,Roubo de Vida,ライフスティール
KEYWORD_LIFESTEAL_DESC,The next {stacks} basic attacks you do heal you for the amount of health damage they inflict.,,Los siguientes {stacks} ataques básicos curan a esta unidad según la cantidad de daño de salud que inflija.,Vos {stacks} prochaines attaques de base vous soignent d'un montant de PV égal aux dégâts qu'elles infligent.,Deine nächsten {stacks}&nbsp;Grundangriffe heilen dich in Höhe des verursachten Schadens.,I successivi {stacks} attacchi base che esegui ti curano per la quantità di danno alla salute che infliggono.,Seus próximos {stacks} ataques básicos curam você de forma equivalente ao dano à saúde causado.,次の{stacks}回の​通常攻撃で​与えた​体力ダメージ分回復するにゃ。[b][/b]
KEYWORD_LIFESTEAL_DESC_STACKLESS,Your next basic attack heals you for the amount of health damage it inflicts.,,El siguiente ataque básico cura a esta unidad según la cantidad de daño de salud que inflija.,Votre prochaine attaque de base vous soigne d'un montant de PV égal aux dégâts qu'elle inflige.,Dein nächster Grundangriff heilt dich in Höhe des verursachten Schadens.,Il tuo prossimo attacco base ti cura per la quantità di danno alla salute che infligge.,Seu próximo ataque básico cura você de forma equivalente ao dano à saúde causado.,次の​通常攻撃で​与えた​体力ダメージ分回復するにゃ。[b][/b]
KEYWORD_LIFESTEAL2_DESC,Heals you equal to the amount of health damage dealt.,,La unidad se cura según la cantidad de daño de salud que inflija.,Vous soigne d'un montant de PV égal aux dégâts infligés.,Heilt dich in Höhe des verursachten Schadens.,Ti cura in modo pari alla quantità di danno alla salute inflitto.,Cura você de forma equivalente ao dano à saúde causado.,与えた​体力ダメージ分回復するにゃ。[b][/b]
KEYWORD_LCKUP_NAME,Luck Up,,Suerte aumentada,Chance (+),Glück hoch,Fortuna +,Sorte Aumentada,運上昇
KEYWORD_LCKUP_DESC,Luck increased by {stacks}.Luck affects base crit chance and all randomness.,,La suerte aumenta en {stacks}.La suerte afecta a la probabilidad de crítico base y a todo lo que depende del azar.,Chance +{stacks}.La chance affecte les chances de coup critique de base ainsi que toute forme d'aléatoire.,Glück um {stacks} erhöht.Glück wirkt sich auf die kritische Trefferchance und alle zufälligen Ereignisse aus.,La fortuna aumenta di {stacks}.La fortuna influenza la probabilità di colpo critico base e di tutte le casualità.,A sorte é aumentada em {stacks}.A sorte afeta a chance de crítico base e tudo que é aleatório.,運が{stacks}上昇にゃ。​運は​基本クリティカル率と​全ての​ラン​ダム性に​影響するにゃ。[b][/b]
KEYWORD_LCKDOWN_NAME,Luck Down,,Suerte reducida,Chance (-),Glück runter,Fortuna -,Sorte Diminuída,運低下
KEYWORD_LCKDOWN_DESC,Luck decreased by {absstacks}.Luck affects base crit chance and all randomness.,,La suerte se reduce en {absstacks}.La suerte afecta a la probabilidad de crítico base y a todo lo que depende del azar.,Chance -{absstacks}.La chance affecte les chances de coup critique de base ainsi que toute forme d'aléatoire.,Glück um {absstacks} verringert.Glück wirkt sich auf die kritische Trefferchance und alle zufälligen Ereignisse aus.,La fortuna diminuisce di {stacks}.La fortuna influenza la probabilità di colpo critico base e di tutte le casualità.,A sorte é diminuída em {absstacks}.A sorte afeta a chance de crítico base e tudo que é aleatório.,運が{absstacks}低下にゃ。​運は​基本クリティカル率と​全ての​ラン​ダム性に​影響するにゃ。[b][/b]
KEYWORD_MADNESS_NAME,Madness,,Locura,Folie,Wahnsinn,Follia,Insanidade,狂気
KEYWORD_MADNESS_DESC,Thinks everything is an enemy. Uncontrollable.,,Piensa que todos son enemigos. Incontrolable.,Tout lui semble être un ennemi. Incontrôlable.,Hält alles für einen Gegner. Unkontrollierbar.,Pensa che ogni cosa sia un nemico. Incontrollabile.,Pensa que tudo é um inimigo. Incontrolável.,全てを​敵だと​思ってるにゃ。​制御不能にゃ。[b][/b]
KEYWORD_MAGICWEAKNESS_NAME,Magic Weakness,,Debilidad mágica,Vulnérabilité magique,Magieschwäche,Debolezza Magica,Fraqueza Contra Magia,魔法弱点
KEYWORD_MAGICWEAKNESS_DESC,Incoming magic damage has 100% Crit Chance and can't miss.,,El daño mágico sufrido tiene un 100 % de probabilidad de crítico y no puede fallar.,Les dégâts que vous subissez ont 100&nbsp;% de chances de coup critique et touchent à coup sûr.,Erlittener magischer Schaden hat 100&nbsp;% kritische Trefferchance und kann nicht verfehlen.,Il danno magico in arrivo ha una probabilità di colpo critico del 100% e non può mancare il bersaglio.,O dano mágico sofrido possui 100% de chance de crítico e não pode errar.,受ける​魔法ダメージが​100%クリティカルに​なり、​ミスしないにゃ。[b][/b]
KEYWORD_MANALEECHES_NAME,Mana Leeches,,Sanguijuelas de maná,Sangsue de mana,Manablutegel,Assorbi-Mana,Sanguessugas de Mana,マナリーチ
KEYWORD_MANALEECHES_NAME_APPLIER,{applier's} Mana Leeches,,Son las sanguijuelas de maná de {applier's}.,Sangsues de mana ({applier}).,Manablutegel von {applier},Assorbi-Mana di {applier},Sanguessugas de mana de {applier's},{applier}の​マナリーチ[b][/b]
KEYWORD_MANALEECHES_DESC,Drains {stacks} mana at the end of the round.,,Absorbe {stacks} de maná al final de la ronda.,Draine {stacks} mana à la fin de la manche.,Saugen am Ende der Runde {stacks}&nbsp;Mana ab.,Prosciuga {stacks} di mana alla fine del round.,Drena {stacks} de mana no final da rodada.,ラウンド終了時に{stacks}マナを​吸い​取られるにゃ。[b][/b]
KEYWORD_MANALEECHES_DESC_APPLIER,Drains {stacks} mana at the end of {applier's} turn and gives it to {applier}.,,Absorbe {stacks} de maná al final del turno de {applier's} para dárselo a {applier}.,Draine {stacks} mana et les donne à {applier} à la fin de son tour.,Saugen am Ende vom Zug von {applier} {stacks}&nbsp;Mana ab und schreiben sie {applier} gut.,Prosciuga {stacks} di mana alla fine del turno di {applier} e lo fornisce a {applier}.,Drena {stacks} de mana no final do turno de {applier's} e a concede para {applier}.,{applier}の​ターン終了時に{stacks}マナを​吸い​取られ、{applier}に​与えられるにゃ。[b][/b]
KEYWORD_MANALEECHES_DESC_STACKLESS,Drains mana from the leeched unit at the end of your turn.,,Absorbe maná de la unidad con sanguijuelas al final del turno.,Draine le mana de la victime de cet effet à la fin de votre tour.,Saugen am Ende deines Zuges Mana von der betroffenen Einheit ab.,Prosciuga mana dall'unità che subisce l'assorbimento alla fine del tuo turno.,Drena mana da unidade com sanguessuga de mana no final do seu turno.,ターン終了時に​リーチされた​ユニットから​マナを​吸い​取るにゃ。[b][/b]
KEYWORD_MARKED_NAME,Marked,,Punto de mira,Marquage,Markiert,Marchio,Marcação,マーク
KEYWORD_MARKED_DESC,"Incoming physical damage has 100% Crit Chance, ignores shield, and can't miss.",,"El daño físico sufrido tiene un 100 % de probabilidad de crítico, ignora el escudo y no puede fallar.","Les dégâts physiques que vous subissez ont 100&nbsp;% de chances de coup critique, ignorent la défense et touchent à coup sûr.","Erlittener physischer Schaden hat 100&nbsp;% kritische Trefferchance, ignoriert Schilde und kann nicht verfehlen.","Il danno fisico in arrivo ha una probabilità di critico del 100%, ignora lo scudo e non può mancare il bersaglio.","O dano físico sofrido possui 100% de chance de crítico, ignora escudos e não pode errar.",受ける​物理ダメージが​100%クリティカルに​なり、​シールドを​無視し、​ミスしないにゃ。[b][/b]
KEYWORD_MEATY_NAME,Meaty,,Carne jugosa,Bout de viande,Fleischig,Carnoso,Carnudo,肉付き
KEYWORD_MEATY_DESC,Turns into meat when it dies.,,Se transforma en carne al morir.,Se change en viande à sa mort.,"Einheit verwandelt sich in Fleisch, wenn sie stirbt.",Si trasforma in carne quando muore.,Transforma-se em carne ao morrer.,死亡時に​肉に​なるにゃ。
KEYWORD_MISSCHANCE_NAME,Miss Chance,,Probabilidad de fallo,Risques d'échec,Wahrscheinlichkeit zu verfehlen,Probabilità di mancare,Chance de Erro,ミス率
KEYWORD_MISSCHANCE_DESC,Miss chance increased by {stacks}%.,,La probabilidad de fallo aumenta en un {stacks} %.,Risques d'échec +{stacks}&nbsp;%.,"Wahrscheinlichkeit, dass Angriffe verfehlen, ist um {stacks}&nbsp;% erhöht.",La probabilità di mancare aumenta del {stacks}%.,A chance de erro é aumentada em {stacks}%.,ミス率が{stacks}%上昇にゃ。
KEYWORD_MOVEMENTUP_NAME,Movement Up,,Movimiento aumentado,Déplacements (+),Bewegung hoch,Movimento +,Movimento Aumentado,移動力上昇
KEYWORD_MOVEMENTUP_DESC,Basic movement range increased by {stacks}.,,El alcance del movimiento básico aumenta en {stacks}.,Portée de déplacement de base +{stacks}.,Bewegungsreichweite ist um {stacks} erhöht.,Il raggio di movimento base aumenta di {stacks}.,O alcance de movimento básico é aumentado em {stacks}.,基本移動範囲が{stacks}上昇にゃ。
KEYWORD_MOVEMENTUP_DESC_STACKLESS,Increases your basic movement's range.,,Aumenta el alcance del movimiento básico.,Augmente votre portée de déplacement de base.,Erhöht deine Bewegungsreichweite.,Aumenta il raggio del tuo movimento base.,Aumenta seu alcance de movimento básico.,基本移動範囲が​上昇するにゃ。
KEYWORD_MOVEMENTDOWN_NAME,Movement Down,,Movimiento reducido,Déplacements (-),Bewegung runter,Movimento -,Movimento Diminuído,移動力低下
KEYWORD_MOVEMENTDOWN_DESC,Basic movement range decreased by {stacks}.,,El alcance del movimiento básico se reduce en {stacks}.,Portée de déplacement de base -{stacks}.,Bewegungsreichweite ist um {stacks} verringert.,Il raggio di movimento base diminuisce di {stacks}.,O alcance de movimento básico é diminuído em {stacks}.,基本移動範囲が{stacks}低下にゃ。
KEYWORD_MOVEMENTDOWN_DESC_STACKLESS,Decreases your basic movement's range.,,Reduce el alcance del movimiento básico.,Diminue votre portée de déplacement de base.,Verringert deine Bewegungsreichweite.,Diminuisce il raggio del tuo movimento base.,Diminui seu alcance de movimento básico.,基本移動範囲が​低下するにゃ。
KEYWORD_BONUSMOVE_NAME,Bonus Move,,Bonificación de movimiento,Déplacement bonus,Bonusbewegung,Movimento Bonus,Movimento Bônus,ボーナス移動
KEYWORD_BONUSMOVE_DESC,An extra basic move that is saved across turns if unused.,,"Hay un movimiento básico extra que, de no usarse, se guarda para otro turno.","Un déplacement de base bonus, conservé d'un tour à l'autre s'il n'est pas utilisé.","Eine zusätzliche Bewegung, die über Züge hinweg erhalten bleibt, wenn sie nicht genutzt wird.",Un movimento base aggiuntivo che si conserva tra i turni se non viene utilizzato.,Um movimento básico adicional que persiste entre turnos se não for utilizado.,未使用時に​ターンを​またいで​保存される​追加の​基本移動にゃ。[b][/b]
KEYWORD_BONUSMOVE_DESC_STACKS,{stacks} extra basic moves that are saved across turns if unused.,,"Hay {stacks} movimientos básicos extras que, de no usarse, se guardan para otro turno.","{stacks} déplacements de base bonus, conservés d'un tour à l'autre s'ils ne sont pas utilisés.","{stacks} zusätzliche Bewegungen, die über Züge hinweg erhalten bleiben, wenn sie nicht genutzt werden.",{stacks} movimenti base aggiuntivi che si conservano tra i turni se non vengono utilizzati.,{stacks} movimentos básicos adicionais que persistem entre turnos se não forem utilizados.,未使用時に​ターンを​またいで​保存される{stacks}回の​追加基本移動にゃ。[b][/b]
KEYWORD_MUTED_NAME,Muted,,Silencio,Entrave magique,Stumm,Mutismo,Silêncio,沈黙
KEYWORD_MUTED_DESC,{stacks} of your spells are disabled until {applier} dies.,,Se deshabilitan {stacks} hechizos de esta unidad hasta que {applier} muere.,{stacks} de vos sorts sont désactivés jusqu'à ce que {applier} meure.,"{stacks} deiner Zauber sind deaktiviert, bis {applier} stirbt.",{stacks} dei tuoi incantesimi sono disabilitati finché {applier} non muore.,{stacks} de seus encantamentos são desabilitados até que {applier} morra.,{applier}が​死ぬまで{stacks}個の​スペルが​無効化されるにゃ。[b][/b]
KEYWORD_MUTED_DESC_SINGULAR,One of your spells is disabled until {applier} dies.,,Se deshabilita un hechizo de esta unidad hasta que {applier} muere.,Un de vos sorts est désactivé jusqu'à ce que {applier} meure.,"Einer deiner Zauber ist deaktiviert, bis {applier} stirbt.",Uno dei tuoi incantesimi è disabilitato finché {applier} non muore.,Um de seus encantamentos é desabilitado até que {applier} morra.,{applier}が​死ぬまで​1個の​スペルが​無効化されるにゃ。[b][/b]
KEYWORD_MUTED_DESC_STACKLESS,Disables a random spell until the applier is killed.,,Deshabilita un hechizo al azar hasta que quien lo aplica muere.,Rend un de vos sorts inutilisable jusqu'à ce que l'applicateur de l'effet ne meure.,"Deaktiviert einen zufälligen Zauber, bis der Wirker stirbt.",Disabilita un incantesimo casuale finché chi l'ha lanciato non muore.,Desabilita um encantamento aleatório até quem o lançar morrer.,付与者が​倒されるまで​ランダムな​スペルが​無効化されるにゃ。[b][/b]
KEYWORD_BONUSRANGE_NAME,Bonus Range,,Bonificación de alcance,Portée bonus,Bonusreichweite,Raggio d'Azione Bonus,Alcance Bônus,ボーナス射程
KEYWORD_BONUSRANGE_DESC,Your next basic attack has +{stacks} range.,,El siguiente ataque básico tiene +{stacks} de alcance.,Portée de votre prochaine attaque de base +{stacks}.,Dein nächster Grundangriff hat +{stacks}&nbsp;Reichweite.,Il tuo prossimo attacco base ha +{stacks} al raggio d'azione.,Seu próximo ataque básico possui +{stacks} de alcance.,次の​通常攻撃の​射程が​+{stacks}されるにゃ。[b][/b]
KEYWORD_BONUSRANGE_DESC_STACKLESS,Increases the range of your next basic attack.,,Aumenta el alcance del siguiente ataque básico.,Augmente la portée de votre prochaine attaque de base.,Erhöht die Reichweite deines nächsten Grundangriffs.,Aumenta il raggio d'azione del tuo prossimo attacco base.,Aumenta o alcance do seu próximo ataque básico.,次の​通常攻撃の​射程が​上昇するにゃ。[b][/b]
KEYWORD_DOUBLERANGEDDMG_NAME,Double Ranged Damage,,Daño a distancia duplicado,Dégâts à distance doublés,Doppelter Fernkampfschaden,Danno a Distanza Doppio,Dano à Distância Dobrado,遠距離ダメージ倍化
KEYWORD_DOUBLERANGEDDMG_DESC,All ranged physical attacks and abilities deal double damage.,,Todas las habilidades y los ataques físicos a distancia infligen el doble de daño.,Les attaques physiques à distance et compétences infligent des dégâts doublés.,Alle physischen Fernkampfangriffe und -fähigkeiten verursachen doppelten Schaden.,Tutti gli attacchi fisici a distanza e le abilità a distanza infliggono il doppio del danno.,Todos os ataques e habilidades físicos à distância possuem dano dobrado.,全ての​遠距離物理攻撃と​アビリティの​ダメージが​2倍に​なるにゃ。[b][/b]
KEYWORD_NOHEALTHREGEN_NAME,No Health Regen,,Sin regeneración de salud,PV statiques,Keine Lebensregeneration,Nessuna Rigenerazione Salute,Sem Regeneração de Saúde,HP再生なし
KEYWORD_NOHEALTHREGEN_DESC,Health won't regen automatically and does not regen at the end of battle.,,La salud no se regenera automáticamente ni se recupera al final del combate.,Les PV ne se régénèrent pas automatiquement ni en fin de combat.,"Leben regeneriert sich weder automatisch, noch am Kampfende.",La salute non si rigenera automaticamente e non si rigenera alla fine della battaglia.,A saúde não é regenerada automaticamente ou no final da batalha.,HPが​自動再生せず、​バトル終了時にも​回復しないにゃ。[b][/b]
KEYWORD_NOMANAREGEN_NAME,No Mana Regen,,Sin regeneración de maná,Mana statique,Keine Manaregeneration,Nessuna Rigenerazione Mana,Sem Regeneração de Mana,マナ再生なし
KEYWORD_NOMANAREGEN_DESC,Mana won't regen automatically.,,El maná no se regenera automáticamente.,Le mana ne se régénère pas automatiquement.,Mana regeneriert sich nicht automatisch.,Il mana non si rigenera automaticamente.,A mana não é regenerada automaticamente.,マナが​自動再生しないにゃ。
KEYWORD_OSTRACIZED_NAME,Ostracized,,Ostracismo,Paria,Geächtet,Ostracizzazione,Ostracismo,排斥
KEYWORD_OSTRACIZED_DESC,Every unit sees this as an enemy and will attack it with priority.,,Todas las demás unidades la consideran un enemigo y tienen la prioridad de atacarla.,Considéré par chaque unité comme un ennemi à attaquer en priorité.,Jede Einheit betrachtet diese Einheit als Gegner und greift sie mit Priorität an.,Chiunque considera questa unità come nemica e l'attaccherà prima delle altre.,Todas as unidades vêem isto como um inimigo e atacam sempre que possível.,全ての​ユニットが​これを​敵と​見なし、​優先的に​攻撃するにゃ。[b][/b]
KEYWORD_CAPTUREDFAMILIAR_NAME,Captured Familiar,,Familiar capturado,Familier capturé,Gefangener Begleiter,Famiglio Catturato,Familiar Capturado,捕獲した​使い魔
KEYWORD_CAPTUREDFAMILIAR_DESC,"Was once an enemy, is now on your team. Will follow you to future battles if it doesn't die.",,"Era enemigo, pero se pasa a tu grupo. Si no muere, lucha contigo en futuros combates.","Autrefois un ennemi, il fait maintenant partie de votre équipe. Il vous suivra dans vos combats tant qu'il ne meurt pas.","War einst ein Gegner, kämpft jetzt aber für dein Team. Folgt dir in zukünftige Kämpfe, wenn er nicht stirbt.","Una volta era un nemico, ora è nella tua squadra. Ti seguirà nelle battaglie future se non muore.","Já foi um inimigo, agora está na sua equipe. Segue você em batalhas futuras se não morrer.",かつては​敵だったが、​今は​仲間にゃ。​死ななければ​次の​バトルに​も​ついてくるにゃ。[b][/b]
KEYWORD_PETRIFY_NAME,Petrify,,Petrificación,Pétrification,Versteinern,Pietrificazione,Petrificação,石化
KEYWORD_PETRIFY_DESC,It's a rock for {stacks} turns.,,Se transforma en roca durante {stacks} turnos.,Se change en pierre pendant {stacks} tours.,Ist {stacks}&nbsp;Züge versteinert.,È una roccia per {stacks} turni.,Torna-se uma pedra por {stacks} turnos.,{stacks}ターン石に​なるにゃ。[b][/b]
KEYWORD_PETRIFY_DESC_SINGULAR,It's a rock for 1 turn.,,Se transforma en roca durante 1 turno.,Se change en pierre pendant 1&nbsp;tour.,Ist noch 1&nbsp;Zug versteinert.,È una roccia per 1 turno.,Torna-se uma pedra por 1 turno.,1ターン石に​なるにゃ。
KEYWORD_PETRIFY_DESC_STACKLESS,Becomes a rock temporarily.,,Se transforma en roca temporalmente.,Se change en pierre temporairement.,Wird zeitweise zum Stein.,Diventa temporaneamente una roccia.,Torna-se uma pedra temporariamente.,一時的に​石に​なるにゃ。
KEYWORD_POISON_NAME,Poison,,Veneno,Poison,Gift,Veleno,Veneno,毒
KEYWORD_POISON_DESC,Takes {stacks} damage at the start of each of its turns. Incoming healing is less effective but cures 1 Poison.,,"Sufre {stacks} de daño al inicio de cada turno. La curación resulta menos efectiva, pero cura 1 de veneno.","Subit {stacks} dégâts au début de chacun de ses tours. Les soins reçus sont moins efficaces, mais soignent 1&nbsp;Poison.","Erleidet am Anfang seiner Züge {stacks}&nbsp;Schaden. Eingehende Heilung ist weniger effektiv, heilt aber 1&nbsp;Gift.",Subisce {stacks} danno all'inizio di ognuno dei suoi turni. Le cure in arrivo sono meno efficaci ma curano 1 Veleno.,"Sofre {stacks} de dano no início de cada um de seus turnos. Qualquer cura recebida é menos efetiva, porém cura 1 de veneno.",各ターン開始時に{stacks}ダメージを​受けるにゃ。​回復の​効果が​低下するが、​毒を​1除去するにゃ。[b][/b]
KEYWORD_POISON_DESC_STACKLESS,Takes damage at the start of every turn. Incoming healing is less effective but cures 1 Poison.,,"Sufre daño al inicio de cada turno. La curación resulta menos efectiva, pero cura 1 de veneno.","Subit des dégâts au début de chacun de ses tours. Les soins reçus sont moins efficaces, mais soignent 1&nbsp;Poison.","Erleidet am Anfang seiner Züge Schaden. Eingehende Heilung ist weniger effektiv, heilt aber 1&nbsp;Gift.",Subisce danno all'inizio di ognuno dei suoi turni. Le cure in arrivo sono meno efficaci ma curano 1 Veleno.,"Sofre dano no início de cada turno. Qualquer cura recebida é menos efetiva, porém cura 1 de veneno.",各ターン開始時に​ダメージを​受けるにゃ。​回復の​効果が​低下するが、​毒を​1除去するにゃ。[b][/b]
KEYWORD_POISONLACE_NAME,Poison Lace,,Dosis de veneno,Attaque empoisonnée,Giftversetzt,Laccio Velenoso,Ataque Envenenado,毒塗り
KEYWORD_POISONLACE_DESC,Basic attack inflicts +{stacks} Poison.,,El ataque básico inflige +{stacks} de veneno.,Votre attaque de base inflige Poison +{stacks}.,Grundangriff verursacht +{stacks}&nbsp;Gift.,L'attacco base infligge +{stacks} Veleno.,O ataque básico aplica +{stacks} de veneno.,通常攻撃が​+{stacks}毒を​付与するにゃ。[b][/b]
KEYWORD_POISONLACE_DESC_STACKLESS,Basic attack inflicts Poison.,,El ataque básico inflige veneno.,Votre attaque de base inflige Poison.,Grundangriff verursacht Gift.,L'attacco base infligge Veleno.,O ataque básico aplica veneno.,通常攻撃が​毒を​付与するにゃ。[b][/b]
KEYWORD_WPOISONLACE_NAME,Poison Lace (Weapon),,Dosis de veneno (arma),Attaque empoisonnée (arme),Giftversetzt (Waffe),Laccio Velenoso (Arma),Ataque Envenenado (Arma),毒塗り(武器)
KEYWORD_WPOISONLACE_DESC,Your weapon inflicts +{stacks} Poison.,,El arma inflige +{stacks} de veneno.,Votre arme inflige Poison +{stacks}.,Deine Waffe verursacht +{stacks}&nbsp;Gift.,La tua arma infligge +{stacks} Veleno.,Sua arma aplica +{stacks} de veneno.,武器が​+{stacks}毒を​付与するにゃ。[b][/b]
KEYWORD_WPOISONLACE_DESC_STACKLESS,Your weapon inflicts Poison.,,El arma inflige veneno.,Votre arme inflige Poison.,Deine Waffe verursacht Gift.,La tua arma infligge Veleno.,Sua arma aplica veneno.,武器が​毒を​付与するにゃ。
KEYWORD_POISONOUS_NAME,Poisonous,,Envenenamiento,Toxique,Giftig,Avvelenamento,Venenoso,有毒
KEYWORD_POISONOUS_DESC,Inflicts Poison {stacks} to units that contact you.,,Inflige {stacks} de veneno a las unidades que entran en contacto con esta.,Inflige Poison {stacks} aux unités qui vous touchent.,"Verursacht Gift&nbsp;{stacks} bei Einheiten, die dich berühren.",Infligge Veleno {stacks} alle unità che ti toccano.,Aplica veneno {stacks} em unidades que entrarem em contato com você.,接触した​ユニットに​毒{stacks}を​付与するにゃ。[b][/b]
KEYWORD_POISONOUS_DESC_STACKLESS,Inflicts Poison to units that contact you.,,Inflige veneno a las unidades que entran en contacto con esta.,Inflige Poison aux unités qui vous touchent.,"Verursacht Gift bei Einheiten, die dich berühren.",Infligge Veleno alle unità che ti toccano.,Aplica veneno em unidades que entrarem em contato com você.,接触した​ユニットに​毒を​付与するにゃ。[b][/b]
KEYWORD_POSSESED_NAME,Possessed,,Posesión,Possession,Besessen,Possessione,Possessão,憑依
KEYWORD_POSSESSED_DESC,Takes {stacks} extra turns and is uncontrollable and charmed on those turns.,,"Esta unidad juega {stacks} turnos extras, durante los cuales se muestra incontrolable y embrujada.",Joue {stacks} tours bonus durant lesquels il est incontrôlable et envoûté.,Erhält {stacks}&nbsp;zusätzliche Züge. Einheit ist während dieser Züge unkontrollierbar und erleidet Charme.,L'unità effettua {stacks} turni aggiuntivi ed è incontrollabile e ammaliata in quei turni.,Obtém {stacks} turnos adicionais e não pode ser controlado ou enfeitiçado nesses turnos.,{stacks}回の​追加ターンを​得て、​その​ターンは​制御不能で​魅了状態に​なるにゃ。[b][/b]
KEYWORD_POSSESSED_DESC_SIGNULAR,Takes an extra turn and is uncontrollable and charmed on that turn.,,"Esta unidad juega un turno extra, durante el cual se muestra incontrolable y embrujada.",Joue 1&nbsp;tour bonus durant lequel il est incontrôlable et envoûté.,Erhält einen zusätzlichen Zug. Einheit ist während dieses Zuges unkontrollierbar und erleidet Charme.,L'unità effettua un turno aggiuntivo ed è incontrollabile e ammaliata in quel turno.,Obtém um turno adicional e não pode ser controlado ou enfeitiçado nesses turnos.,追加ターンを​1回得て、​その​ターンは​制御不能で​魅了状態に​なるにゃ。[b][/b]
KEYWORD_POSSESSED_DESC_STACKLESS,Takes an extra Charmed turn.,,"Esta unidad juega un turno extra, durante el cual está embrujada.",Joue 1&nbsp;tour bonus durant lequel il subit Envoûtement.,"Erhält einen zusätzlichen Zug, bei dem die Einheit unter Charme leidet.",L'unità effettua un turno aggiuntivo con Ammaliamento.,Obtém um turno adicional de feitiço.,魅了状態の​追加ターンを​得るにゃ。[b][/b]
KEYWORD_PREEMTIVECOUNTER_NAME,Preemptive Counter,,Contrataque preventivo,Riposte préventive,Präventiver Konter,Contrattacco Preventivo,Contra-Ataque Preventivo,先制反撃
KEYWORD_PREEMTIVECOUNTER_DESC,"Attack the next {stacks} things that target you before they attack you, automatically.",,Esta unidad ataca automáticamente a los siguientes {stacks} entes que la apunten antes de que la ataquen.,Attaque automatiquement les {stacks} prochaines choses qui vous ciblent avant qu'elles ne vous attaquent.,"Greife automatisch die nächsten {stacks}&nbsp;Einheiten an, die dich anvisieren, bevor sie dich angreifen.",Attacchi automaticamente le successive {stacks} cose che ti prendono di mira prima che loro attacchino te.,Ataque automaticamente as próximas {stacks} coisas que pretenderem atacar você antes que esses ataques sejam realizados.,次に​狙ってくる{stacks}体を​相手の​攻撃前に​自動で​攻撃するにゃ。[b][/b]
KEYWORD_PREEMTIVECOUNTER_DESC_STACKLESS,"Attack the next thing that targets you before it attacks you, automatically.",,Esta unidad ataca automáticamente al siguiente ente que la apunte antes de que la ataque.,Attaque automatiquement la prochaine chose qui vous cible avant qu'elle ne vous attaque.,"Greife automatisch die nächste Einheit an, die dich anvisiert, bevor sie dich angreift.",Attacchi automaticamente la successiva cosa che ti prende di mira prima che attacchi te.,Ataque automaticamente a próxima coisa que pretender atacar você antes que esse ataque seja realizado.,次に​狙ってくる​対象を​相手の​攻撃前に​自動で​攻撃するにゃ。[b][/b]
KEYWORD_QUIVERED_NAME,Bonus Attack,,Bonificación de ataque,Attaque bonus,Bonusangriff,Attacco Bonus,Ataque Bônus,ボーナス攻撃
KEYWORD_QUIVERED_DESC,{stacks} extra basic attacks that are saved across turns if unused.,,"Hay {stacks} ataques básicos extras que, de no usarse, se guardan para otro turno.","{stacks} attaques de base bonus, conservées d'un tour à l'autre si elle ne sont pas utilisées.","{stacks} zusätzliche Angriffe, die über Züge hinweg erhalten bleiben, wenn sie nicht genutzt werden.",{stacks} attacchi base aggiuntivi che vengono conservati tra i turni se non vengono utilizzati.,{stacks} ataques básicos adicionais que persistem entre turnos se não forem utilizados.,未使用時に​ターンを​またいで​保存される{stacks}回の​追加通常攻撃にゃ。[b][/b]
KEYWORD_QUIVERED_DESC_STACKLESS,An extra basic attack that is saved across turns if unused.,,"Hay un ataque básico extra que, de no usarse, se guarda para otro turno.","Une attaque de base bonus, conservée d'un tour à l'autre si elle n'est pas utilisée.","Ein zusätzlicher Angriff, der über Züge hinweg erhalten bleibt, wenn er nicht genutzt wird.",Un attacco base aggiuntivo che viene conservato tra i turni se non viene utilizzato.,Um ataque básico adicional que persiste entre turnos se não for utilizado.,未使用時に​ターンを​またいで​保存される​追加通常攻撃にゃ。[b][/b]
KEYWORD_RANGEUP_NAME,Range Up,,Alcance aumentado,Portée (+),Reichweite hoch,Raggio d'Azione +,Alcance Aumentado,射程上昇
KEYWORD_RANGEUP_DESC,Range increased by {stacks}.,,El alcance aumenta en {stacks}.,Portée +{stacks}.,Reichweite um {stacks} erhöht.,Il raggio d'azione aumenta di {stacks}.,O alcance é aumentado em {stacks}.,射程が{stacks}上昇にゃ。
KEYWORD_RANGEUP_DESC_STACKLESS,Increases the range of your basic attack and projectile abilities.,,Aumenta el alcance del ataque básico y las habilidades con proyectiles.,Augmente la portée de votre attaque de base et de vos capacités à projectiles.,Erhöht die Reichweite deines Grundangriffs und deiner Geschossfähigkeiten.,Aumenta il raggio d'azione del tuo attacco base e delle abilità con i proiettili.,Aumenta o alcance do seu ataque básico e de habilidades de projéteis.,通常攻撃と​弾道アビリティの​射程が​上昇するにゃ。[b][/b]
KEYWORD_RANDOMINJURY_NAME,Random Injury,,Lesión al azar,Blessure aléatoire,Zufällige Verletzung,Ferita Casuale,Ferimento Aleatório,ランダムケガ
KEYWORD_RANDOMINJURY_DESC,"Gain a random injury that lowers one of your stats by 1, permanently.",,Sufre una lesión al azar que reduce para siempre uno de los atributos en 1.,Vous subissez une blessure aléatoire qui diminue l'une de vos statistiques de 1&nbsp;de façon permanente.,"Erleide eine zufällige Verletzung, die eines deiner Attribute dauerhaft um 1 verringert.",Subisci una ferita casuale che riduce una delle tue statistiche di 1 in modo permanente.,Obtenha um ferimento aleatório que diminui permanentemente um de seus atributos em 1.,ステータスの​1つを​永続的に​1低下させる​ランダムな​ケガを​負うにゃ。[b][/b]
KEYWORD_HEALRANDOMINJURY_NAME,Cure Random Injury,,Cura para lesión al azar,Soin d'une blessure aléatoire,Zufällige Verletzung heilen,Cura Ferita Casuale,Curar Ferimento Aleatório,ランダムケガ治療
KEYWORD_HEALRANDOMINJURY_DESC,"Cure a random injury that was permanently lowering one of your stats, if you have any.",,"Cura una lesión al azar que reducía para siempre uno de los atributos, si la tenía.",Soigne aléatoirement une blessure qui diminuait de façon permanente l'une de vos statistiques.,"Heile eine zufällige Verletzung, die eines deiner Attribute dauerhaft um 1 verringert hat, falls du eine hast.",Cura una ferita casuale (se ne hai una) che stava riducendo permanentemente una delle tue statistiche.,"Cure um ferimento aleatório que estava diminuindo permanentemente um de seus atributos, se você possuir algum.",あれば、​ステータスを​永続的に​低下させていた​ランダムな​ケガを​1つ治療するにゃ。[b][/b]
KEYWORD_SPARKLE_NAME,Sparkle,,Destello,Étincelle,Funken,Scintilla,Fagulha,火花
KEYWORD_SPARKLE_DESC,A projectile that deals 1 magic damage to a random enemy.,,Lanza un proyectil que inflige 1 de daño mágico a un enemigo al azar.,Un projectile qui inflige 1&nbsp;dégât magique à un ennemi aléatoire.,"Ein Geschoss, das einem zufälligen Gegner 1&nbsp;magischen Schaden zufügt.",Un proiettile che infligge 1 di danno magico a un nemico casuale.,Um projétil que causa 1 de dano mágico a um inimigo aleatório.,ランダムな​敵に​1魔法ダメージを​与える​弾道にゃ。[b][/b]
KEYWORD_TEMPITEM_NAME,Temporary Item,,Objeto temporal,Objet temporaire,Temporärer Gegenstand,Oggetto Temporaneo,Item Temporário,一時アイテム
KEYWORD_TEMPITEM_DESC,Is lost at the end of the battle.,,Se pierde al final del combate.,Disparaît à la fin du combat.,Verschwindet am Ende des Kampfes.,Viene perso alla fine della battaglia.,É perdido no final da batalha.,バトル終了時に​失われるにゃ。
KEYWORD_TEMPRANGE_NAME,Range Up (Temporary),,Alcance aumentado (temporal),Portée (+) (temporaire),Reichweite hoch (Vorübergehend),Raggio d'Azione + (Temporaneo),Alcance Aumentado (Temporário),射程上昇(一時)
KEYWORD_TEMPRANGE_DESC,Range increased by {stacks} until the end of the turn.,,El alcance aumenta en {stacks} hasta el final del turno.,Portée +{stacks} jusqu'à la fin du tour.,Reichweite ist bis zum Ende des Zuges um {stacks} erhöht.,Il raggio d'azione aumenta di {stacks} fino alla fine del turno.,O alcance é aumentado em {stacks} até o final do turno.,ターン終了まで​射程が{stacks}上昇にゃ。[b][/b]
KEYWORD_TEMPRANGE_DESC_STACKLESS,Increases the range of your basic attack and projectile abilities until the end of the turn.,,Aumenta el alcance del ataque básico y las habilidades con proyectiles hasta el final del turno.,Augmente la portée de votre attaque de base et de vos capacités à projectiles jusqu'à la fin du tour.,Erhöht die Reichweite deines Grundangriffs und deiner Geschossfähigkeiten bis zum Ende des Zuges.,Aumenta il raggio d'azione del tuo attacco base e delle abilità con i proiettili fino alla fine del turno.,Aumenta o alcance do seu ataque básico e de habilidades de projéteis até o final do turno.,ターン終了まで​通常攻撃と​弾道アビリティの​射程が​上昇するにゃ。[b][/b]
KEYWORD_REDUCEMANACOST_NAME,Insight,,Perspicacia,Réflexion,Erkenntnis,Intuizione,Discernimento,洞察
KEYWORD_REDUCEMANACOST_DESC,Spells cost {stacks} less mana to cast.,,Los hechizos cuestan {stacks} menos de maná.,Les sorts coûtent -{stacks} mana.,Zauber kosten {stacks}&nbsp;Mana weniger.,Lanciare gli incantesimi costa {stacks} mana in meno.,Encantamentos custam {stacks} a menos de mana para serem lançados.,スペル詠唱コストが{stacks}マナ減少するにゃ。
KEYWORD_REDUCEMANACOST_DESC_STACKLESS,Spells cost less mana to cast.,,Los hechizos cuestan menos maná.,Les sorts coûtent moins de mana.,Zauber kosten weniger.,Lanciare gli incantesimi costa mana in meno.,Encantamentos custam menos mana para serem lançados.,スペル詠唱コストが​減少するにゃ。[b][/b]
KEYWORD_INSIGHT_NAME,Insight,,Perspicacia,Réflexion,Erkenntnis,Intuizione,Discernimento,洞察
KEYWORD_INSIGHT_DESC,"Spells cost {stacks} less mana to cast, excluding Brainstorm.",,"Los hechizos cuestan {stacks} menos de maná, salvo Lluvia de ideas.","Les sorts coûtent -{stacks} mana, Introspection mis à part.","Zauber kosten {stacks}&nbsp;Mana weniger, ausgenommen von Geistesblitz.",Lanciare gli incantesimi (escluso Tempesta Cerebrale) costa {stacks} mana in meno.,"Encantamentos custam {stacks} a menos de mana para serem lançados, com exceção de Troca de Ideias.",ブレインストーム以外の​スペル詠唱コストが{stacks}マナ減少するにゃ。[b][/b]
KEYWORD_INSIGHT_DESC_STACKLESS,"Spells cost less mana to cast, excluding Brainstorm. (cannot reduce cost to 0).",,"Los hechizos cuestan menos maná, salvo Lluvia de ideas (el coste no puede reducirse a 0).","Les sorts coûtent moins de mana, Introspection mis à part. (Ne peuvent pas être gratuits.)","Zauber kosten weniger, ausgenommen von Geistesblitz. (Kosten können nicht auf 0 reduziert werden).",Lanciare gli incantesimi (escluso Tempesta Cerebrale) costa {stacks} mana in meno (non si può ridurre il costo a 0).,"Encantamentos custam menos mana para serem lançados, com exceção de Troca de Ideias (impossível reduzir o custo para 0).",ブレインストーム以外の​スペル詠唱コストが​減少するにゃ。​(0には​できないにゃ)[b][/b]
KEYWORD_REFLECT_NAME,Reflect,,Devolución,Renvoi,Reflektieren,Riflessione,Reflexão,反射
KEYWORD_REFLECT_DESC,Reflects the next {stacks} projectiles you are hit with back at the attacker.,,Devuelve hacia el atacante los siguientes {stacks} proyectiles que golpeen a esta unidad.,Renvoie les {stacks} prochains projectiles qui vous ciblent.,"Reflektiert die nächsten {stacks}&nbsp;Geschosse, die dich treffen würden, zurück zum Angreifer.",Riflette i prossimi {stacks} proiettili che ti vengono sparati contro verso l'attaccante.,Reflete os próximos projéteis que acertarem você de volta para o agressor.,次に​受ける{stacks}発の​弾道を​攻撃者に​跳ね返すにゃ。[b][/b]
KEYWORD_REFLECT_DESC_STACKLESS,Reflect the next projectile you're hit with back at the attacker.,,Devuelve hacia el atacante el siguiente proyectil que golpee a esta unidad.,Renvoie le prochain projectile qui vous cible.,"Reflektiert das nächste Geschoss, das dich treffen würde, zurück zum Angreifer.",Riflette il prossimo proiettile che ti viene sparato contro verso l'attaccante.,Reflete o próximo projétil que acertar você de volta para o agressor.,次に​受ける​弾道を​攻撃者に​跳ね返すにゃ。[b][/b]
KEYWORD_AUTOREVIVE_NAME,Auto Revive,,Resucitación automática,Réanimation automatique,Automatisches Wiederbeleben,Rianimazione Automatica,Ressurreição Automática,自動蘇生
KEYWORD_AUTOREVIVE_DESC,Revives at the end of the next round.,,Resucita al final de la siguiente ronda.,Réanime à la fin de la prochaine manche.,Wird am Ende der nächsten Runde wiederbelebt.,Si rianima alla fine del round successivo.,Revive no final da próxima rodada.,次の​ラウンド終了時に​蘇生するにゃ。[b][/b]
KEYWORD_AUTOREVIVE_DESC_SINGULAR,Revives at the end of the round.,,Resucita al final de la ronda.,Réanime en fin de manche.,Wird am Ende der Runde wiederbelebt.,Si rianima alla fine del round.,Revive no final da rodada.,ラウンド終了時に​蘇生するにゃ。[b][/b]
KEYWORD_ENERGIZED_NAME,Energized,,Acción energizante,Énergique,Energetisch,Energizzazione,Energização,活性化
KEYWORD_ENERGIZED_DESC,Takes an extra turn. Cannot be Energized again until after that turn ends.,,Juega un turno extra. No puede volver a energizarse hasta que termine ese turno.,Vous jouez un tour bonus. Impossible d'être énergique à nouveau avant la fin de ce tour.,"Hat einen zusätzlichen Zug. Kann diesen Bonus nicht erneut erhalten, bis dieser Zug vorbei ist.",Effettua un turno aggiuntivo. Non può ricevere nuovamente Energizzazione fino a quando non termina quel turno.,Obtém um turno adicional. Impossível energizar novamente antes do fim do turno adicional.,追加ターンを​得るにゃ。​その​ターンが​終わるまで​再度活性化できないにゃ。[b][/b]
KEYWORD_ROT_NAME,Rot,,Putrefacción,Décomposition,Fäulnis,Putrefazione,Apodrecimento,腐敗
KEYWORD_ROT_DESC,Hatches a Fly at the end of its turn. Damage from worms and bugs always crits against this.,,Genera una mosca al final del turno. Las lombrices y los bichos siempre le infligen daño crítico a esta unidad.,Invoque une mouche à la fin de son tour. Les dégâts qui lui sont infligés par les vers et les insectes sont toujours critiques.,Am Ende des Zuges schlüpft eine Fliege aus dieser Einheit. Schaden von Würmern und Insekten ist gegen diese Einheit immer kritisch.,Fa schiudere una Mosca alla fine del suo turno. Il danno da vermi e insetti è sempre critico contro questo bersaglio.,Gera uma mosca no final de seu turno. O dano de vermes e insetos são sempre críticos contra isto.,ターン終了時に​ハエが​孵化するにゃ。​ワームと​虫からの​ダメージは​常に​クリティカルに​なるにゃ。[b][/b]
KEYWORD_SAFEDOOMED_NAME,Doomed,,Condenación,Damnation,Todesurteil,Condanna,Perdição,死の​宣告
KEYWORD_SAFEDOOMED_DESC,"Ticks down at the end of your turn. When it hits 0, Die (without being injured).",,"Se inicia una cuenta atrás al final del turno. Al llegar a 0, muere (sin sufrir lesiones).","Diminue à la fin de votre tour. À 0, meure (sans être blessé).","Zählt am Ende deines Zuges herunter. Stirb, wenn der Timer 0 erreicht (ohne eine Verletzung zu erleiden).","Il valore si riduce alla fine del tuo turno. Quando raggiunge lo 0, muori (senza subire ferite).","Diminui no final de seu turno. Ao chegar a 0, morra (sem sofrer ferimentos).",ターン終了時に​カウントダウン。​0に​なると​死ぬにゃ(ケガは​負わないにゃ)。[b][/b]
KEYWORD_SCRAMBLED_NAME,Scrambled,,Revoltijo,Désordre,Durchgemischt,Scompiglio,Embaralhamento,スクランブル
KEYWORD_SCRAMBLED_DESC,"Abilities are scrambled, temporarily.",,Las habilidades se mezclan temporalmente unas con otras.,Les compétences sont temporairement altérées.,Fähigkeiten sind vorübergehend durchgemischt.,Le abilità sono temporaneamente scombussolate.,Habilidades são temporariamente embaralhadas.,アビリティが​一時的に​シャッフルされるにゃ。[b][/b]
KEYWORD_SERRATED_NAME,Serrated Claws,,Garras serradas,Griffes acérées,Gezackte Klauen,Artigli Seghettati,Garras Serradas,鋸歯状の​爪
KEYWORD_SERRATED_DESC,Basic attack inflicts +{stacks} Bleed.,,El ataque básico inflige +{stacks} de hemorragia.,Votre attaque de base inflige Saignement +{stacks}.,Grundangriffe verursachen +{stacks}&nbsp;Blutung.,L'attacco base infligge +{stacks} Sanguinamento.,Ataques básicos aplicam +{stacks} de sangramento.,通常攻撃が​+{stacks}出血を​付与するにゃ。[b][/b]
KEYWORD_SERRATED_DESC_STACKLESS,Basic attack inflicts Bleed.,,El ataque básico inflige hemorragia.,Votre attaque de base inflige Saignement.,Grundangriffe verursachen Blutung.,L'attacco base infligge Sanguinamento.,O ataque básico aplica sangramento.,通常攻撃が​出血を​付与するにゃ。[b][/b]
KEYWORD_SHIELD_NAME,Shield,,Escudo,Défense,Schild,Scudo,Escudo,シールド
KEYWORD_SHIELD_DESC_STACKLESS,Blocks incoming damage.,,Bloquea el daño sufrido.,Bloque les dégâts que vous subissez.,Blockiert eingehenden Schaden.,Blocca il danno in arrivo.,Bloqueia o dano iminente.,受ける​ダメージを​ブロックするにゃ。[b][/b]
KEYWORD_SHORTCIRCUIT_NAME,Short Circuit,,Cortocircuito,Court-circuit,Kurzschluss,Cortocircuito,Curto-Circuito,ショートサーキット
KEYWORD_SHORTCIRCUIT_DESC,All actions are disabled. Cast Break Circuit to break.,,Todas las acciones están deshabilitadas. Se arregla con Reconexión.,Toutes les actions sont désactivées. Lancer Brise-circuit annule cet effet.,"Alle Aktionen sind deaktiviert. Wirke Sicherung, um sie zu aktivieren.",Tutte le azioni sono disabilitate. Lancia Spezza-Circuito per liberarti.,Todas as ações são desabilitadas. Lance Quebrar Circuito para quebrar.,全ての​行動が​無効にゃ。​ブレイクサーキットを​詠唱して​解除するにゃ。[b][/b]
KEYWORD_SLEEP_NAME,Sleep,,Sueño,Sommeil,Schlaf,Sonno,Sono,睡眠
KEYWORD_SLEEP_DESC,Skip the next {stacks} turns. Being attacked has a chance to wake you up.,,"Esta unidad se salta los siguientes {stacks} turnos. Si la atacan, puede despertarse.",Saute les {stacks} prochains tours. Être attaqué peut vous réveiller.,"Überspringe die nächsten {stacks}&nbsp;Züge. Wenn du angegriffen wirst, wachst du mit gewisser Wahrscheinlichkeit auf.",Salti i prossimi {stacks} turni. Se ti attaccano hai una probabilità di svegliarti.,Pule os próximos {stacks} turnos. Há uma chance de acordar ao sofrer ataques.,次の{stacks}ターンスキップするにゃ。​攻撃されると​目覚める​可能性が​あるにゃ。[b][/b]
KEYWORD_SLEEP_DESC_STACKLESS,Skip the next turn. Being attacked has a chance to wake you up.,,"Esta unidad se salta el siguiente turno. Si la atacan, puede despertarse.",Saute le prochain tour. Être attaqué peut vous réveiller.,"Überspringe den nächsten Zug. Wenn du angegriffen wirst, wachst du mit gewisser Wahrscheinlichkeit auf.",Salti il prossimo turno. Se ti attaccano hai una probabilità di svegliarti.,Pule o próximo turno. Há uma chance de acordar ao sofrer ataques.,次の​ターンを​スキップするにゃ。​攻撃されると​目覚める​可能性が​あるにゃ。[b][/b]
KEYWORD_SLEEPPAR_NAME,Sleep (Paralysis),,Sueño (parálisis),Sommeil (paralysie),Schlaf (Paralyse),Sonno (Paralisi),Sono (Paralisia),睡眠(金縛り)
KEYWORD_SLEEPPAR_DESC,You are asleep until your sleep paralysis demon is killed.,,Esta unidad sigue dormida hasta que el demonio de parálisis del sueño muere.,Vous dormez tant que votre démon de paralysie du sommeil est en vie.,"Du schläfst, bis dein Schlafparalysedämon getötet wurde.",Dormi finché il tuo demone della paralisi del sonno non viene ucciso.,Você adormece até que o demônio da paralisia do sono seja morto.,金縛りの​悪魔が​倒されるまで​眠りから​覚めないにゃ。[b][/b]
KEYWORD_SLOW_NAME,Slow,,Ralentización,Lenteur,Verlangsamung,Rallentamento,Lentidão,鈍足
KEYWORD_SLOW_DESC,Movement range is reduced to 2 for the next {stacks} turns. Takes its turn later.,,El alcance del movimiento se reduce en 2 durante los siguientes {stacks} turnos. Juega el turno más tarde.,Sa portée de déplacement est réduite à 2&nbsp;pour les {stacks} prochains tours. Joue son tour plus tard.,Bewegungsreichweite ist für die nächsten {stacks}&nbsp;Züge um 2 verringert. Die Einheit ist später am Zug.,Il raggio di movimento è ridotto a 2 per i prossimi {stacks} turni. Effettua dopo il suo turno.,O alcance do movimento é reduzido para 2 pelos próximos {stacks} turnos. Usa seu turno mais tarde.,次の{stacks}ターン移動範囲が​2に​減少するにゃ。​ターン順も​遅くなるにゃ。[b][/b]
KEYWORD_SLOW_DESC_STACKLESS,Movement range is reduced to 2. Takes its turn later.,,El alcance del movimiento se reduce en 2. Juega el turno más tarde.,Sa portée de déplacement est réduite à 2. Joue son tour plus tard.,Bewegungsreichweite ist um 2 verringert. Die Einheit ist später am Zug.,Il raggio di movimento è ridotto a 2. Effettua dopo il suo turno.,O alcance do movimento é reduzido para 2. Usa seu turno mais tarde.,移動範囲が​2に​減少するにゃ。​ターン順も​遅くなるにゃ。[b][/b]
KEYWORD_SOULLINK_NAME,Soul Link,,Vínculo de alma,Lien spirituel,Seelenverbindung,Collegamento Spirituale,Conexão de Alma,魂の​リンク
KEYWORD_SOULLINK_DESC,"Whenever a soul linked character loses health, all soul linked characters lose that health as well.",,"Cuando un personaje vinculado pierde salud, todos los personajes vinculados también pierden la misma cantidad de salud.","Chaque fois qu'une unité liée spirituellement perd des PV, toutes les unités liées spirituellement perdent cette même quantité de PV.","Immer, wenn ein Charakter mit Seelenverbindung LP verliert, verlieren alle anderen verbundenen Charaktere ebenfalls so viel LP.","Ogni volta che qualcuno con un collegamento spirituale perde salute, tutti quelli che hanno il collegamento spirituale perdono la stessa quantità di salute.","Sempre que um personagem com a alma conectada perde saúde, todos os personagens com a alma conectada perdem uma quantidade equivalente de saúde.",魂が​リンクした​キャラが​体力を​失うと、​全ての​魂リンクキャラが​その​体力を​失うにゃ。[b][/b]
KEYWORD_SPDUP_NAME,Speed Up,,Velocidad aumentada,Vitesse (+),Geschwindigkeit hoch,Velocità +,Velocidade Aumentada,素早さ上昇
KEYWORD_SPDUP_DESC,Speed increased by {stacks}.Speed affects movement range and turn order.,,La velocidad aumenta en {stacks}.La velocidad afecta al alcance del movimiento y al orden de los turnos.,Vitesse +{stacks}.La vitesse affecte la portée de déplacement et l'ordre du tour.,Geschwindigkeit um {stacks} erhöht.Geschwindigkeit wirkt sich auf die Zugreihenfolge und Bewegungsreichweite aus.,La velocità aumenta di {stacks}.La velocità influenza il raggio di movimento e l'ordine dei turni.,A velocidade é aumentada em {stacks}.A velocidade afeta o alcance do movimento e a ordem dos turnos.,素早さが{stacks}上昇にゃ。​素早さは​移動範囲と​ターン順に​影響するにゃ。[b][/b]
KEYWORD_SPDDOWN_NAME,Speed Down,,Velocidad reducida,Vitesse (-),Geschwindigkeit runter,Velocità -,Velocidade Diminuída,素早さ低下
KEYWORD_SPWDDOWN_DESC,Speed decreased by {absstacks}.Speed affects movement range and turn order.,,La velocidad se reduce en {absstacks}.La velocidad afecta al alcance del movimiento y al orden de los turnos.,Vitesse -{absstacks}.La vitesse affecte la portée de déplacement et l'ordre du tour.,Geschwindigkeit um {absstacks} verringert.Geschwindigkeit wirkt sich auf die Zugreihenfolge und Bewegungsreichweite aus.,La velocità diminuisce di {absstacks}.La velocità influenza il raggio di movimento e l'ordine dei turni.,A velocidade é diminuída em {absstacks}.A velocidade afeta o alcance do movimento e a ordem dos turnos.,素早さが{absstacks}低下にゃ。​素早さは​移動範囲と​ターン順に​影響するにゃ。[b][/b]
KEYWORD_MAGICDMGUP_NAME,Magic Damage Up,,Daño mágico aumentado,Dégâts magiques (+),Magischer Schaden hoch,Danno Magico +,Dano Mágico Aumentado,魔法ダメージ上昇
KEYWORD_MAGICDMGUP_DESC,Magic damage you inflict does {stacks} extra damage.,,El daño mágico inflige {stacks} de daño extra.,Dégâts magiques que vous infligez +{stacks}.,"Magischer Schaden, den du verursachst, verursacht {stacks}&nbsp;zusätzlichen Schaden.",Il danno magico che infliggi produce {stacks} danno aggiuntivo.,O seu dano mágico causa {stacks} de dano adicional.,与える​魔法ダメージが{stacks}増加するにゃ。[b][/b]
KEYWORD_MAGICDMGUP_DESC_STACKLESS,Increases any magical damage you deal.,,Aumenta el daño mágico infligido.,Augmente les dégâts magiques que vous infligez.,"Erhöht magischen Schaden, den du verursachst.",Incrementa qualsiasi danno magico che infliggi.,Aumenta qualquer dano mágico que você causa.,与える​魔法ダメージが​増加するにゃ。[b][/b]
KEYWORD_SPIDERINFESTED_NAME,Infested,,Infestación,Infestation,Infiziert,Infestato,Infestação,寄生
KEYWORD_SPIDERINFESTED_DESC,"The spiders infesting this pop out when it dies, destroying its corpse.",,Las arañas que han infestado a esta unidad surgen para destrozar el cadáver en cuanto muere.,"Les araignées qui l'infestent en jaillissent quand il meurt, détruisant son cadavre.","Die Spinnen, die diese Einheit infiziert haben, platzen hervor, wenn sie stirbt und zerstören ihre Leiche.","I ragni che infestano quest'unità vengono fuori quando muore, distruggendone il cadavere.","As aranhas que estão infestando isto explodem após sua morte, destruindo seu corpo.",寄生してる​蜘蛛が​死亡時に​飛び出し、​死体を​破壊するにゃ。[b][/b]
KEYWORD_STATBOUNTY_NAME,Stat Bounty,,Recompensa de atributos,Prime à stats,Kopfgeld (Attribute),Taglia (Statistiche),Recompensa de Atributo,ステータス報酬
KEYWORD_STATBOUNTY_DESC,Whoever kills this gets All Stats Up {stacks}.,,Quien mata a esta unidad recibe {stacks} de aumento total.,L'unité qui l'élimine bénéficie de Hausse de stats +{stacks}.,"Wer diese Einheit tötet, erhält einen Bonus von {stacks} auf alle Attribute.",Chiunque uccida quest'unità ottiene Aumento delle Statistiche {stacks}.,Quem quer que mate isto obtém todos os atributos aumentados {stacks}.,これを​倒した​者が​全ステータス上昇{stacks}を​得るにゃ。[b][/b]
KEYWORD_STATBOUNTY_DESC_STACKLESS,Whoever kills this gets All Stats Up.,,Quien mata a esta unidad recibe aumento total.,L'unité qui l'élimine bénéficie de Hausse de stats.,"Wer diese Einheit tötet, erhält einen Bonus auf alle Attribute.",Chiunque uccida quest'unità ottiene Aumento delle Statistiche.,Quem quer que mate isto obtém todos os atributos aumentados.,これを​倒した​者が​全ステータス上昇を​得るにゃ。[b][/b]
KEYWORD_STEALTH_NAME,Stealth,,Sigilo,Furtivité,Schleichen,Furtività,Furtividade,ステルス
KEYWORD_STEALTH_DESC,50% Dodge Chance. Lose Stealth when you get hit.,,50 % de probabilidad de esquiva. Pierde sigilo al recibir un golpe.,Chances d'esquive +50&nbsp;%. Vous perdez Furtivité quand vous êtes touché.,"50&nbsp;% Ausweichchance. Dieser Status geht verloren, wenn du getroffen wirst.","50% di probabilità di schivata. Quando ti colpiscono, perdi Furtività.",50% de chance de esquiva. Perca furtividade ao sofrer golpes.,50%回避率にゃ。​攻撃を​受けると​ステルスが​解除されるにゃ。[b][/b]
KEYWORD_STEALTHUNTIL_NAME,Stealth,,Sigilo,Furtivité,Schleichen,Furtività,Furtividade,ステルス
KEYWORD_STEALTHUNTIL_DESC,50% Dodge Chance. Lose Stealth when you get hit or use your basic attack.,,50 % de probabilidad de esquiva. Pierde sigilo al recibir un golpe o al lanzar un ataque básico.,Chances d'esquive +50&nbsp;%. Vous perdez Furtivité quand vous êtes touché ou utilisez votre attaque de base.,"50&nbsp;% Ausweichchance. Dieser Status geht verloren, wenn du getroffen wirst oder deinen Grundangriff verwendest.","50% di probabilità di schivata. Quando ti colpiscono o usi il tuo attacco base, perdi Furtività.",50% de chance de esquiva. Perca furtividade ao sofrer golpes ou utilizar seu ataque básico.,50%回避率にゃ。​攻撃を​受けるか​通常攻撃すると​ステルスが​解除されるにゃ。[b][/b]
KEYWORD_STRUP_NAME,Strength Up,,Fuerza aumentada,Force (+),Stärke hoch,Forza +,Força Aumentada,筋力上昇
KEYWORD_STRUP_DESC,Strength increased by {stacks}.Strength affects melee attack and melee ability damage.,,La fuerza aumenta en {stacks}.La fuerza afecta al daño de los ataques y las habilidades cuerpo a cuerpo.,Force +{stacks}.La force affecte les dégâts des attaques et compétences au corps-à-corps.,Stärke um {stacks} erhöht.Stärke wirkt sich auf den Schaden von Nahkampfangriffen und -fähigkeiten aus.,La forza aumenta di {stacks}.La forza influenza l'attacco corpo a corpo e il danno delle abilità corpo a corpo.,A força é aumentada em {stacks}.A força afeta o dano de ataques e habilidades corpo-a-corpo.,筋力が{stacks}上昇にゃ。​筋力は​近接攻撃と​近接アビリティの​ダメージに​影響するにゃ。[b][/b]
KEYWORD_STRDOWN_NAME,Strength Down,,Fuerza reducida,Force (-),Stärke runter,Forza -,Força Diminuída,筋力低下
KEYWORD_STRDOWN_DESC,Strength decreased by {absstacks}.Strength affects melee attack and melee ability damage.,,La fuerza se reduce en {absstacks}.La fuerza afecta al daño de los ataques y las habilidades cuerpo a cuerpo.,Force -{absstacks}.La force affecte les dégâts des attaques et compétences au corps-à-corps.,Stärke um {absstacks} verringert.Stärke wirkt sich auf den Schaden von Nahkampfangriffen und -fähigkeiten aus.,La forza diminuisce di {absstacks}.La forza influenza l'attacco corpo a corpo e il danno delle abilità corpo a corpo.,A força é diminuída em {absstacks}.A força afeta o dano de ataques e habilidades corpo-a-corpo.,筋力が{absstacks}低下にゃ。​筋力は​近接攻撃と​近接アビリティの​ダメージに​影響するにゃ。[b][/b]
KEYWORD_STUN_NAME,Stun,,Aturdimiento,Étourdissement,Betäubung,Stordimento,Atordoamento,スタン
KEYWORD_STUN_DESC,Skip the next {stacks} turns.,,Se salta los siguientes {stacks} turnos.,Saute les {stacks} prochains tours.,Überspringe die nächsten {stacks}&nbsp;Züge.,Salti i prossimi {stacks} turni.,Pule os próximos {stacks} turnos.,次の{stacks}ターンを​スキップするにゃ。[b][/b]
KEYWORD_STUN_DESC_STACKLESS,Skip the next turn.,,Se salta el siguiente turno.,Saute le prochain tour.,Überspringe den nächsten Zug.,Salti il turno successivo.,Pule o próximo turno.,次の​ターンを​スキップするにゃ。[b][/b]
KEYWORD_TARRED_NAME,Tarred,,Brea,Goudron,Geteert,Catramatura,Piche,タール
KEYWORD_TARRED_DESC,Speed decreased by {stacks}. Flammable.Speed affects movement range and turn order.,,La velocidad se reduce en {stacks}. Inflamable.La velocidad afecta al alcance del movimiento y al orden de los turnos.,Vitesse -{stacks}. Inflammable.La vitesse affecte la portée de déplacement et l'ordre du tour.,Geschwindigkeit um {stacks} verringert. Leicht brennbar.Geschwindigkeit wirkt sich auf die Zugreihenfolge und Bewegungsreichweite aus.,La velocità diminuisce di {stacks}. Infiammabile.La velocità influenza il raggio di movimento e l'ordine dei turni.,A velocidade é diminuída em {stacks}. Inflamável.A velocidade afeta o alcance do movimento e a ordem dos turnos.,素早さが{stacks}低下にゃ。​可燃性にゃ。​素早さは​移動範囲と​ターン順に​影響するにゃ。[b][/b]
KEYWORD_TARRED_DESC_STACKLESS,Decreases speed. Flammable.,,Reduce la velocidad. Inflamable.,Diminue la vitesse. Inflammable.,Verringert Geschwindigkeit. Leicht brennbar.,Riduce la velocità. Infiammabile.,Diminui a velocidade. Inflamável.,素早さが​低下するにゃ。​可燃性にゃ。[b][/b]
KEYWORD_TECH_NAME,Tech,,Tecnología,Techno,Technologie,Tecnologia,Tecnologia,テック
KEYWORD_TECH_DESC,Increases the quality of the next item you craft or the next familiar you spawn.Up to 3 Tech can be used at a time.,,Aumenta la calidad del siguiente objeto creado o el siguiente familiar generado.Se pueden usar hasta 3 de tecnología al mismo tiempo.,Augmente la qualité du prochain objet que vous fabriquez ou du prochain familier que vous invoquez.Jusqu'à 3&nbsp;technos peuvent être utilisées à la fois.,"Erhöht die Qualität des nächsten Gegenstandes, den du herstellst oder den nächsten Begleiter, den du baust.Du kannst bis zu 3&nbsp;Technologie auf einmal verwenden.",Migliora la qualità del prossimo oggetto che crei o del prossimo famiglio che generi.È possibile utilizzare fino a 3 Tecnologie alla volta.,Aumenta a qualidade do próximo item que você fabricar ou do próximo familiar que você gerar.A tecnologia só pode ser utilizada até um máximo de 3 por vez.,次に​クラフトする​アイテムまたは​召喚する​使い魔の​品質が​上昇するにゃ。​一度に​最大3テックまで​使用できるにゃ。[b][/b]
KEYWORD_TEMPBACKSTAB_NAME,Backstab Bonus,,Bonificación de daño por la espalda,Bonus d'attaque sournoise,Bonus für Angriffe von hinten,Bonus Colpo alle Spalle,Bônus de Punhalada,バック​スタブボーナス
KEYWORD_TEMPBACKSTAB_DESC,+{stacks}% Backstab Damage this turn. (Plus the default 25% backstab bonus.),,Inflige un +{stacks} % de daño por la espalda este turno (más el 25 % por defecto de la bonificación de daño por la espalda).,Dégâts d'attaque sournoise +{stacks}&nbsp;% ce tour. (En plus du bonus d'attaque sournoise par défaut de 25&nbsp;%.),+{stacks}&nbsp;% erhöhten Schaden für Angriffe von hinten in diesem Zug. (Zusätzlich zu den regulären 25&nbsp;%.),+{stacks}% al danno da colpo alle spalle in questo turno (più il consueto 25% di bonus per il colpo alle spalle).,+{stacks}% de dano de punhalada neste turno. (Além do bônus de punhalada padrão de 25%.),この​ターン、​バック​スタブダメージが​+{stacks}%にゃ。​(デフォルトの​25%ボーナスに​加えて)[b][/b]
KEYWORD_TEMPBACKSTAB_DESC_STACKLESS,Increases the damage your Backstabs deal.,,Aumenta el daño de los ataques por la espalda.,Augmente vos dégâts d'attaque sournoise.,"Erhöht den Schaden, den deine Angriffe von hinten verursachen.",Aumenta il danno inflitto dai tuoi colpi alle ppalle.,Aumenta o dano causado pelas suas punhaladas.,バック​スタブダメージが​上昇するにゃ。[b][/b]
KEYWORD_TEMPCOUNTER_NAME,Counter Attack,,Contrataque,Contre-attaque,Konter,Contrattacco,Contra-Ataque,反撃
KEYWORD_TEMPCOUNTER_DESC,Attack things that damage you automatically.,,Ataca automáticamente a los entes que le inflijan daño.,Attaque automatiquement les choses qui vous infligent des dégâts.,"Greife die nächste Einheit, die dir Schaden zufügt, automatisch an.",Attacchi automaticamente le cose che ti danneggiano.,Ataque automaticamente coisas que causem dano a você.,ダメージを​与えてきた​対象に​自動で​攻撃するにゃ。[b][/b]
KEYWORD_TEMPINIT_NAME,Initiative Up,,Iniciativa aumentada,Initiative (+),Initiative hoch,Iniziativa +,Iniciativa Aumentada,先攻上昇
KEYWORD_TEMPINIT_DESC,You take your turn earlier in the round.,,Esta unidad juega el turno antes de que le toque durante la ronda.,Vous jouez votre tour plus tôt cette manche-ci.,Du bist früher in der Runde am Zug.,Effettui il tuo turno prima del previsto nel round.,Você utiliza seu turno mais cedo na próxima rodada.,ラウンド内で​より​早く​ターンが​来るにゃ。[b][/b]
KEYWORD_TEMPINITDOWN_NAME,Initiative Down,,Iniciativa reducida,Initiative (-),Initiative runter,Iniziativa -,Iniciativa Diminuída,先攻低下
KEYWORD_TEMPINITDOWN_DESC,You take your turn later in the round.,,Esta unidad juega el turno después de que le toque durante la ronda.,Vous jouez votre tour plus tard cette manche-ci.,Du bist später in der Runde am Zug.,Effettui il tuo turno più tardi del previsto nel round.,Você utiliza seu turno mais tarde na próxima rodada.,ラウンド内で​より​遅く​ターンが​来るにゃ。[b][/b]
KEYWORD_TEMPIMMUNE_NAME,Injury Immunity,,Inmunidad a las lesiones,Immunité aux blessures,Verletzungsimmun,Immunità alle Ferite,Imunidade Contra Ferimentos,ケガ免疫
KEYWORD_TEMPIMMUNE_DESC,Cannot receive Injuries for any reason. Lasts {stacks} turns.,,"Por lo que sea, no sufre ninguna lesión. Dura {stacks} turnos.",Ne peut pas subir de blessures. Dure {stacks} tours.,Kann keine Verletzungen erleiden. Dauert {stacks}&nbsp;Züge an.,Non puoi subire ferite per nessun motivo. Dura {stacks} turni.,Não pode sofrer ferimentos por qualquer razão. Dura {stacks} turnos.,いかなる​理由でも​ケガを​負わないにゃ。{stacks}ターン持続にゃ。[b][/b]
KEYWORD_TEMPIMMUNE_DESC_SINGULAR,Cannot receive Injuries for any reason. Lasts 1 turn.,,"Por lo que sea, no sufre ninguna lesión. Dura 1 turno.",Ne peut pas subir de blessures. Dure 1&nbsp;tour.,Kann keine Verletzungen erleiden. Dauert 1&nbsp;Zug an.,Non puoi subire ferite per nessun motivo. Dura 1 turno.,Não pode sofrer ferimentos por qualquer razão. Dura 1 turno.,いかなる​理由でも​ケガを​負わないにゃ。​1ターン持続にゃ。[b][/b]
KEYWORD_TEMPMANAREDUCTION_NAME,Insight,,Perspicacia,Réflexion,Erkenntnis,Intuizione,Discernimento,洞察
KEYWORD_TEMPMANAREDUCTION_DESC,Spells cost {stacks} less mana to cast until the end of the turn.,,Los hechizos cuestan {stacks} menos de maná hasta el final del turno.,Vos sorts coûtent -{stacks} mana jusqu'à la fin du tour.,Zauber kosten bis zum Ende des Zuges {stacks}&nbsp;Mana weniger.,Lanciare gli incantesimi costa {stacks} mana in meno fino alla fine del turno.,Encantamentos custam {stacks} a menos de mana para serem lançados até o final do turno.,ターン終了まで​スペル詠唱コストが{stacks}マナ減少するにゃ。[b][/b]
KEYWORD_TEMPMANAREDUCTION_DESC_STACKLESS,Spells cost less mana to cast until the end of the turn.,,Los hechizos cuestan menos maná hasta el final del turno.,Vos sorts coûtent moins de mana jusqu'à la fin du tour.,Zauber kosten bis zum Ende des Zuges weniger Mana.,Lanciare gli incantesimi costa meno mana fino alla fine del turno.,Encantamentos custam menos mana para serem lançados até o final do turno.,ターン終了まで​スペル詠唱コストが​減少するにゃ。[b][/b]
KEYWORD_PRECOUNTER_NAME,Preemptive Counter,,Contrataque preventivo,Riposte préventive,Präventiver Konter,Contrattacco Preventivo,Contra-Ataque Preventivo,先制反撃
KEYWORD_PRECOUNTER_DESC,"Attack things that target you before they attack you, automatically.",,Esta unidad ataca automáticamente a los entes que la apunten antes de que la ataquen.,Attaque automatiquement les choses qui vous ciblent avant qu'elles ne vous attaquent.,"Greift automatisch Gegner an, die dich anvisieren, bevor sie angreifen.",Attacchi automaticamente le unità che ti prendono di mira prima che ti attacchino.,Ataque automaticamente coisas que pretenderem atacar você antes que esses ataques sejam realizados.,狙ってきた​対象を​相手の​攻撃前に​自動で​攻撃するにゃ。[b][/b]
KEYWORD_THORNS_NAME,Thorns,,Espinas,Épines,Dornen,Spine,Espinhos,棘
KEYWORD_THORNS_DESC,Deals {stacks} damage to units that contact you.,,Inflige {stacks} de daño a las unidades que entran en contacto con esta.,Inflige {stacks} dégâts aux unités qui vous touchent.,"Verursacht {stacks}&nbsp;Schaden bei Einheiten, die dich berühren.",Infligge {stacks} di danno alle unità che ti toccano.,Causa {stacks} de dano a unidades que entrarem em contato com você.,接触した​ユニットに{stacks}ダメージを​与えるにゃ。[b][/b]
KEYWORD_THORNS_DESC_STACKLESS,Deals damage to units that contact you.,,Inflige daño a las unidades que entran en contacto con esta.,Inflige des dégâts aux unités qui vous touchent.,"Verursacht Schaden bei Einheiten, die dich berühren.",Infligge danno alle unità che ti toccano.,Causa dano a unidades que entrarem em contato com você.,接触した​ユニットに​ダメージを​与えるにゃ。[b][/b]
KEYWORD_SENTRY_NAME,Sentry Mode,,Modo centinela,Mode sentinelle,Wächtermodus,Modalità Sentinella,Modo Sentinela,セントリーモード
KEYWORD_SENTRY_DESC,"The next time an enemy ends its movement in your basic attack range, attack it.",,"La próxima vez que un enemigo termine el movimiento al alcance del ataque básico de esta unidad, lo atacará.","La prochaine fois qu'un ennemi termine son déplacement dans la portée de votre attaque de base, vous l'attaquez.","Greife den nächsten Gegner an, der in der Reichweite deines Grundangriffs stehenbleibt.","La prossima volta che un nemico termina il suo movimento nel tuo raggio di attacco base, lo attacchi.","Na próxima vez em que um inimigo terminar seu movimento dentro do alcance do seu ataque básico, ataque-o.",次に​敵が​通常攻撃範囲内で​移動終了した​時、​攻撃するにゃ。[b][/b]
KEYWORD_SENTRYPLUS_NAME,Sentry Mode+,,Modo centinela+,Mode sentinelle+,Wächtermodus+,Modalità Sentinella+,Modo Sentinela+,セントリーモード+
KEYWORD_SENTRYPLUS_DESC,"When an enemy ends its movement in your basic attack range, attack it. Lasts {stacks} turns.",,"Cuando un enemigo termina el movimiento al alcance del ataque básico de esta unidad, lo ataca. Dura {stacks} turnos.","Dès qu'un ennemi termine son déplacement dans la portée de votre attaque de base, vous l'attaquez. Dure {stacks} tours.","Greife Gegner an, die in der Reichweite deines Grundangriffs stehenbleiben. Hält {stacks}&nbsp;Züge an.","Quando un nemico termina il suo movimento nel tuo raggio di attacco base, lo attacchi. Dura {stacks} turni.","Sempre que um inimigo terminar seu movimento dentro do alcance do seu ataque básico, ataque-o. Dura {stacks} turnos.",敵が​通常攻撃範囲内で​移動終了した​時、​攻撃するにゃ。{stacks}ターン持続にゃ。[b][/b]
KEYWORD_SENTRYPLUS_DESC_STACKLESS,"When an enemy ends its movement in your basic attack range, attack it.",,"Cuando un enemigo termina el movimiento al alcance del ataque básico de esta unidad, lo ataca.","La prochaine fois qu'un ennemi termine son déplacement dans la portée de votre attaque de base, vous l'attaquez.","Greife Gegner an, die in der Reichweite deines Grundangriffs stehenbleiben.","Quando un nemico termina il suo movimento nel tuo raggio di attacco base, lo attacchi.","Sempre que um inimigo terminar seu movimento dentro do alcance do seu ataque básico, ataque-o.",敵が​通常攻撃範囲内で​移動終了した​時、​攻撃するにゃ。[b][/b]
KEYWORD_TRANSFORM_NAME,Transformation,,Transformación,Transformation,Verwandlung,Trasformazione,Transformação,変身
KEYWORD_TRANSFORM_DESC,Transforms when the timer hits 0.,,Se transforma cuando se agota el tiempo.,Se transforme quand le minuteur atteint 0.,"Verwandelt sich, wenn der Timer 0 erreicht.",Si trasforma quando il timer arriva a 0.,Transforma-se quando o cronômetro chega a 0.,タイマーが​0に​なると​変身するにゃ。[b][/b]
KEYWORD_WEAKNESS_NAME,Weakness,,Debilidad,Vulnérabilité,Schwäche,Debolezza,Fraqueza,弱体化
KEYWORD_WEAKNESS_DESC,"-2 [img:dex], -2 [img:str], -2 [img:spd]. Lasts {stacks} turns.",,"-2 [img:dex], -2 [img:str], -2 [img:spd]. Dura {stacks} turnos.","[img:dex] -2, [img:str] -2, [img:spd] -2. Dure {stacks} tours.","-2&nbsp;[img:dex], -2&nbsp;[img:str], -2&nbsp;[img:spd]. Hält {stacks}&nbsp;Züge an.","-2 alla [img:dex], -2 alla [img:str], -2 alla [img:spd]. Dura {stacks} turni.","-2 de [img:dex], -2 de [img:str] e -2 de [img:spd]. Dura {stacks} turnos.",-2 [img:dex]、​-2 [img:str]、​-2 [img:spd]にゃ。{stacks}ターン持続にゃ。
KEYWORD_WEAKNESS_DESC_SINGULAR,"-2 [img:dex], -2 [img:str], -2 [img:spd]. Lasts 1 turn.",,"-2 [img:dex], -2 [img:str], -2 [img:spd]. Dura 1 turno.","[img:dex] -2, [img:str] -2, [img:spd] -2. Dure 1&nbsp;tour.","-2&nbsp;[img:dex], -2&nbsp;[img:str], -2&nbsp;[img:spd]. Hält 1&nbsp;Zug an.","-2 alla [img:dex], -2 alla [img:str], -2 alla [img:spd]. Dura 1 turno.","-2 de [img:dex], -2 de [img:str] e -2 de [img:spd]. Dura 1 turno.",-2 [img:dex]、​-2 [img:str]、​-2 [img:spd]にゃ。​1ターン持続にゃ。
KEYWORD_WEAKNESS_DESC_STACKLESS,"-2 [img:dex], -2 [img:str], -2 [img:spd], temporarily.",,"-2 [img:dex], -2 [img:str], -2 [img:spd]. Tiene un efecto temporal.","[img:dex] -2, [img:str] -2, [img:spd] -2, temporairement.","Vorübergehend -2&nbsp;[img:dex], -2&nbsp;[img:str], -2&nbsp;[img:spd].","-2 alla [img:dex], -2 alla [img:str], -2 alla [img:spd], temporaneamente.","-2 de [img:dex], -2 de [img:str] e -2 de [img:spd] temporariamente.",一時的に​-2 [img:dex]、​-2 [img:str]、​-2 [img:spd]にゃ。
KEYWORD_WEBBED_NAME,Webbed,,Telaraña,Toile,Netz,Ragnatela,Teia,蜘蛛の​巣
KEYWORD_WEBBED_DESC,Immobile. Use basic attack to break free.,,Esta unidad queda inmovilizada. Se libera con el ataque básico.,Immobilisation. Utilisez une attaque de base pour vous libérer.,"Unbeweglich. Benutze deinen Grundangriff, um dich zu befreien.",Immobilizzazione. Usa l'attacco base per liberarti.,Imobilização. Utilize o ataque básico para se libertar.,移動不可にゃ。​通常攻撃で​脱出するにゃ。[b][/b]
KEYWORD_TANGLED_NAME,Entangled,,Enredo,Emmêlement,Verstrickt,Intrappolamento,Amarração,絡まった
KEYWORD_TANGLED_DESC,Immobile. Use basic attack to break free.,,Esta unidad queda inmovilizada. Se libera con el ataque básico.,Immobilisation. Utilisez une attaque de base pour vous libérer.,"Unbeweglich. Benutze deinen Grundangriff, um dich zu befreien.",Immobilizzazione. Usa l'attacco base per liberarti.,Imobilização. Utilize o ataque básico para se libertar.,移動不可にゃ。​通常攻撃で​脱出するにゃ。[b][/b]
KEYWORD_WET_NAME,Wet,,Mojado,Mouillé,Nass,Grondante,Molhado,濡れ
KEYWORD_WET_DESC,Wet.,,Esta unidad está mojada.,Mouillé.,Nass.,Quest'unità è bagnata.,Molhado.,濡れてるにゃ。
KEYWORD_ZOMBIE_NAME,Zombie,,Zombi,Zombie,Zombie,Zombie,Zumbi,ゾンビ
KEYWORD_ZOMBIE_DESC,-2 [img:str]. -2 [img:int]. Takes damage from Holy Element heals. Does not get injured when downed.,,"-2 [img:str], -2 [img:int]. Esta unidad sufre daño de las acciones curativas de los elementos sagrados. No sufre ninguna lesión cuando está abatida.","[img:str] -2. [img:int] -2. Les soins sacrés lui infligent des dégâts. K.O., ne peut pas subir de blessures.","-2&nbsp;[img:str]. -2&nbsp;[img:int]. Erleidet Schaden von heiligen Heilzaubern. Wird nicht verletzt, wenn er in Ohnmacht fällt.",-2 alla [img:str]. -2 alla [img:int]. Subisce danno dalle cure di Elemento Sacro. Non subisce ferite quando è KO.,-2 de [img:str]. -2 de [img:int]. Sofre dano de curas do elemento sagrado. Não sofre ferimentos ao ficar inconsciente.,-2 [img:str]、​-2 [img:int]にゃ。​聖属性の​回復で​ダメージを​受けるにゃ。​倒されても​ケガを​負わないにゃ。
//furniture stats,,,,,,,,
KEYWORD_COMFORT_NAME,[img:comfort] Comfort,,[img:comfort] Comodidad,[img:comfort] Bien-être,[img:comfort]&nbsp;Komfort,[img:comfort] Comfort,[img:comfort] Conforto,[img:comfort] 快適さ
KEYWORD_COMFORT_DESC,Affects how often cats will breed or fight.,,Afecta a la frecuencia con la que los gatos se aparean o pelean.,Affecte la fréquence à laquelle les chats se reproduisent et se battent.,"Wirkt sich darauf aus, wie oft Katzen sich vermehren und kämpfen.",Influisce sulla frequenza con cui i gatti si riproducono o combattono.,Afeta o quão frequentemente gatos podem procriar ou lutar.,猫が​繁殖するか​喧嘩するかの​頻度に​影響するにゃ。[b][/b]
KEYWORD_STIMULATION_NAME,[img:stimulation] Stimulation,,[img:stimulation] Estimulación,[img:stimulation] Stimulation,[img:stimulation]&nbsp;Stimulation,[img:stimulation] Stimolazione,[img:stimulation] Estimulação,[img:stimulation] 刺激
KEYWORD_STIMULATION_DESC,Affects the quality of newborn kittens.,,Afecta a la calidad de los mininos recién nacidos.,Affecte la qualité des chatons nouveau-nés.,Wirkt sich auf die Qualität neugeborener Kätzchen aus.,Influisce sulla qualità dei gattini appena nati.,Afeta a qualidade de filhotes de gato recém-nascidos.,生まれる​子猫の​質に​影響するにゃ。[b][/b]
KEYWORD_APPEAL_NAME,[img:appeal] Appeal,,[img:appeal] Atractivo,[img:appeal] Attractivité,[img:appeal]&nbsp;Reiz,[img:appeal] Attrattiva,[img:appeal] Apelo,[img:appeal] 魅力度
KEYWORD_APPEAL_DESC,Affects the quality of the stray cats that show up each day,,Afecta a la calidad de los gatos vagabundos que aparecen cada día.,Affecte la qualité des chats errants qui apparaissent chaque jour.,"Wirkt sich auf die Qualität von Streunern aus, die täglich erscheinen.",Influisce sulla qualità dei gatti randagi che compaiono ogni giorno.,Afeta a qualidade de gatos vira-latas que surgem a cada dia.,毎日​現れる​野良猫の​質に​影響するにゃ。[b][/b]
KEYWORD_EVOLUTION_NAME,[img:evolution] Mutation,,[img:evolution] Mutación,[img:evolution] Mutation,[img:evolution]&nbsp;Mutation,[img:evolution] Mutazione,[img:evolution] Mutação,[img:evolution] ミューテーション
KEYWORD_EVOLUTION_DESC,Adds a chance for cats to receive random mutations each night.,,Añade la probabilidad de que los gatos reciban mutaciones al azar cada noche.,Ajoute une chance que les chats reçoivent des mutations aléatoires chaque nuit.,"Erhöht die Wahrscheinlichkeit, dass Katzen nachts mutieren.",Aggiunge una probabilità che i gatti ricevano mutazioni casuali ogni notte.,Adiciona uma chance de gatos sofrerem mutações aleatórias a cada noite.,毎晩猫が​ランダムな​ミューテーションを​得る​確率を​追加するにゃ。[b][/b]
KEYWORD_HEALTH_NAME,[img:health] Health,,[img:health] Salud,[img:health] Santé,[img:health]&nbsp;Gesundheit,[img:health] Salute,[img:health] Saúde,[img:health] 健康
KEYWORD_HEALTH_DESC,Affects lifespan and chance to develop or cure disorders each night,,Afecta a la esperanza de vida y a la probabilidad de desarrollar trastornos o curarlos cada noche.,Affecte l'espérance de vie et la probabilité de développer ou guérir des troubles chaque nuit.,"Wirkt sich auf die Lebensspanne und die Wahrscheinlichkeit aus, nachts Störungen zu heilen oder zu entwickeln.",Influisce sulla longevità e sulla probabilità di sviluppare o curare disturbi ogni notte.,Afeta a longevidade e a chance de desenvolver ou curar transtornos a cada noite.,寿命と​毎晩​障害を​発症または​治癒する​確率に​影響するにゃ。[b][/b]
//tormentor glyphs,,,,,,,,
KEYWORD_TOR_BITE_NAME,Lucifer Rune,,Runa de Lucifer,Rune de Lucifer,Luzifers Rune,Runa di Lucifero,Runa Lúcifer,ルシファーの​ルーン
KEYWORD_TOR_BITE_DESC,Imbues its owner with an extra turn and the power to Bite,,Otorga a quien la tenga un turno extra y la capacidad de morder.,Confère à son porteur un tour bonus et la compétence Morsure.,Verleiht dem Eigentümer einen zusätzlichen Zug und einen Biss.,Conferisce a chi la porta un turno aggiuntivo e il potere del Morso.,Infunde em seu portador um turno extra e o poder de morder.,所有者に​追加ターンと​噛みつく​力を​与えるにゃ。[b][/b]
KEYWORD_TOR_FIRE_NAME,Brimstone Rune,,Runa de azufre,Rune infernale,Schwefelrune,Runa di Zolfo,Runa Sulfúrica,ブリムストーンの​ルーン
KEYWORD_TOR_FIRE_DESC,Imbues its owner's basic attack with +2 Damage and +2 Burn.,,Impregna el ataque básico de quien la tenga de +2 de daño y +2 de quemadura.,Confère à l'attaque de base de son porteur Dégâts +2&nbsp;et Brûlure +2.,Verleiht dem Grundangriff des Eigentümers +2&nbsp;Schaden und +2&nbsp;Verbrennung.,Conferisce all'attacco base di chi la porta +2 al Danno e +2 Bruciatura.,Infunde no ataque básico de seu portador +2 de dano e +2 de queimadura.,所有者の​通常攻撃に​+2ダメージと​+2燃焼を​与えるにゃ。[b][/b]
KEYWORD_TOR_SUMMON_NAME,Pentagram Rune,,Runa del pentáculo,Rune pentagramme,Pentagrammrune,Runa del Pentagramma,Runa Pentagrama,ペンタグラムの​ルーン
KEYWORD_TOR_SUMMON_DESC,Imbues its owner with an extra turn and the power to Summon,,Otorga a quien la tenga un turno extra y la capacidad de invocar.,Confère à son porteur un tour bonus et la compétence Invocation.,"Verleiht dem Eigentümer einen zusätzlichen Zug und die Macht, etwas zu beschwören.",Conferisce a chi la porta un turno aggiuntivo e il potere dell'Evocazione.,Infunde em seu portador um turno extra e o poder de invocar.,所有者に​追加ターンと​召喚の​力を​与えるにゃ。[b][/b]
KEYWORD_TOR_MOVE_NAME,Hexagram Rune,,Runa del hexagrama,Rune hexagramme,Hexagrammrune,Runa dell'Esagramma,Runa Hexagrama,ヘキサグラムの​ルーン
KEYWORD_TOR_MOVE_DESC,Imbues its owner with +1 Movement Range and +3 Trample Damage,,Otorga a quien la tenga +1 de alcance del movimiento y +3 de daño por pisotón.,Confère à son porteur Portée de déplacement +1&nbsp;et Dégâts de piétinement +3.,Verleiht dem Eigentümer +1&nbsp;Bewegungsreichweite und +3&nbsp;Trampelschaden.,Conferisce a chi la porta +1 al Raggio di Movimento e +3 al Danno da Calpestamento.,Infunde em seu portador +1 de alcance de movimento e +3 de dano de atropelamento.,所有者に​+1移動範囲と​+3蹂躙ダメージを​与えるにゃ。[b][/b]
KEYWORD_TOR_BOUNCE_NAME,Chaos Rune,,Runa del caos,Rune du chaos,Chaosrune,Runa del Caos,Runa do Caos,カオスの​ルーン
KEYWORD_TOR_BOUNCE_DESC,Imbues its owner with the ability to repel attackers.,,Otorga a quien la tenga la habilidad de repeler a los atacantes.,Confère à son porteur la compétence permettant de repousser les attaquants.,"Verleiht dem Eigentümer die Fähigkeit, Angreifer zurückzuschlagen.",Conferisce a chi la porta la capacità di allontanare gli attaccanti.,Infunde em seu portador a habilidade de repelir agressores.,所有者に​攻撃者を​弾き飛ばす能力を​与えるにゃ。[b][/b]
//final boss countdown,,,,,,,,
KEYWORD_CHILDHOLY_NAME,The Child's Flame,,Llama de la criatura,Flamme de l'enfant,Die Flamme des Kindes,La Fiamma del Bambino,Chama da Criança,子供の​炎
KEYWORD_CHILDHOLY_DESC,"Counts down every time it gets hit. At 0, unleash the holy beams.",,"Inicia una cuenta atrás cada vez que recibe un golpe. Al llegar a 0, lanza los rayos sagrados.","Le compteur diminue à chaque fois qu'elle est touchée. À 0, déchaîne des rayons sacrés.","Zählt jedes Mal herunter, wenn sie getroffen wird. Bei 0 werden die heiligen Strahlen entfesselt.","Si riduce ogni volta che viene colpita. Arrivata a 0, scatena i raggi sacri.","Diminui a cada golpe sofrido. Ao chegar a 0, libera os raios sagrados.",攻撃を​受ける​たびに​カウントダウン。​0に​なると​聖なる​光線を​放つにゃ。[b][/b]
KEYWORD_CHILDPULSE_NAME,The Child's Flame,,Llama de la criatura,Flamme de l'enfant,Die Flamme des Kindes,La Fiamma del Bambino,Chama da Criança,子供の​炎
KEYWORD_CHILDPULSE_DESC,"Counts down every time it gets hit. At 0, releases a pulse.",,"Inicia una cuenta atrás cada vez que recibe un golpe. Al llegar a 0, lanza un pulso.","Le compteur diminue à chaque fois qu'elle est touchée. À 0, émet une impulsion.","Zählt jedes Mal herunter, wenn sie getroffen wird. Bei 0 wird ein Puls entfesselt.","Si riduce ogni volta che viene colpita. Arrivata a 0, rilascia un impulso.","Diminui a cada golpe sofrido. Ao chegar a 0, libera um pulso.",攻撃を​受ける​たびに​カウントダウン。​0に​なると​パルスを​放つにゃ。[b][/b]
KEYWORD_CHILDWRATH_NAME,The Child's Flame,,Llama de la criatura,Flamme de l'enfant,Die Flamme des Kindes,La Fiamma del Bambino,Chama da Criança,子供の​炎
KEYWORD_CHILDWRATH_DESC,"Counts down every time it gets hit. At 0, unleash a wrath of holy light.",,"Inicia una cuenta atrás cada vez que recibe un golpe. Al llegar a 0, desata la ira de la luz sagrada.","Le compteur diminue à chaque fois qu'elle est touchée. À 0, déchaîne une furie de lumière sacrée.","Zählt jedes Mal herunter, wenn sie getroffen wird. Bei 0 wird der Zorn des heiligen Lichts entfesselt.","Si riduce ogni volta che viene colpita. Arrivata a 0, scatena un'ira di luce sacra.","Diminui a cada golpe sofrido. Ao chegar a 0, libera um golpe furioso de luz sagrada.",攻撃を​受ける​たびに​カウントダウン。​0に​なると​聖なる​光の​怒りを​放つにゃ。[b][/b]
//elite buffs,,,,,,,,
KEYWORD_ELITE_SPIKY_NAME,Elite Buff: Spiky,,Ventaja de élite: Pinchos,Bonus d'élite&nbsp;: Épines,Elite-Stärkung: Stachelig,Bonus Élite: Spine,Reforço de Elite: Espinhoso,エリートバフ:棘だらけ
KEYWORD_ELITE_SPIKY_DESC,+2 Thorns,,+2 de espinas,Épines +2.,+2&nbsp;Dornen,+2 Spine,+2 de espinhos,+2 棘
KEYWORD_ELITE_BOSSSPIKY_NAME,Elite Buff: Spiky,,Ventaja de élite: Pinchos,Bonus d'élite&nbsp;: Épines,Elite-Stärkung: Stachelig,Bonus Élite: Spine,Reforço de Elite: Espinhoso,エリートバフ:棘だらけ
KEYWORD_ELITE_BOSSSPIKY_DESC,+1 Thorns,,+1 de espinas,Épines +1.,+1&nbsp;Dornen,+1 Spine,+1 de espinhos,+1 棘
KEYWORD_ELITE_REACTIVE_NAME,Elite Buff: Reactive,,Ventaja de élite: Reactivación,Bonus d'élite&nbsp;: Pics,Elite-Stärkung: Reaktiv,Bonus Élite: Reattività,Reforço de Elite: Reação,エリートバフ:反応
KEYWORD_ELITE_REACTIVE_DESC,+1 Kinetic Spikes,,+1 de pinchos cinéticos,Pics cinétiques +1.,+1&nbsp;Kinetiknadeln,+1 Spuntoni Cinetici,+1 de espinhos cinéticos,+1 運動棘
KEYWORD_ELITE_DAMAGING_NAME,Elite Buff: Damaging,,Ventaja de élite: Daño,Bonus d'élite&nbsp;: Férocité,Elite-Stärkung: Schädigend,Bonus Élite: Danno,Reforço de Elite: Dano,エリートバフ:高火力
KEYWORD_ELITE_DAMAGING_DESC,+2 Damage,,+2 de daño,Dégâts +2.,+2&nbsp;Schaden,+2 al Danno,+2 de dano,+2 ダメージ
KEYWORD_ELITE_TOUGH_NAME,Elite Buff: Tough,,Ventaja de élite: Resistencia,Bonus d'élite&nbsp;: Robustesse,Elite-Stärkung: Zäh,Bonus Élite: Resistenza,Reforço de Elite: Resistência,エリートバフ:頑丈
KEYWORD_ELITE_TOUGH_DESC,+2 Brace,,+2 de refuerzo,Garde +2.,+2&nbsp;Wappnen,+2 alla Guardia,+2 de preparação,+2 ガード
KEYWORD_ELITE_BOSSTOUGH_NAME,Elite Buff: Tough,,Ventaja de élite: Resistencia,Bonus d'élite&nbsp;: Robustesse,Elite-Stärkung: Zäh,Bonus Élite: Resistenza,Reforço de Elite: Resistência,エリートバフ:頑丈
KEYWORD_ELITE_BOSSTOUGH_DESC,+1 Brace,,+1 de refuerzo,Garde +1.,+1&nbsp;Wappnen,+1 alla Guardia,+1 de preparação,+1 ガード
KEYWORD_ELITE_SHIELDED1_NAME,Elite Buff: Shielded,,Ventaja de élite: Escudo,Bonus d'élite&nbsp;: Blindage,Elite-Stärkung: Schild,Bonus Élite: Scudo,Reforço de Elite: Escudo,エリートバフ:シールド持ち
KEYWORD_ELITE_SHIELDED1_DESC,"At the start of each round, if it has less than 3 [img:shield], set [img:shield] to 3. -20% max health.",,"Al inicio de cada ronda, si tiene menos de 3 [img:shield], se establece [img:shield] en 3. Pierde un 20 % del máximo de salud.","Au début de chaque manche, si l'unité a moins de [img:shield] 3, [img:shield] devient 3. PV max. -20&nbsp;%.","Wenn diese Einheit am Anfang der Runde weniger als 3&nbsp;[img:shield] hat, wird ihr [img:shield] auf 3 gesetzt. -20&nbsp;% max. LP.","All'inizio di ogni round, se ha meno di 3 allo [img:shield], imposta lo [img:shield] a 3. -20% salute massima.","No início de cada rodada, se possuir menos de 3 de [img:shield], define o [img:shield] para 3. -20% de saúde máx.",各ラウンド開始時、[img:shield]が​3未満なら​3に​セットにゃ。​最大体力-20%。
KEYWORD_ELITE_BOSSSHIELDED1_NAME,Elite Buff: Shielded,,Ventaja de élite: Escudo,Bonus d'élite&nbsp;: Blindage,Elite-Stärkung: Schild,Bonus Élite: Scudo,Reforço de Elite: Escudo,エリートバフ:シールド持ち
KEYWORD_ELITE_BOSSSHIELDED1_DESC,"At the start of each round, if it has less than 4 [img:shield], set [img:shield] to 4. -20% max health.",,"Al inicio de cada ronda, si tiene menos de 4 [img:shield], se establece [img:shield] en 4. Pierde un 20 % del máximo de salud.","Au début de chaque manche, si l'unité a moins de [img:shield] 4, [img:shield] devient 4. PV max. -20&nbsp;%.","Wenn diese Einheit am Anfang der Runde weniger als 4&nbsp;[img:shield] hat, wird ihr [img:shield] auf 4 gesetzt. -20&nbsp;% max. LP.","All'inizio di ogni round, se ha meno di 4 allo [img:shield], imposta lo [img:shield] a 4. -20% salute massima.","No início de cada rodada, se possuir menos de 4 de [img:shield], define o [img:shield] para 4. -20% de saúde máx.",各ラウンド開始時、[img:shield]が​4未満なら​4に​セットにゃ。​最大体力-20%。
KEYWORD_ELITE_SHIELDED2_NAME,Elite Buff: Shielded,,Ventaja de élite: Escudo,Bonus d'élite&nbsp;: Blindage,Elite-Stärkung: Schild,Bonus Élite: Scudo,Reforço de Elite: Escudo,エリートバフ:シールド持ち
KEYWORD_ELITE_SHIELDED2_DESC,"At the start of each round, if it has less than 5 [img:shield], set [img:shield] to 5. -20% max health.",,"Al inicio de cada ronda, si tiene menos de 5 [img:shield], se establece [img:shield] en 5. Pierde un 20 % del máximo de salud.","Au début de chaque manche, si l'unité a moins de [img:shield] 5, [img:shield] devient 5. PV max. -20&nbsp;%.","Wenn diese Einheit am Anfang der Runde weniger als 5&nbsp;[img:shield] hat, wird ihr [img:shield] auf 5 gesetzt. -20&nbsp;% max. LP.","All'inizio di ogni round, se ha meno di 5 allo [img:shield], imposta lo [img:shield] a 5. -20% salute massima.","No início de cada rodada, se possuir menos de 5 de [img:shield], define o [img:shield] para 5. -20% de saúde máx.",各ラウンド開始時、[img:shield]が​5未満なら​5に​セットにゃ。​最大体力-20%。
KEYWORD_ELITE_BOSSSHIELDED2_NAME,Elite Buff: Shielded,,Ventaja de élite: Escudo,Bonus d'élite&nbsp;: Blindage,Elite-Stärkung: Schild,Bonus Élite: Scudo,Reforço de Elite: Escudo,エリートバフ:シールド持ち
KEYWORD_ELITE_BOSSSHIELDED2_DESC,"At the start of each round, if it has less than 8 [img:shield], set [img:shield] to 8. -20% max health.",,"Al inicio de cada ronda, si tiene menos de 8 [img:shield], se establece [img:shield] en 8. Pierde un 20 % del máximo de salud.","Au début de chaque manche, si l'unité a moins de [img:shield] 8, [img:shield] devient 8. PV max. -20&nbsp;%.","Wenn diese Einheit am Anfang der Runde weniger als 8&nbsp;[img:shield] hat, wird ihr [img:shield] auf 8 gesetzt. -20&nbsp;% max. LP.","All'inizio di ogni round, se ha meno di 8 allo [img:shield], imposta lo [img:shield] a 8. -20% salute massima.","No início de cada rodada, se possuir menos de 8 de [img:shield], define o [img:shield] para 8. -20% de saúde máx.",各ラウンド開始時、[img:shield]が​8未満なら​8に​セットにゃ。​最大体力-20%。
KEYWORD_ELITE_SHIELDED3_NAME,Elite Buff: Shielded,,Ventaja de élite: Escudo,Bonus d'élite&nbsp;: Blindage,Elite-Stärkung: Schild,Bonus Élite: Scudo,Reforço de Elite: Escudo,エリートバフ:シールド持ち
KEYWORD_ELITE_SHIELDED3_DESC,"At the start of each round, if it has less than 7 [img:shield], set [img:shield] to 7. -20% max health.",,"Al inicio de cada ronda, si tiene menos de 7 [img:shield], se establece [img:shield] en 7. Pierde un 20 % del máximo de salud.","Au début de chaque manche, si l'unité a moins de [img:shield] 7, [img:shield] devient 7. PV max. -20&nbsp;%.","Wenn diese Einheit am Anfang der Runde weniger als 7&nbsp;[img:shield] hat, wird ihr [img:shield] auf 7 gesetzt. -20&nbsp;% max. LP.","All'inizio di ogni round, se ha meno di 7 allo [img:shield], imposta lo [img:shield] a 7. -20% salute massima.","No início de cada rodada, se possuir menos de 7 de [img:shield], define o [img:shield] para 7. -20% de saúde máx.",各ラウンド開始時、[img:shield]が​7未満なら​7に​セットにゃ。​最大体力-20%。
KEYWORD_ELITE_BOSSSHIELDED3_NAME,Elite Buff: Shielded,,Ventaja de élite: Escudo,Bonus d'élite&nbsp;: Blindage,Elite-Stärkung: Schild,Bonus Élite: Scudo,Reforço de Elite: Escudo,エリートバフ:シールド持ち
KEYWORD_ELITE_BOSSSHIELDED3_DESC,"At the start of each round, if it has less than 12 [img:shield], set [img:shield] to 12. -20% max health.",,"Al inicio de cada ronda, si tiene menos de 12 [img:shield], se establece [img:shield] en 12. Pierde un 20 % del máximo de salud.","Au début de chaque manche, si l'unité a moins de [img:shield] 12, [img:shield] devient 12. PV max. -20&nbsp;%.","Wenn diese Einheit am Anfang der Runde weniger als 12&nbsp;[img:shield] hat, wird ihr [img:shield] auf 12 gesetzt. -20&nbsp;% max. LP.","All'inizio di ogni round, se ha meno di 12 allo [img:shield], imposta lo [img:shield] a 12. -20% salute massima.","No início de cada rodada, se possuir menos de 12 de [img:shield], define o [img:shield] para 12. -20% de saúde máx.",各ラウンド開始時、[img:shield]が​12未満なら​12に​セットにゃ。​最大体力-20%。
KEYWORD_ELITE_SHIELDED4_NAME,Elite Buff: Shielded,,Ventaja de élite: Escudo,Bonus d'élite&nbsp;: Blindage,Elite-Stärkung: Schild,Bonus Élite: Scudo,Reforço de Elite: Escudo,エリートバフ:シールド持ち
KEYWORD_ELITE_SHIELDED4_DESC,"At the start of each round, if it has less than 9 [img:shield], set [img:shield] to 9. -20% max health.",,"Al inicio de cada ronda, si tiene menos de 9 [img:shield], se establece [img:shield] en 9. Pierde un 20 % del máximo de salud.","Au début de chaque manche, si l'unité a moins de [img:shield] 9, [img:shield] devient 9. PV max. -20&nbsp;%.","Wenn diese Einheit am Anfang der Runde weniger als 9&nbsp;[img:shield] hat, wird ihr [img:shield] auf 9 gesetzt. -20&nbsp;% max. LP.","All'inizio di ogni round, se ha meno di 9 allo [img:shield], imposta lo [img:shield] a 9. -20% salute massima.","No início de cada rodada, se possuir menos de 9 de [img:shield], define o [img:shield] para 9. -20% de saúde máx.",各ラウンド開始時、[img:shield]が​9未満なら​9に​セットにゃ。​最大体力-20%。
KEYWORD_ELITE_BOSSSHIELDED4_NAME,Elite Buff: Shielded,,Ventaja de élite: Escudo,Bonus d'élite&nbsp;: Blindage,Elite-Stärkung: Schild,Bonus Élite: Scudo,Reforço de Elite: Escudo,エリートバフ:シールド持ち
KEYWORD_ELITE_BOSSSHIELDED4_DESC,"At the start of each round, if it has less than 16 [img:shield], set [img:shield] to 16. -20% max health.",,"Al inicio de cada ronda, si tiene menos de 16 [img:shield], se establece [img:shield] en 16. Pierde un 20 % del máximo de salud.","Au début de chaque manche, si l'unité a moins de [img:shield] 16, [img:shield] devient 16. PV max. -20&nbsp;%.","Wenn diese Einheit am Anfang der Runde weniger als 16&nbsp;[img:shield] hat, wird ihr [img:shield] auf 16 gesetzt. -20&nbsp;% max. LP.","All'inizio di ogni round, se ha meno di 16 allo [img:shield], imposta lo [img:shield] a 16. -20% salute massima.","No início de cada rodada, se possuir menos de 16 de [img:shield], define o [img:shield] para 16. -20% de saúde máx.",各ラウンド開始時、[img:shield]が​16未満なら​16に​セットにゃ。​最大体力-20%。
KEYWORD_ELITE_PROTECTED_NAME,Elite Buff: Protected,,Ventaja de élite: Protección,Bonus d'élite&nbsp;: Protection,Elite-Stärkung: Geschützt,Bonus Élite: Protezione,Reforço de Elite: Proteção,エリートバフ:守護
KEYWORD_ELITE_PROTECTED_DESC,"At the end of each turn, set [img:divineshield] to 1 if it had no [img:divineshield]. -20% max health.",,"Al final de cada turno, [img:divineshield] se establece en 1 si no tenía [img:divineshield]. Pierde un 20 % del máximo de salud.","À la fin de chaque tour, [img:divineshield] devient 1&nbsp;si l'unité n'avait pas de [img:divineshield]. PV max. -20&nbsp;%.","Wenn diese Einheit am Ende eines Zuges kein [img:divineshield] hat, wird ihr [img:divineshield] auf 1 gesetzt. -20&nbsp;% max. LP.","Alla fine di ogni turno, imposta [img:divineshield] a 1 se non aveva [img:divineshield]. -20% salute massima.","No início de cada turno, se não possuir nenhum [img:divineshield], define o [img:divineshield] para 1. -20% de saúde máx.",各ターン終了時、[img:divineshield]が​なければ​1に​セットにゃ。​最大体力-20%。
KEYWORD_ELITE_SPEEDY_NAME,Elite Buff: Speedy,,Ventaja de élite: Velocidad,Bonus d'élite&nbsp;: Célérité,Elite-Stärkung: Flink,Bonus Élite: Velocità,Reforço de Elite: Velocidade,エリートバフ:俊足
KEYWORD_ELITE_SPEEDY_DESC,+4 [img:spd],,+4 de [img:spd],[img:spd] +4.,+4&nbsp;[img:spd],+4 alla [img:spd],+4 de [img:spd],+4 [img:spd]
KEYWORD_ELITE_FLAMING_NAME,Elite Buff: Flaming,,Ventaja de élite: Llama,Bonus d'élite&nbsp;: Brasier,Elite-Stärkung: Lodernd,Bonus Élite: Fiamme,Reforço de Elite: Chamas,エリートバフ:燃える
KEYWORD_ELITE_FLAMING_DESC,Fire Immune. Leaves a trail of fire.,,Inmune al fuego. Deja un rastro de fuego.,Immunité au feu. L'unité laisse une traînée de feu derrière elle.,Immun gegen Feuer. Hinterlässt eine Feuerspur.,Immunità al fuoco. Lascia una scia di fuoco.,Imune contra fogo. Deixa um rastro de fogo.,炎免疫にゃ。​炎の​道を​残すにゃ。[b][/b]
KEYWORD_ELITE_BOSSFLAMING_NAME,Elite Buff: Flaming,,Ventaja de élite: Llama,Bonus d'élite&nbsp;: Brasier,Elite-Stärkung: Lodernd,Bonus Élite: Fiamme,Reforço de Elite: Chamas,エリートバフ:燃える
KEYWORD_ELITE_BOSSFLAMING_DESC,Fire Immune. Leaves a trail of fire. Applies Burn 1 to attackers.,,Inmune al fuego. Deja un rastro de fuego. Aplica 1 de quemadura a los atacantes.,Immunité au feu. L'unité laisse une traînée de feu derrière elle. Inflige Brûlure +1&nbsp;aux attaquants.,Immun gegen Feuer. Hinterlässt eine Feuerspur. Verursacht Verbrennung&nbsp;1 bei Angreifern.,Immunità al fuoco. Lascia una scia di fuoco. Applica Bruciatura 1 agli attaccanti.,Imune contra fogo. Deixa um rastro de fogo. Aplica queimadura 1 em agressores.,炎免疫にゃ。​炎の​道を​残すにゃ。​攻撃者に​燃焼1を​付与するにゃ。[b][/b]
KEYWORD_ELITE_CREEPY_NAME,Elite Buff: Creepy,,Ventaja de élite: Líquido tóxico,Bonus d'élite&nbsp;: Toxicité,Elite-Stärkung: Ekelig,Bonus Élite: Melma,Reforço de Elite: Gosma,エリートバフ:気味悪い
KEYWORD_ELITE_CREEPY_DESC,Basic attack inflicts Poison. Leaves a trail of creep.,,El ataque básico inflige veneno. Deja un rastro de líquido tóxico.,Votre attaque de base inflige Poison et laisse une traînée de bave toxique.,Grundangriffe verursachen Gift. Hinterlässt Ekelschleim.,L'attacco base infligge Veleno. Lascia una scia di melma.,O ataque básico aplica veneno. Deixa um rastro de gosma.,通常攻撃が​毒を​付与するにゃ。​不気味な​道を​残すにゃ。[b][/b]
KEYWORD_ELITE_LUCKY_NAME,Elite Buff: Lucky,,Ventaja de élite: Suerte,Bonus d'élite&nbsp;: Bonne fortune,Elite Stärkung: Glückspilz,Bonus Élite: Fortuna,Reforço de Elite: Sorte,エリートバフ:幸運
KEYWORD_ELITE_LUCKY_DESC,+3 [img:lck]. +10% Crit Chance. +10% Dodge Chance.,,+3 [img:lck]. +10 % de probabilidad de crítico. +10 % de probabilidad de esquiva.,[img:lck] +3. Chances de coup critique +10&nbsp;%. Chances d'esquive +10&nbsp;%.,+3&nbsp;[img:lck]. +10&nbsp;% kritische Trefferchance. +10&nbsp;% Ausweichchance.,+3 alla [img:lck]. +10% di probabilità di colpo critico. +10% di probabilità di schivata.,+3 de [img:lck]. +10% de chance de crítico. +10% de chance de esquiva.,+3 [img:lck]、​+10%クリティカル率、​+10%回避率にゃ。
KEYWORD_ELITE_STATIC_NAME,Elite Buff: Static,,Ventaja de élite: Estática,Bonus d'élite&nbsp;: Arcs électriques,Elite-Stärkung: Statisch,Bonus Élite: Statico,Reforço de Elite: Estática,エリートバフ:静電気
KEYWORD_ELITE_STATIC_DESC,Arcs 1 electric damage to neighbors whenever it moves.,,Inflige 1 de daño eléctrico a las unidades adyacentes siempre que se mueve.,Inflige 1&nbsp;dégât électrique aux unités adjacentes chaque fois qu'elles se déplacent.,"Feuert 1&nbsp;elektrischen Schaden auf benachbarte Einheiten, wenn es sich bewegt.",Infligge 1 danno elettrico ai vicini ogni volta che si muove.,Causa 1 de dano elétrico em arco a unidades próximas ao se mover.,移動する​たびに​隣接する​対象に​1電気ダメージを​放つにゃ。[b][/b]
KEYWORD_ELITE_BOUNCY_NAME,Elite Buff: Bouncy,,Ventaja de élite: Salto,Bonus d'élite&nbsp;: Rebond,Elite-Stärkung: Federnd,Bonus Élite: Rimbalzo,Reforço de Elite: Ricocheteio,エリートバフ:弾む
KEYWORD_ELITE_BOUNCY_DESC,"When hit, bounces itself and its attacker apart.",,"Al recibir un golpe, rebota para separarse del atacante.","Quand l'unité est touchée, elle repousse en arrière à la fois elle-même et son attaquant.","Federt sich und Angreifer zurück, wenn es angegriffen wird.","Se si muove, allontana sia sé che il suo attaccante con un rimbalzo.","Ao sofrer golpes, ricocheteia-se para afastar seu agressor.",攻撃を​受けると​自分と​攻撃者を​弾き飛ばすにゃ。[b][/b]
KEYWORD_ELITE_MIRROR_NAME,Elite Buff: Mirror,,Ventaja de élite: Espejo,Bonus d'élite&nbsp;: Reflets,Elite-Stärkung: Spiegel,Bonus Élite: Specchio,Reforço de Elite: Espelho,エリートバフ:ミラー
KEYWORD_ELITE_MIRROR_DESC,Reflects all projectiles. Takes 2 damage when it reflects a projectile.,,Devuelve todos los proyectiles. Sufre 2 de daño al devolver un proyectil.,Renvoie tous les projectiles. L'unité subit 2&nbsp;dégâts par réflexion de projectile.,"Reflektiert alle Geschosse. Erleidet 2&nbsp;Schaden, wenn es ein Geschoss reflektiert.",Riflette tutti i proiettili. Subisce 2 di danno quando riflette un proiettile.,Reflete todos os projéteis. Sofre 2 de dano ao refletir um projétil.,全ての​弾道を​反射するにゃ。​反射時に​2ダメージを​受けるにゃ。[b][/b]
KEYWORD_ELITE_RESONANT_NAME,Elite Buff: Resonant,,Ventaja de élite: Resonancia,Bonus d'élite&nbsp;: Résonance,Elite-Stärkung: Resonant,Bonus Élite: Risonanza,Reforço de Elite: Ressonante,エリートバフ:共鳴
KEYWORD_ELITE_RESONANT_DESC,"Whenever an enemy casts a spell, gain All Stats Up 1 and heal 1.",,"Siempre que un enemigo lanza un hechizo, obtiene 1 de aumento total y recupera 1 PS.","Chaque fois qu'un ennemi lance un sort, Hausse de stats +1&nbsp;et PV +1.","Erhält einen Bonus auf alle Attribute und heilt sich um 1&nbsp;LP, wenn Gegner Zauber wirken.","Ogni volta che un nemico lancia un incantesimo, ottieni Aumento delle Statistiche 1 e recuperi 1 PS.","Sempre que um inimigo lançar um encantamento, obtenha todos os atributos aumentados 1 e cura 1.",敵が​スペルを​詠唱する​たびに​全ステータス上昇1と​1回復を​得るにゃ。[b][/b]
KEYWORD_ELITE_UNDYING_NAME,Elite Buff: Undying,,Ventaja de élite: Inmortalidad,Bonus d'élite&nbsp;: Non-vie,Elite-Stärkung: Unsterblich,Bonus Élite: Immortale,Reforço de Elite: Imortal,エリートバフ:不死身
KEYWORD_ELITE_UNDYING_DESC,Revives to 50% health at the end of the round. +2 Corpse Health.,,Resucita con un 50 % de salud al final de la ronda. +2 de salud de cadáver.,Réanimé avec 50&nbsp;% de PV en fin de manche. PV de cadavre +2.,Belebt sich am Ende der Runde mit 50&nbsp;% LP wieder. +2&nbsp;Leichenlebenspunkte.,Si rianima al 50% di salute alla fine del round. +2 a Salute Cadavere.,Revive com 50% de saúde no final da rodada. +2 de saúde de cadáver.,ラウンド終了時に​体力50%で​蘇生するにゃ。​死体体力+2。[b][/b]
KEYWORD_ELITE_SUBUNDYING_NAME,Elite Buff: Undying,,Ventaja de élite: Inmortalidad,Bonus d'élite&nbsp;: Non-vie,Elite-Stärkung: Unsterblich,Bonus Élite: Immortale,Reforço de Elite: Imortal,エリートバフ:不死身
KEYWORD_ELITE_SUBUNDYING_DESC,Revives to 50% health at the end of the round.,,Resucita con un 50 % de salud al final de la ronda.,Réanimé avec 50&nbsp;% de PV en fin de manche.,Belebt sich am Ende der Runde mit 50&nbsp;% LP wieder.,Si rianima al 50% di salute alla fine del round.,Revive com 50% de saúde no final da rodada.,ラウンド終了時に​体力50%で​蘇生するにゃ。[b][/b]
KEYWORD_ELITE_HEALTHY_NAME,Elite Buff: Healthy,,Ventaja de élite: Salud,Bonus d'élite&nbsp;: Vigueur,Elite-Stärkung: Kerngesund,Bonus Élite: Salute,Reforço de Elite: Saudável,エリートバフ:健康体
KEYWORD_ELITE_HEALTHY_DESC,+3 Health Regen. +20 unfilled max health.,,+3 de regeneración de salud. +20 del máximo de salud sin llenar.,Régénération de PV +3. PV max. vacants +20.,+3&nbsp;Lebensregeneration. +20&nbsp;nicht aufgefüllte LP.,+3 a Rigenerazione Salute. +20 salute massima non riempita.,+3 de regeneração de saúde. +20 de saúde máxima não preenchida.,+3 HP再生にゃ。​未充填最大体力+20。[b][/b]
KEYWORD_ELITE_SANDY_NAME,Elite Buff: Sandy,,Ventaja de élite: Arena,Bonus d'élite&nbsp;: Sable,Elite-Stärkung: Sandmann,Bonus Élite: Sabbia,Reforço de Elite: Areia,エリートバフ:砂まみれ
KEYWORD_ELITE_SANDY_DESC,+10% Dodge Chance. Starts a sandstorm when it dies.,,+10 % de probabilidad de esquiva. Provoca una tormenta de arena al morir.,Chances d'esquive +10&nbsp;%. Déclenche une tempête de sable à sa mort.,"+10&nbsp;% Ausweichchance. Ruft einen Sandsturm, wenn es stirbt.",+10% di probabilità di schivata. Avvia una tempesta di sabbia quando muore.,+10% de chance de esquiva. Inicia uma tempestade de areia ao morrer.,+10%回避率にゃ。​死亡時に​砂嵐を​起こすにゃ。[b][/b]
KEYWORD_ELITE_INFESTED_NAME,Elite Buff: Infested,,Ventaja de élite: Infestación,Bonus d'élite&nbsp;: Essaim,Elite-Stärkung: Infiziert,Bonus Élite: Infestazione,Reforço de Elite: Infestação,エリートバフ:寄生
KEYWORD_ELITE_INFESTED_DESC,Spawns a fly swarm when it dies.,,Genera un enjambre de moscas al morir.,Invoque un essaim de mouches à sa mort.,"Ruft einen Fliegenschwarm, wenn es stirbt.","Quando muore, genera uno sciame di mosche",Gera um enxame de moscas ao morrer.,死亡時に​ハエの​群れを​召喚するにゃ。[b][/b]
KEYWORD_ELITE_ABSORBANT_NAME,Elite Buff: Absorbent,,Ventaja de élite: Absorción,Bonus d'élite&nbsp;: Absorption,Elite-Stärkung: Absorbierend,Bonus Élite: Assorbimento,Reforço de Elite: Absorção,エリートバフ:吸収
KEYWORD_ELITE_ABSORBANT_DESC,"Drains all unused mana from units when they end their turn, and deals damage to them equal to the amount of mana drained.",,Absorbe todo el maná sin usar de las unidades cuando terminan el turno y les inflige un daño equivalente a la cantidad de maná absorbido.,Draine tout le mana inutilisé des unités à la fin de leur tour et leur inflige des dégâts égaux à la quantité de mana drainée.,"Saugt sämtliches unbenutztes Mana von Einheiten ab, wenn sie ihren Zug beenden und verursacht Schaden in Höhe des abgesaugten Manas.",Prosciuga tutto il mana inutilizzato dalle unità quando terminano il turno e infligge loro un danno pari alla quantità di mana prosciugato.,Drena toda a mana não utilizada por unidades que finalizarem seu turno e causa dano equivalente à mana drenada a elas.,ユニットが​ターン終了時に​全ての未使用マナを​吸い​取り、​吸い​取った​マナ分の​ダメージを​与えるにゃ。[b][/b]
KEYWORD_ELITE_DEPRESSING_NAME,Elite Buff: Depressing,,Ventaja de élite: Depresión,Bonus d'élite&nbsp;: Dépression,Elite-Stärkung: Deprimierend,Bonus Élite: Depressione,Reforço de Elite: Depressão,エリートバフ:陰鬱
KEYWORD_ELITE_DEPRESSING_DESC,"While alive, its enemies have -1 to all stats.",,"Mientras sigue con vida, los enemigos tienen -1 en todos los atributos.","Tant que cette unité est en vie, ses ennemis ont -1&nbsp;à toutes leurs stats.","Gegner erleiden einen Malus auf alle Attribute, während diese Einheit am Leben ist.","Finché è in vita, i suoi nemici hanno -1 a tutte le statistiche.","Enquanto estiver com vida, seus inimigos possuem -1 em todos os atributos.",生存中、​敵の​全ステータスが​-1にゃ。[b][/b]
KEYWORD_ELITE_SLIGHTLYDEPRESSING_NAME,Elite Buff: Slightly Depressing,,Ventaja de élite: Ligera depresión,Bonus d'élite&nbsp;: Déprime,Elite-Stärkung: Leicht deprimierend,Bonus Élite: Depressione Leggera,Reforço de Elite: Depressão Leve,エリートバフ:ちょっと​陰鬱
KEYWORD_ELITE_SLIGHTLYDEPRESSING_DESC,"While alive, adjacent enemies have -1 to all stats.",,"Mientras sigue con vida, los enemigos adyacentes tienen -1 en todos los atributos.","Tant que cette unité est en vie, ses ennemis adjacents ont -1&nbsp;à toutes leurs stats.","Benachbarte Gegner erleiden einen Malus auf alle Attribute, während diese Einheit am Leben ist.","Finché è in vita, i nemici adiacenti hanno -1 a tutte le statistiche.","Enquanto estiver com vida, inimigos adjacentes possuem -1 em todos os atributos.",生存中、​隣接する​敵の​全ステータスが​-1にゃ。[b][/b]
KEYWORD_ELITE_EVOLVING_NAME,Elite Buff: Evolving,,Ventaja de élite: Evolución,Bonus d'élite&nbsp;: Évolution,Elite-Stärkung: Entwicklungsfroh,Bonus Élite: Evoluzione,Reforço de Elite: Evolução,エリートバフ:進化
KEYWORD_ELITE_EVOLVING_DESC,"At the end of each round, gain a random Elite Buff.",,"Al final de cada ronda, obtiene una ventaja de élite al azar.","À la fin de chaque manche, bénéficie d'un bonus d'élite aléatoire.",Erhält am Ende jeder Runde eine zufällige Elite-Stärkung.,"Alla fine di ogni round, ottieni un Bonus Élite casuale.","No final de cada rodada, obtenha um reforço de elite aleatório.",各ラウンド終了時に​ランダムな​エリートバフを​得るにゃ。[b][/b]
KEYWORD_ELITE_PLOW_NAME,Elite Buff: Plow,,Ventaja de élite: Arado,Bonus d'élite&nbsp;: Tête baissée,Elite-Stärkung: Pflug,Bonus Élite: Aratro,Reforço de Elite: Arado,エリートバフ:蹂躙
KEYWORD_ELITE_PLOW_DESC,Trample. Moves one space towards attackers when damaged.,,Pisotón. Se mueve una casilla hacia los atacantes al sufrir daño.,Piétinement. Se déplace d'une case vers ce qui lui a infligé des dégâts.,"Trampel. Bewegt sich ein Feld auf Angreifer zu, wenn es Schaden erleidet.",Calpestamento. Si muove di uno spazio verso gli attaccanti quando subisce danno.,Atropelamento. Move-se um espaço na direção de agressores ao sofrer dano.,蹂躙にゃ。​ダメージを​受けると​攻撃者に​向かって​1マス移動するにゃ。[b][/b]
KEYWORD_ELITE_MEGA_NAME,Elite Buff: Mega,,Ventaja de élite: Mega,Bonus d'élite&nbsp;: Méga,Elite-Stärkung: Mega,Bonus Élite: Mega,Reforço de Elite: Mega,エリートバフ:メガ
KEYWORD_ELITE_MEGA_DESC,Takes one less turn per round. +50% health and damage,,Juega un turno menos por ronda. +50 % de salud y daño.,"Joue un tour de moins par manche. PV +50&nbsp;%, Dégâts +50&nbsp;%.",Hat einen Zug weniger pro Runde. +50&nbsp;% LP und Schaden.,Effettua un turno in meno per round. +50% alla salute e al danno.,Utiliza um turno a menos por rodada. +50% de saúde e dano.,ラウンドごとに​ターンが​1回少ないにゃ。​体力と​ダメージ+50%。[b][/b]
KEYWORD_ELITE_MAD_NAME,Elite Buff: Mad,,Ventaja de élite: Locura,Bonus d'élite&nbsp;: Frénésie,Elite-Stärkung: Wahnsinnig,Bonus Élite: Follia,Reforço de Elite: Insanidade,エリートバフ:狂気
KEYWORD_ELITE_MAD_DESC,Madness. Takes an extra turn per round. Gains +1 all stats and heals 4 when it gets a kill.,,Locura. Juega un turno extra por ronda. Obtiene +1 en todos los atributos y recupera 4 PS al matar a un enemigo.,Folie. Joue un tour bonus par manche. Hausse de stats +1&nbsp;et PV +4&nbsp;pour chaque ennemi tué.,"Wahnsinn. Hat einen Zug mehr pro Runde. Erhält einen Bonus auf alle Attribute und heilt sich um 4&nbsp;LP, wenn es etwas tötet.",Follia. Effettua un turno aggiuntivo per round. Ottiene +1 a tutte le statistiche e si cura di 4 quando uccide qualcuno.,Insanidade. Utiliza um turno adicional por rodada. Obtém +1 em todos os atributos e cura 4 de saúde ao realizar uma baixa.,狂気にゃ。​ラウンドごとに​追加ターンを​得るにゃ。​キルを​取ると​+1全ステータスと​4回復を​得るにゃ。[b][/b]
KEYWORD_ELITE_BOSSMAD_NAME,Elite Buff: Mad,,Ventaja de élite: Locura,Bonus d'élite&nbsp;: Frénésie,Elite-Stärkung: Wahnsinnig,Bonus Élite: Follia,Reforço de Elite: Insanidade,エリートバフ:狂気
KEYWORD_ELITE_BOSSMAD_DESC,Madness. Gains +1 all stats and heals 4 when it gets a kill.,,Locura. Obtiene +1 en todos los atributos y recupera 4 PS al matar a un enemigo.,Folie. Hausse de stats +1&nbsp;et PV +4&nbsp;pour chaque ennemi tué.,"Wahnsinn. Erhält einen Bonus auf alle Attribute und heilt sich um 4&nbsp;LP, wenn es etwas tötet.",Follia. Ottiene +1 a tutte le statistiche e si cura di 4 quando uccide qualcuno.,Insanidade. Obtém +1 em todos os atributos e cura 4 de saúde ao realizar uma baixa.,狂気にゃ。​キルを​取ると​+1全ステータスと​4回復を​得るにゃ。[b][/b]
KEYWORD_ELITE_TWIN_NAME,Elite Buff: Twin,,Ventaja de élite: Gemelo,Bonus d'élite&nbsp;: Jumeau,Elite-Stärkung: Zwilling,Bonus Élite: Gemelli,Reforço de Elite: Gêmeo,エリートバフ:双子
KEYWORD_ELITE_TWIN_DESC,Half health. Comes with a twin.,,La mitad de la salud. Le acompaña su gemelo.,PV divisés par deux. Invoque un jumeau.,Halbe LP. Hat einen Zwilling.,Metà salute. Ha un gemello.,Saúde pela metade. Possui um gêmeo.,体力半分にゃ。​双子と​一緒に​登場にゃ。[b][/b]
KEYWORD_ELITE_HARDY_NAME,Elite Buff: Hardy,,Ventaja de élite: Robustez,Bonus d'élite&nbsp;: Tête dure,Elite-Stärkung: Abgehärtet,Bonus Élite: Tenacia,Reforço de Elite: Resistente,エリートバフ:頑強
KEYWORD_ELITE_HARDY_DESC,Immune to stuns.,,Inmune al aturdimiento.,Immunité aux étourdissements.,Immun gegen Betäubung.,Immune allo Stordimento.,Imune contra atordoamento.,スタン免疫にゃ。
KEYWORD_ELITE_STICKY_NAME,Elite Buff: Sticky,,Ventaja de élite: Viscosidad,Bonus d'élite&nbsp;: Colle,Elite-Stärkung: Klebrig,Bonus Élite: Collante,Reforço de Elite: Grude,エリートバフ:ねばねば
KEYWORD_ELITE_STICKY_DESC,Anything that contacts or attacks this gets Tarred 1.,,Todo aquello que entra en contacto con esta unidad o la ataca sufre 1 de brea.,Tout ce qui touche ou attaque cette unité subit Goudron +1.,"Alle Einheiten, die diese Einheit berühren oder angreifen, erleiden Geteert&nbsp;1.",Qualsiasi cosa tocchi o attacchi questo oggetto subisce Catramatura 1.,Aplica piche 1 em qualquer coisa que ataque ou entre em contato com isto.,接触または​攻撃した​対象に​タール1を​付与するにゃ。[b][/b]
KEYWORD_METAL_NAME,Metal,,Metálico,Métal,Metall,Metallo,Metal,金属
KEYWORD_METAL_DESC,This item is electrically conductive.,,Este objeto conduce la electricidad.,Cet objet est électriquement conducteur.,Dieser Gegenstand leitet Strom.,Quest'oggetto è elettricamente conduttivo.,Este item conduz eletricidade.,この​アイテムは​電気​伝導性が​あるにゃ。[b][/b]
KEYWORD_FRAGILE_NAME,Fragile,,Frágil,Fragile,Zerbrechlich,Fragile,Frágil,壊れやすい
KEYWORD_FRAGILE_DESC,This item breaks when you're downed.,,Este objeto se rompe cuando la unidad está abatida.,Cet objet se brise quand vous êtes mis K.O.,"Dieser Gegenstand geht kaputt, wenn du in Ohnmacht fällst.",Quest'oggetto si rompe quando sei KO.,Este item quebra quando você fica inconsciente.,倒された​時に​この​アイテムは​壊れるにゃ。[b][/b]
KEYWORD_BRITTLE_NAME,Brittle,,Endeble,Cassant,Spröde,Friabile,Quebradiço,脆い
KEYWORD_BRITTLE_DESC,This item has a 25% chance to break when you take damage.,,Este objeto tiene un 25 % de probabilidad de romperse cuando la unidad sufre daño.,Cet objet a 25&nbsp;% de chances de se briser quand vous subissez des dégâts.,"Dieser Gegenstand hat eine 25%ige Wahrscheinlichkeit, kaputtzugehen, wenn du Schaden erleidest.",Quest'oggetto ha un 25% di probabilità di rompersi quando subisci danno.,Este item possui 25% de chance de quebrar quando você sofre dano.,ダメージを​受けた​時、​この​アイテムは​25%の​確率で​壊れるにゃ。[b][/b]
KEYWORD_FLAMMABLE_NAME,Flammable,,Inflamable,Inflammable,Leicht brennbar.,Infiammabile,Inflamável,可燃性
KEYWORD_FLAMMABLE_DESC,This item burns up when hit with fire.,,Este objeto arde cuando lo alcanza el fuego.,Cet objet brûle quand il est touché par le feu.,"Dieser Gegenstand verbrennt, wenn er in Kontakt mit Feuer gerät.",Quest'oggetto brucia se colpito dal fuoco.,Este item queima quando é atingido com fogo.,炎に​当たると​この​アイテムは​燃え​尽きるにゃ。[b][/b]
KEYWORD_CURSED_NAME,Cursed,,Maldito,Malédiction,Verflucht,Maledetto,Maldição,呪われた
KEYWORD_CURSED_DESC,This item cannot be unequipped once equipped.,,Este objeto no se puede quitar una vez equipado.,Cet objet ne peut pas être retiré une fois équipé.,"Dieser Gegenstand kann nicht abgelegt werden, wenn er einmal ausgerüstet worden ist.",Quest'oggetto non può essere rimosso una volta equipaggiato.,"Após ser equipado, este item não pode ser removido.",装備すると​外せなくなる​アイテムにゃ。[b][/b]
KEYWORD_RELOAD_NAME,Reload,,Recarga,Recharge,Nachladen,Ricarica,Recarregamento,リロード
KEYWORD_RELOAD_DESC,This action starts disabled and does not refresh on its own after use. Meet the condition to refresh it.,,Esta acción empieza deshabilitada y no se restaura sola después de usarla. Hay que cumplir ciertas condiciones.,Cette action commence désactivée et ne se recharge pas automatiquement après utilisation. Remplissez la condition pour la réinitialiser.,"Diese Aktion ist zu Anfang deaktiviert und frischt sich nach Benutzen nicht selbst auf. Erfülle ihre jeweilige Bedingung, um sie aufzufrischen.",Quest'azione inizia come disabilitata e non si rigenera automaticamente dopo l'uso. Soddisfa la condizione per riattivarla.,Esta ação inicia desabilitada e não é renovada por si só após ser utilizada. Cumpra a condição para renová-la.,この​アクションは​無効状態で​開始され、​使用後​自動で​回復しないにゃ。​条件を​満たして​リロードするにゃ。[b][/b]
KEYWORD_RELOADB_DESC,This action does not refresh on its own after use. Meet the condition to refresh it.,,Esta acción no se restaura sola después de usarla. Hay que cumplir ciertas condiciones.,Cette action ne se recharge pas automatiquement après utilisation. Remplissez la condition pour la réinitialiser.,"Diese Aktion frischt sich nach Benutzen nicht selbst auf. Erfülle ihre jeweilige Bedingung, um sie aufzufrischen.",Quest'azione non si riattiva automaticamente dopo l'uso. Soddisfa la condizione per riattivarla.,Esta ação não é renovada por si só após ser utilizada. Cumpra a condição para renová-la.,この​アクションは​使用後​自動で​回復しないにゃ。​条件を​満たして​リロードするにゃ。[b][/b]
KEYWORD_FLYING_NAME,Flying,,Volador,Vol,Fliegend,Volo,Voador,飛行
KEYWORD_FLYING_DESC,Ignores tiles and can pass over units and objects.,,Ignora las casillas y sobrevuela las unidades y los objetos.,Ignore les effets de case et survole les unités et les objets.,Ignoriert Feldeffekte und kann über Einheiten und Objekte fliegen.,Ignora le caselle e può sorvolare unità e oggetti.,Ignora espaços e pode passar por cima de unidades e objetos.,タイルを​無視し、​ユニットや​障害物を​飛び越えられるにゃ。[b][/b]




